MW,pI,GRAVY,Aromaticity,Instability
21697.627800000017,5.954646110534668,-0.40105820105820145,0.09523809523809523,29.6089947089947
104349.39270000062,5.910254859924316,-0.24237644584647725,0.0725552050473186,53.43347003154594
69061.12300000017,9.56473903656006,-0.3610606060606054,0.04393939393939394,57.52986363636393
98534.3057000007,8.70073375701904,0.1325167037861925,0.08685968819599109,50.36358574610271
46412.766800000085,9.138409614562988,-0.8977611940298501,0.08208955223880597,61.42164179104493
54365.55150000008,6.379062843322754,-0.16871165644171815,0.06952965235173825,44.861145194274044
35421.5966,9.150336265563965,-0.1375384615384615,0.08307692307692308,37.608307692307676
10921.434299999988,9.61966609954834,-0.3111111111111111,0.06060606060606061,38.59797979797979
132953.2845000006,8.464005851745608,0.11403654485049806,0.0830564784053156,43.975996677741136
21544.5947,10.581212043762207,-0.42341463414634156,0.03902439024390244,77.23365853658534
196040.79549999995,6.270841407775879,-0.009491137793024858,0.07204116638078903,48.820594625500625
39866.37610000008,8.834054374694826,-0.25954415954415966,0.08547008547008547,44.357264957264945
74389.25740000025,6.471880912780762,-0.4871559633027516,0.0856269113149847,44.47431192660559
171225.83530000068,6.138008689880371,-0.4650158730158753,0.06222222222222222,53.982565079365486
36843.87990000002,8.405468559265142,-0.5736842105263161,0.07120743034055728,54.71300309597521
54785.687600000085,9.096827507019043,-0.722381930184804,0.07186858316221767,44.29466119096512
71576.72590000022,8.359760475158694,-0.7454113924050628,0.07278481012658228,52.50205696202552
58563.02360000009,9.222025108337402,-0.7207843137254893,0.08627450980392157,45.44158823529416
46197.738300000055,8.843789100646973,-0.7368550368550366,0.08108108108108109,47.599262899262904
59612.18120000009,8.678750038146973,-0.9789575289575274,0.07915057915057916,42.58899613899621
29232.979200000012,8.290714836120607,-0.2384615384615385,0.09615384615384616,45.409230769230774
38946.31410000004,4.946549797058105,-0.16115702479338836,0.07713498622589532,33.09782369146005
38478.317899999995,6.874641990661622,-0.5344729344729344,0.05982905982905983,51.129059829059806
34905.320900000035,6.5344038009643555,0.32716049382716034,0.08333333333333333,37.865123456790116
20030.752399999987,7.510954475402833,0.1,0.09278350515463918,45.2917525773196
65732.54520000014,9.29139308929443,-0.9302608695652161,0.08521739130434781,44.13880000000006
42509.01420000004,9.813135719299318,-0.028647214854111352,0.09549071618037136,45.85888594164456
366615.3598000043,7.027538871765136,-0.38124812481248493,0.07140714071407141,41.209528952895525
30241.13580000002,6.981101417541503,-0.29242424242424253,0.11363636363636363,37.573484848484846
44771.98640000005,9.817068290710449,0.36902439024390293,0.10243902439024391,46.14343902439024
47463.20210000004,6.082306480407714,-0.18222748815165893,0.06635071090047394,41.522535545023715
31179.550600000053,9.630174446105958,-0.8718749999999997,0.048611111111111105,79.59166666666668
65307.846500000116,4.99810276031494,0.0748726655348047,0.05602716468590832,43.30628183361637
226370.84609999994,6.951033592224121,-0.40648379052369094,0.07780548628428928,42.97846882793055
63105.35400000013,7.957800102233887,-0.7427797833935008,0.09386281588447654,39.22166064981954
34005.679599999974,5.8514833450317365,0.023364485981308417,0.06230529595015576,35.635233644859824
54007.2627000001,6.443631935119628,-0.3923679060665358,0.05283757338551859,59.13974559686907
83540.95480000034,5.467251777648925,-0.28825910931174087,0.07017543859649122,58.50323886639696
71870.21260000025,9.117844200134279,-0.7751196172248794,0.09250398724082934,56.55119617224898
37609.785900000075,4.9397291183471665,-0.5245664739884396,0.04335260115606937,57.908381502890165
55366.323000000055,7.77741756439209,-0.5588957055214723,0.08997955010224949,43.38752556237224
92239.4536000004,6.491888236999511,-0.4635922330097089,0.0703883495145631,54.01723300970896
24347.29899999999,8.108075904846192,-0.3773333333333334,0.06666666666666667,42.62222222222221
29450.040600000044,10.382842826843262,-0.6204000000000001,0.088,49.92399999999998
126603.97560000069,6.213490867614746,-0.40477876106194577,0.08938053097345133,42.38885840707989
23399.30610000001,5.736384391784668,-0.5490196078431375,0.09313725490196079,43.228921568627435
57506.152400000195,8.505587959289553,-0.5353591160220998,0.07918968692449356,75.68968692449384
74174.64820000042,8.787637138366701,0.03170370370370375,0.10814814814814815,34.84979259259264
42199.866600000074,5.394441032409667,-0.3228571428571429,0.07012987012987013,41.01662337662338
68836.76520000023,9.005927085876465,-0.8008347245409004,0.08681135225375627,50.535392320534335
13711.472199999987,8.584303855895996,-0.39435483870967736,0.07258064516129031,30.912096774193532
19108.204899999982,4.969001197814941,-0.32931034482758625,0.08045977011494253,42.261494252873554
115833.86940000077,6.099869728088377,-0.12913461538461501,0.09807692307692309,44.390576923077134
26349.85800000002,8.85216999053955,-0.2294117647058826,0.11344537815126049,40.72436974789917
46381.53120000009,4.66400318145752,-0.4002415458937195,0.09178743961352656,48.391570048309184
90851.02350000052,7.540112876892091,-0.13877038895859495,0.08030112923462987,45.587327478042766
51753.57970000007,8.396571922302247,-0.2046709129511677,0.09766454352441614,43.400212314225044
28160.076000000026,9.561837959289551,-0.2944664031620556,0.06719367588932806,48.122529644268766
50364.12520000006,8.21290149688721,-0.35876993166287047,0.10022779043280182,53.72510250569483
63467.246700000134,8.645742225646973,-0.7183928571428554,0.06607142857142857,46.150535714285816
86395.84790000042,8.705568885803224,-0.02858958068615014,0.0940279542566709,46.985540025413115
34236.964600000036,7.945357704162598,-0.543962848297214,0.04643962848297213,52.66656346749227
17001.13199999999,10.075908851623534,-0.6220779220779226,0.03896103896103896,60.51558441558441
26316.125800000023,7.712221336364746,-0.07088607594936712,0.08016877637130801,34.79957805907171
74697.66350000034,9.878571128845213,-0.09319526627218938,0.09171597633136094,41.24112426035515
36223.165199999996,9.867998313903808,0.19879518072289132,0.11144578313253012,33.41662650602411
65130.16280000009,9.234016227722169,-0.7447024673439755,0.014513788098693758,24.54804063860666
54547.59060000014,5.637143516540527,-0.1296146044624749,0.08924949290060852,34.96328600405679
50501.45910000011,9.18095874786377,-0.7524886877828049,0.08597285067873303,49.414954751131276
49864.305700000106,9.10572414398193,-0.8656750572082377,0.08466819221967964,49.73867276887874
7308.399399999998,9.454820442199708,-0.09206349206349199,0.14285714285714285,41.81587301587302
26261.464599999992,10.167840766906735,0.009090909090908948,0.09090909090909091,51.65123966942149
35713.86510000006,8.127223014831543,0.01090342679127717,0.09034267912772585,48.54267912772585
98180.19330000074,8.230179023742679,0.16891428571428535,0.1017142857142857,43.81189714285728
15521.439799999986,4.271984672546388,-0.2366197183098595,0.06338028169014084,69.6507042253521
76118.23420000025,5.76230297088623,0.037199434229137324,0.06506364922206506,46.4431683168318
64643.07650000013,8.673141288757325,0.2937500000000005,0.10135135135135136,52.247668918919054
29282.176400000037,9.63056125640869,-0.14022988505747125,0.04597701149425287,59.54750957854403
23640.366600000012,9.9476167678833,-0.45291262135922344,0.0825242718446602,53.016504854368925
75046.1322000003,8.728584098815915,-0.6159332321699531,0.09104704097116845,49.39151745068306
67187.55140000021,8.329718208312986,-0.5957912457912452,0.08249158249158249,50.21228956228973
70585.92470000022,7.359876441955566,-0.7113237639553409,0.0733652312599681,55.5103668261565
25176.508100000006,9.287911796569823,-0.7598214285714288,0.07142857142857144,28.987500000000004
65621.35380000016,9.199332237243652,-0.9109565217391288,0.08347826086956521,46.28140869565223
36908.267400000055,8.884533119201663,-0.44184615384615444,0.07076923076923078,48.11049230769228
25254.086000000003,8.681457710266113,-0.9692307692307703,0.027149321266968326,63.408597285067856
46268.272500000094,5.569732475280761,-0.31059113300492663,0.07389162561576354,37.58522167487685
17161.54689999999,9.20371608734131,0.004294478527607485,0.04294478527607362,42.89509202453987
63664.314200000124,6.546055793762207,-0.5683274021352305,0.08540925266903915,51.00304270462649
22326.2468,6.093390083312986,0.1256038647342996,0.12077294685990336,26.10729468599033
119231.64930000069,6.190584754943848,-0.4900190114068438,0.0779467680608365,52.50391634981014
79578.8225000003,7.378746986389159,-0.45836909871244536,0.10157367668097282,53.0984549356226
33534.564400000054,9.546043205261231,-0.4818493150684933,0.08561643835616439,64.67229452054791
28535.574099999994,5.84051342010498,-0.12355212355212354,0.06177606177606178,37.97799227799227
85949.61350000041,7.8663839340209964,-0.17496807151979596,0.06130268199233717,40.268084291187904
29469.311100000054,9.237497520446777,0.02238267148014439,0.07220216606498195,49.93826714801444
27030.294000000024,9.477900123596193,0.3857142857142852,0.1470588235294118,30.37352941176471
28080.71080000002,9.065882682800293,0.07626459143968874,0.06614785992217899,49.05642023346304
98593.61660000062,10.030265235900881,-0.6788876276958001,0.056753688989784334,54.0013734392738
42272.99680000009,9.723524665832517,0.23899204244031905,0.11936339522546419,50.945915119363384
56547.178800000096,6.762726020812988,-0.5092156862745095,0.08039215686274509,55.175705882353064
23523.08789999997,11.114494514465331,-0.33574660633484216,0.03167420814479638,73.5941176470588
101184.25600000069,8.61421718597412,-0.46539717083786725,0.062023939064200215,67.879542981502
31282.115699999995,9.61973056793213,0.1477351916376307,0.08710801393728224,35.410139372822286
95031.18150000047,5.396828269958497,-0.7306763285024152,0.07608695652173914,54.28285024154612
70886.32700000028,7.0096345901489245,-0.4858490566037736,0.0738993710691824,54.22501572327056
39095.24200000003,6.166200828552246,-0.25558739255014346,0.10315186246418337,51.42578796561603
31283.684999999983,4.846058464050292,-0.5516605166051662,0.1070110701107011,55.921070110701116
110748.6671000007,5.597072029113768,-0.7864615384615403,0.038974358974358976,51.63292307692334
36981.57340000001,7.4928796768188475,-0.6685552407932015,0.056657223796033995,48.68328611898016
35791.38630000005,7.17037525177002,-0.8588235294117644,0.05572755417956657,55.67058823529411
70465.97410000028,4.95757656097412,-0.023564954682779523,0.05740181268882175,49.12750755287026
34481.71500000001,8.278530311584475,0.8765273311897114,0.14469453376205788,44.46726688102894
160014.62940000024,6.079464530944824,-0.3981519507186865,0.06707734428473648,45.354024640657386
48235.26010000004,6.288404655456543,-0.49221698113207496,0.06367924528301887,57.3969339622642
66573.19180000026,9.213386344909669,-0.5341750841750844,0.10606060606060605,49.16028619528629
19174.57750000001,4.60631160736084,-1.146745562130177,0.047337278106508875,88.07751479289944
72739.16430000034,6.407652854919434,-0.30123647604327647,0.09273570324574962,43.55318392581153
34773.37620000003,9.146210289001466,-0.26717791411042946,0.06748466257668712,64.26352760736197
42340.81420000005,9.328655815124513,-0.3592207792207791,0.08831168831168831,46.256883116883124
15138.54659999998,11.415884208679199,-0.5343750000000003,0.078125,68.3765625
82431.1998000004,6.804843711853027,-0.39554054054054005,0.07972972972972973,29.530945945945966
75475.02810000024,9.412400245666507,-0.13019726858877087,0.1047040971168437,34.52629742033386
124566.52870000068,5.1196813583374015,-0.33281958295557457,0.10426110607434269,35.00056210335465
23818.166799999985,4.760515785217284,-0.49327354260089684,0.08071748878923768,42.56372197309416
51918.579900000084,9.337294578552246,-0.727876106194689,0.08628318584070796,59.9112831858408
44897.89170000005,9.799403953552243,-0.5982499999999995,0.04750000000000001,57.71500000000006
73261.30900000034,9.498916816711429,-0.44887218045112653,0.039097744360902256,54.34213533834601
126144.64440000069,6.296759986877441,-0.7179856115107892,0.0656474820143885,51.96117805755428
71329.60810000039,8.79331035614014,-0.12102009273570341,0.09428129829984544,54.293122102009434
52945.31870000012,8.988198280334473,-0.4053533190578153,0.09421841541755889,48.613062098501096
69236.07690000026,9.649450492858886,-0.8980165289256182,0.07107438016528926,44.5010082644629
70528.62930000028,9.5969087600708,-0.8741830065359458,0.07679738562091504,44.682532679738664
42802.12350000003,5.830623435974121,-0.30693069306930715,0.04455445544554455,57.84108910891091
73450.5020000003,8.560321617126466,-0.13496183206106865,0.09770992366412214,47.84876335877872
70535.7385000003,8.243201637268069,-0.13396825396825407,0.10158730158730159,51.93514285714294
38792.3747,4.812125587463378,-0.10833333333333336,0.07471264367816091,40.54827586206897
84455.7728000004,7.350498008728027,-0.387798408488063,0.06631299734748011,49.831445623342326
54781.04410000007,8.527249336242676,-0.8744282744282731,0.08108108108108109,38.39480249480252
48367.56990000003,6.3076162338256845,-0.12344827586206907,0.11954022988505747,38.1915632183908
91808.9613000004,6.978202629089356,-0.5924129353233821,0.0808457711442786,42.90199004975135
54793.80820000006,5.410071754455566,-0.07426326129666015,0.05304518664047151,42.38565815324166
57820.78110000008,6.846279335021973,0.019245283018868006,0.04150943396226415,30.94926415094339
45790.563200000106,10.225862312316895,-0.7031249999999999,0.06971153846153846,59.38365384615395
22006.1232,6.200076866149902,-0.4212435233160624,0.07253886010362694,61.09378238341969
21767.89649999999,5.827724647521973,-0.367875647668394,0.07253886010362694,51.72901554404145
22123.150000000005,5.101890754699705,-0.2596938775510204,0.07653061224489796,46.34489795918366
41108.955500000055,8.87163944244385,0.4747252747252751,0.11263736263736263,41.6020054945055
55196.50460000004,9.089800453186037,-0.617078189300411,0.09876543209876543,35.968724279835406
50594.261700000076,5.2505815505981435,-0.3686991869918683,0.06097560975609756,59.434959349593704
46454.30310000002,9.659700965881349,-1.0594594594594577,0.049140049140049144,66.53390663390678
34371.6118,8.506039237976076,0.8622580645161294,0.12903225806451613,40.906193548387094
54488.75899999997,8.952482795715333,0.2315789473684206,0.1705263157894737,29.938357894736853
66840.33500000017,8.58120937347412,0.5079734219269116,0.11627906976744187,38.61694352159471
104045.89310000069,8.909288978576662,-0.5887185104052559,0.08214676889375686,41.36715224534516
41144.47030000004,9.126289558410647,-0.8143617021276587,0.06914893617021277,58.83484042553198
35832.37949999999,8.334166526794434,0.6574468085106395,0.0972644376899696,53.89635258358662
13663.51579999999,10.269056129455567,-0.6365853658536585,0.06504065040650406,65.34959349593495
76630.92850000029,5.6207170486450195,-0.23492063492063478,0.08802308802308803,32.492784992785005
108435.96530000109,5.180669593811035,-0.7379482071713154,0.06872509960159362,57.70328685258999
36174.20200000003,7.613150978088379,0.11733746130030911,0.11455108359133127,39.39164086687307
22183.740400000013,10.349512672424314,-0.5683673469387757,0.0663265306122449,54.993877551020404
20916.722999999998,9.36179256439209,-0.5811111111111111,0.09444444444444444,64.54944444444445
55118.3680000002,9.103596687316895,-0.6334653465346529,0.06336633663366337,49.011089108911
33366.80079999999,6.980476188659668,-0.3395189003436428,0.13745704467353953,35.84745704467354
52545.054700000044,7.207832145690918,-0.2658747300215984,0.09719222462203023,39.741274298056155
15859.620299999993,11.324016761779784,-0.7674074074074078,0.05925925925925926,47.38592592592593
52290.02200000007,9.527992057800294,0.14519650655021796,0.13755458515283844,40.92189956331877
67958.39460000019,9.214353370666505,-0.8504201680672246,0.07899159663865546,53.0139495798321
52877.84010000004,5.657776069641113,-0.2760000000000005,0.09052631578947368,37.37031578947368
242980.90230000007,6.016827964782714,-0.08044943820224705,0.06921348314606741,38.031065168539634
52448.49080000007,7.980170631408692,-0.7744541484716145,0.09388646288209608,45.669235807860275
34359.75489999999,8.80968532562256,0.1969230769230768,0.055384615384615386,35.38403076923077
21749.98620000001,9.624565696716306,-0.183068783068783,0.12169312169312169,56.04089947089947
55864.773800000105,8.698606300354005,-0.8274193548387084,0.04435483870967742,57.66451612903239
55728.49520000008,8.323529243469238,-0.8689516129032242,0.046370967741935484,62.465725806451786
23566.526500000025,6.659392738342286,-0.6208737864077672,0.08252427184466019,39.8757281553398
23408.27230000002,6.242194557189941,-0.6242718446601943,0.08252427184466019,47.671844660194175
48206.702300000085,5.019587898254394,-0.8441860465116274,0.07441860465116279,63.747930232558275
64341.7557000002,7.547956657409668,0.6270134228187937,0.10570469798657718,38.96429530201344
161675.01310000074,5.384039497375488,-0.6737550471063259,0.04374158815612382,67.09738223418621
40344.84590000005,9.35083293914795,0.34037433155080216,0.0962566844919786,41.66176470588234
55825.313100000116,8.875249671936036,-0.9052525252525242,0.05050505050505051,59.9466666666668
44874.993100000065,7.864320945739746,-0.0525000000000004,0.10500000000000001,40.650324999999995
164904.40840000013,8.823481559753418,0.18236859614105208,0.08715901530272788,41.450505655356295
67491.07590000016,8.73309688568115,-0.774659863945576,0.08843537414965986,52.70700680272124
61116.45410000017,4.92921390533447,-0.2725952813067148,0.09437386569872958,58.62252268602557
27546.532800000015,5.702678871154785,0.15891472868217,0.05813953488372093,51.628682170542625
171293.23739999993,5.956067085266113,-0.34861952861952766,0.09831649831649832,50.7907878787882
35355.80370000003,6.040302467346191,0.2576687116564416,0.08282208588957056,47.447239263803674
28133.712400000026,9.99925594329834,-0.5136363636363641,0.08677685950413223,62.53185950413224
23277.043400000002,9.967988777160645,-0.019718309859154938,0.04694835680751174,34.334272300469486
11940.38769999999,9.720172309875487,-0.8601851851851854,0.06481481481481481,70.55648148148148
45834.263400000076,9.537468910217285,-0.5691919191919192,0.09848484848484848,54.499520202020214
83192.25980000039,5.153955268859861,-0.8194254445964424,0.06292749658002736,55.041874145007036
81962.83290000039,8.766169166564943,-0.6979423868312735,0.0850480109739369,35.45791495198912
50645.939300000085,9.183021736145019,-0.26329670329670335,0.06373626373626373,37.20373626373627
59023.6145000001,5.602699089050293,-0.2986641221374045,0.09541984732824427,49.307843511450486
50661.48260000008,5.486690711975096,-0.3980891719745219,0.07006369426751592,64.8418471337581
85721.99830000049,6.0435991287231445,0.3652564102564117,0.08974358974358976,39.292320512820595
35350.50440000001,9.136797904968265,-0.4813725490196078,0.09803921568627451,50.095098039215685
36222.97820000002,4.996738624572752,-0.13250773993808054,0.08668730650154799,65.46226006191954
51262.60220000013,6.480634117126464,-0.8054466230936806,0.06971677559912853,64.56189542483676
80472.92350000047,5.873366355895995,-0.37464387464387394,0.1396011396011396,31.78931623931626
53742.41030000011,9.096182823181152,0.5170634920634922,0.10119047619047619,42.213353174603164
25248.96489999999,5.177941322326659,-0.03333333333333334,0.07894736842105263,47.12149122807018
40853.69160000008,9.053117942810058,-0.6152406417112298,0.05080213903743316,63.39574866310164
26132.079200000022,9.063690757751463,-0.36359649122807075,0.043859649122807015,50.62587719298243
48840.233100000056,10.070622444152832,-0.055676855895196505,0.05021834061135371,43.110480349344975
36778.158900000024,9.10572414398193,0.6783382789317502,0.10979228486646883,17.67451038575667
50684.75580000008,6.3464372634887685,-0.3011061946902657,0.06858407079646017,49.018606194690285
37087.46450000007,6.349165534973144,-0.25313432835820926,0.07164179104477611,53.344179104477625
56629.14010000007,6.81308536529541,-0.1976878612716763,0.07514450867052024,24.491907514450862
46316.19880000004,5.899682807922363,0.8011160714285736,0.07589285714285715,43.84308035714283
45776.61030000001,6.734136009216309,0.8087640449438223,0.07415730337078652,45.83820224719099
78909.3437000003,8.80974979400635,-0.12233285917496446,0.08108108108108109,43.93260312944536
40632.680800000126,6.262997627258301,-0.10967741935483893,0.08602150537634409,40.64249999999999
61172.22350000019,9.782642173767087,-0.47150635208711345,0.05626134301270417,51.891470054446565
31704.754600000022,6.554070091247559,-0.4734767025089613,0.08243727598566308,50.00071684587814
30242.908300000057,10.087190818786617,-0.4644194756554311,0.06367041198501873,42.09812734082397
62700.76620000023,8.608157157897953,-0.24237288135593205,0.06271186440677966,58.68679661016969
79143.54580000046,5.104505348205565,-0.3317211948790889,0.10668563300142248,36.50385490753921
79999.54170000045,5.060000419616698,-0.025517241379310412,0.09931034482758622,55.171737931034706
35723.58750000002,7.967792701721191,-0.21572327044025175,0.08805031446540881,40.26823899371067
24422.80320000001,7.00952091217041,-0.26574074074074094,0.10185185185185185,23.178703703703693
46359.5414000001,8.849333381652833,0.5048951048951049,0.13286713286713286,43.106060606060595
10377.802699999993,6.7140718460083,-0.6370786516853935,0.0898876404494382,39.38089887640448
43995.36240000004,9.037516593933105,0.34791666666666665,0.13802083333333334,28.70786458333333
107111.71170000033,5.416665077209472,-0.6544195953141633,0.06389776357827476,46.37390841320573
24417.699599999993,6.440051078796387,-0.07533039647577104,0.08370044052863435,49.91982378854625
54643.45600000021,5.309580421447753,-0.3458333333333339,0.06349206349206349,48.634543650793724
37533.38820000004,7.656462287902833,-0.6617021276595743,0.05775075987841945,44.48662613981762
100377.59540000057,5.242510414123534,-0.44564732142857094,0.06473214285714285,51.07366071428598
18419.202799999992,9.456432151794434,-1.0454545454545452,0.045454545454545456,66.71534090909091
53053.837100000026,6.520932960510254,0.1096153846153845,0.1111111111111111,38.20923076923078
225277.60549999948,5.945153999328612,0.01040404040404044,0.11515151515151516,40.805570707071034
61376.6885000002,8.044445610046388,-0.37243243243243224,0.07387387387387387,42.330828828828906
99541.23500000068,8.79028034210205,-0.3587458745874583,0.05940594059405941,42.56744774477472
41359.82710000008,5.779411506652831,-0.24262295081967206,0.09289617486338798,53.25655737704918
9278.7293,8.005248832702637,-0.041666666666666824,0.10714285714285715,48.23333333333332
38036.22990000002,9.681104469299317,0.13462686567164187,0.11940298507462686,38.32865671641791
41739.63730000011,4.798995780944825,-0.25160427807486635,0.08556149732620322,44.76901069518715
39645.749500000056,8.548072624206544,-0.37932011331444787,0.0906515580736544,50.661473087818706
21514.11430000001,11.29281406402588,-0.376595744680851,0.09042553191489361,46.091489361702116
29081.81790000002,8.848044013977052,-0.0695167286245353,0.08550185873605948,40.063568773234195
68402.8856000002,8.177443885803225,-0.7106666666666646,0.07833333333333334,54.31533333333351
88346.74170000061,5.018792152404784,-0.36379100850546686,0.053462940461725394,48.96611178614843
215402.50130000061,8.700282478332518,-0.561832884097036,0.07601078167115903,46.79834501347746
119095.76940000079,8.937010383605962,-0.49750719079577965,0.07766059443911794,47.39387344199448
39202.00550000006,9.482348442077637,0.24807692307692303,0.1043956043956044,45.29450549450548
37578.388000000064,6.096232032775878,-0.3763473053892219,0.09880239520958084,39.859880239520955
67454.05780000027,6.75073299407959,-0.5462171052631567,0.07401315789473684,42.66220394736848
21445.421999999984,5.503799247741698,-0.17010309278350527,0.0979381443298969,32.80721649484534
104750.51150000068,6.149433326721191,-0.24651661307609773,0.08145766345123259,43.38274383708481
24541.273000000016,6.958763694763183,-0.13529411764705868,0.08144796380090498,43.18597285067873
26209.644800000024,10.478127098083494,0.5411522633744859,0.06995884773662552,49.80123456790122
22814.38820000003,9.912739372253416,-0.05024390243902438,0.06341463414634146,43.979024390243914
10758.313999999993,10.732712745666507,-0.6813186813186813,0.07692307692307693,59.723076923076924
106488.02970000073,6.007165336608886,-0.28592283628779885,0.06360792492179354,39.77082377476559
107339.15370000059,5.868250846862792,-0.16365482233502482,0.05786802030456853,45.761228426396166
19014.896000000008,9.484991645812986,-0.1586826347305389,0.10778443113772455,42.12520958083831
22345.396199999996,5.937026023864747,0.09571428571428552,0.0761904761904762,33.0647619047619
29395.22490000001,9.469325828552247,-0.695736434108527,0.0813953488372093,66.92329457364342
25383.530799999997,10.026719474792483,-1.0283783783783778,0.05855855855855856,75.84459459459457
52645.2245000001,5.937537574768067,-0.1410416666666669,0.07708333333333334,45.67416666666668
54844.414100000075,6.869867515563965,-0.3151767151767155,0.09563409563409564,46.09359667359669
22843.289700000016,9.79618053436279,-0.16069651741293522,0.0845771144278607,42.38114427860695
34061.3133,9.91944408416748,0.11656050955414012,0.1019108280254777,22.223885350318472
43442.330500000084,7.607808113098145,0.47135416666666724,0.14322916666666666,46.526406249999994
41453.75759999996,5.515167045593261,-0.6973045822102427,0.09433962264150944,51.279784366576806
49716.07450000007,6.237704277038574,-0.6426267281105987,0.07142857142857142,38.44239631336403
55755.60440000014,5.887235069274902,-0.6178053830227737,0.07453416149068323,48.65672877846794
75746.33950000038,8.58275661468506,-0.7656108597285043,0.06184012066365008,51.04494720965321
89419.5381000005,6.905164527893067,-0.6311028500619562,0.07558859975216853,42.26443618339544
75762.5960000003,9.357731056213382,-0.8278688524590146,0.07451564828614009,45.88897168405384
46788.38550000005,6.322849082946779,-0.13254156769596193,0.08788598574821853,41.45444180522563
46276.802,6.902379417419434,-0.15938242280285042,0.0831353919239905,38.09052256532066
25357.444899999973,4.799564170837402,0.03430962343096235,0.08368200836820083,30.217154811715474
54276.36360000009,6.749596214294434,-1.1055319148936154,0.07872340425531915,51.553829787234136
19197.816,9.473774147033694,-0.6174698795180728,0.10240963855421686,44.76385542168674
23629.82670000002,10.089189338684083,-0.7776699029126217,0.05339805825242719,54.169417475728125
37894.635300000016,8.85977725982666,-0.031142857142857094,0.028571428571428567,32.257428571428555
86635.53760000029,6.1057241439819325,-0.6144486692015205,0.06844106463878327,52.41356147021572
66945.82590000023,8.65824909210205,-0.33406408094435086,0.1045531197301855,50.429713322091146
99710.50520000061,6.007506370544433,-0.055054945054945355,0.05714285714285714,54.57145054945083
67722.14560000028,8.7505033493042,-0.516207455429497,0.05348460291734198,58.22902755267445
33331.003899999996,9.638039588928223,-0.21033333333333346,0.08333333333333334,45.103999999999985
106872.67270000055,5.736498069763184,-0.35900423728813474,0.1069915254237288,42.292796610169695
42154.98130000006,8.71246700286865,0.5689295039164496,0.12793733681462144,31.775013054830286
41963.64409999997,9.431031608581542,-0.3505025125628143,0.06281407035175879,67.62236180904536
43214.73340000008,6.753404426574707,-0.40595854922279784,0.08290155440414508,42.98989637305699
41306.935400000024,9.976176261901855,0.605808080808081,0.08838383838383837,26.500757575757564
75992.66110000033,5.987726402282715,0.370783132530122,0.13102409638554216,48.81977409638567
15128.180099999994,11.150596809387206,-0.8843750000000004,0.0625,70.71328125000002
34020.819000000025,6.605452537536622,0.4280528052805279,0.12871287128712872,49.995379537953795
45754.338700000044,9.197204780578613,-0.7768656716417902,0.07711442786069651,44.73731343283583
58023.50410000008,6.235317039489746,-0.09661016949152583,0.03954802259887005,31.39079096045196
73132.32400000034,9.343419075012207,0.1653188180404352,0.1275272161741835,43.116345256609726
267289.5801000004,4.972070503234862,-0.9687261955141789,0.022005924672027083,57.209564113415546
32805.261800000015,6.315914726257325,-0.3937500000000005,0.06944444444444445,28.11319444444443
158998.64640000073,7.3326505661010755,-0.6021171489061402,0.07057163020465773,44.56839096683163
130927.17060000027,5.0452791213989245,-0.8626079447323014,0.07944732297063903,51.070215889464976
20107.7367,10.303288841247557,-0.6428571428571431,0.08,50.266285714285715
29965.09870000002,7.576774024963379,-0.0776173285198556,0.07220216606498195,24.464259927797816
42875.226300000024,9.222734260559083,-0.5327272727272728,0.07012987012987013,45.45301298701298
58025.33180000012,6.250890922546388,-0.25019157088122657,0.10727969348659004,35.37113026819923
15849.565499999993,9.631850624084471,-0.2140845070422534,0.0704225352112676,38.19014084507041
58252.25510000014,6.450111579895019,-0.15961904761904777,0.07428571428571429,36.27466666666665
48626.379000000066,9.224668312072755,-0.8654846335697395,0.08747044917257683,45.11749408983453
67497.14660000018,5.092625999450683,-0.4746365105008081,0.045234248788368334,57.11680129240733
28803.583100000018,6.6740003585815435,-0.49763779527559093,0.0826771653543307,45.276417322834625
28776.508100000006,6.194449806213378,-0.4850393700787405,0.0826771653543307,50.693740157480285
19016.33900000001,5.114395332336425,-0.6596385542168677,0.06626506024096385,79.02168674698794
62040.52840000027,6.826101493835449,0.0718867924528302,0.10566037735849057,53.59718867924539
35116.95350000004,6.232020378112793,-0.22539682539682548,0.10793650793650794,46.81177777777778
47696.76460000001,11.065434074401853,-0.6107728337236533,0.05152224824355972,43.949180327868845
19340.456400000003,9.321499824523926,0.059770114942528756,0.08620689655172414,49.244252873563205
74502.63410000032,6.2833459854125975,0.19883040935672577,0.08333333333333333,48.31273391812881
75591.22570000036,8.02420253753662,0.1626843657817107,0.10176991150442478,37.42935103244843
41966.320000000036,9.451661491394042,0.5736559139784948,0.11290322580645161,46.597096774193545
30988.668,4.828438377380371,-0.2076363636363638,0.11636363636363636,52.09163636363637
10179.616599999994,5.323449134826659,-0.2888888888888888,0.06666666666666667,30.659999999999993
82355.66500000037,6.00290241241455,-0.17073825503355713,0.09395973154362416,44.995449664429685
50524.731000000145,5.577462577819824,-0.5039823008849559,0.05309734513274336,63.3469026548674
254299.12120000055,6.426068687438964,-0.07355152587350729,0.10039805395842548,40.0552543122516
28671.596300000027,5.877856636047363,-0.2820000000000001,0.132,59.87644
38608.306300000055,5.9257719039916985,-0.4712166172106821,0.0771513353115727,54.722848664688435
57710.22020000016,7.137977027893067,-0.6700772200772209,0.08687258687258687,61.75870656370672
117803.40150000075,6.123855781555174,-0.32178502879078597,0.07869481765834932,41.95931861804241
39572.74720000004,10.225411033630369,0.3451086956521754,0.10326086956521739,55.37092391304348
31324.064600000052,10.250295829772949,-0.23344709897610966,0.07167235494880546,19.436860068259374
986653.0620999839,9.054213905334471,-0.8071202346040895,0.09161290322580645,36.43174310850291
25190.190100000014,4.571526145935059,-0.9100436681222711,0.06986899563318777,57.8611790393013
38793.91970000007,7.1329751968383786,-0.313450292397661,0.1023391812865497,45.752923976608166
34808.119800000044,8.299224662780762,0.8426282051282061,0.11217948717948718,36.59301282051282
49030.29790000001,5.508289527893066,-0.3114416475972543,0.09153318077803205,27.82196796338672
34276.42290000004,5.720014762878418,-0.5089108910891096,0.0924092409240924,31.206270627062704
81680.07910000035,4.553451347351075,-0.5512717536813917,0.05622489959839358,53.88327978581017
99057.52520000067,9.203522682189941,-0.7570338058887677,0.03053435114503817,62.42290076335911
304812.34080000146,7.266887855529785,-0.608483290488436,0.05986044803525523,49.11241278002239
13801.751899999994,6.42515926361084,-0.17460317460317465,0.05555555555555555,38.999206349206325
38906.476100000065,5.634017372131347,-0.3700879765395898,0.09090909090909091,30.361906158357776
35196.795999999966,4.24203052520752,-0.55375,0.084375,64.14253125000002
199523.92070000013,4.822981834411621,-0.7996715927750441,0.04159824849480022,57.95332785987994
69507.9608000003,7.863934135437012,-0.6630718954248355,0.06372549019607844,50.22485294117665
44049.05960000003,8.116650199890138,-0.4257294429708222,0.09549071618037136,52.967639257294415
35210.957100000036,5.892407417297362,-0.05131964809384165,0.0469208211143695,81.0565982404694
33240.39269999998,5.352778053283691,-0.6666666666666676,0.08653846153846155,52.33272435897432
37186.43500000003,5.843071174621582,-0.2428134556574923,0.10397553516819572,39.14070336391437
564561.0630000021,5.729279518127441,-0.32430038252466864,0.090396617676666,45.134930541573574
217950.66890000075,6.317960929870606,-0.6666666666666675,0.07157784743991641,55.68303030303063
124072.1726000006,4.871920204162596,-0.92517793594306,0.03914590747330961,64.68879003558764
18430.510899999997,10.314377403259275,-0.606962025316456,0.0949367088607595,41.84113924050634
23693.429099999998,9.478480339050293,-0.7552511415525127,0.0547945205479452,32.45570776255706
67313.58440000015,8.627562141418458,-0.190984974958264,0.07679465776293823,33.98814691151917
36204.74699999999,6.599995994567872,-0.49941520467836253,0.06725146198830409,76.37017543859666
34469.80899999998,9.416590690612793,0.16191950464396287,0.06501547987616099,33.65235294117647
22625.08650000002,8.721557044982909,-0.32233502538071085,0.07106598984771573,41.1248730964467
45158.155000000086,5.6328237533569325,-0.33341584158415855,0.06683168316831684,45.62626237623762
11867.534199999987,5.341637611389159,-0.07363636363636368,0.01818181818181818,43.4781818181818
36549.51990000006,9.685101509094238,0.662578616352202,0.1320754716981132,35.8745283018868
109683.60910000053,6.1177171707153315,-0.8097611630321914,0.04361370716510903,40.95254413291808
36983.38500000005,6.123685264587402,-0.25046439628482986,0.1021671826625387,43.48300309597523
189220.8420000004,7.8663839340209964,-0.5851742468989958,0.06556408741878322,48.758783225044674
121003.58890000082,5.316628456115722,-0.5405381944444427,0.018229166666666668,57.14114583333373
109493.57480000066,5.8601797103881825,-0.8111807732497389,0.04075235109717868,47.95757575757592
26970.635800000022,6.581295967102051,0.8529411764705889,0.15966386554621848,48.67109243697479
64247.103500000194,5.796576881408691,0.09945750452079542,0.13200723327305608,44.40092224231471
335923.3461000017,5.952599906921387,-0.8151151151151153,0.06439773106439774,57.23648314981669
290515.69750000007,6.044053840637207,-0.6741573033707897,0.060441689267725696,54.76652847733479
61813.04570000019,6.373322105407715,-0.674331550802138,0.058823529411764705,53.91194295900191
44172.48380000005,7.094097328186035,-0.436503856041131,0.056555269922879174,28.711053984575834
30188.494100000007,5.15998020172119,0.04332129963898917,0.06498194945848376,38.012635379061365
36842.06369999999,6.539632987976075,-0.09822485207100584,0.07692307692307693,24.407396449704148
39248.34250000004,9.678654670715332,0.19164345403899702,0.09749303621169916,39.275208913649
129302.09280000039,7.669307899475098,0.000784655623365346,0.09938971229293811,39.739424585876414
10137.744099999996,6.268283653259277,-0.27777777777777773,0.022222222222222223,41.188888888888876
32943.33950000003,9.477190971374515,0.12724252491694357,0.11627906976744186,27.852159468438533
68761.01010000033,6.399468040466309,-0.48642172523961613,0.06389776357827476,46.45223642172533
87974.00470000062,4.355879020690918,-0.6287621359223295,0.05703883495145631,77.52379854368976
34910.33450000004,6.066277885437012,-0.7521739130434779,0.07453416149068323,58.60251552795029
53290.31030000017,6.869640159606934,-0.9744725738396636,0.037974683544303806,74.54831223628715
40955.61650000008,8.900069999694825,0.4940414507772029,0.09067357512953367,43.03862694300518
16690.544599999976,6.795863151550292,0.7651315789473682,0.11842105263157894,40.86513157894735
59755.42730000008,6.897604942321778,-0.5855787476280825,0.11195445920303605,30.152998102466775
98280.00450000062,7.832151222229005,-0.15154994259471816,0.10677382319173363,43.23308840413337
37123.80150000003,9.400086784362792,0.20058823529411748,0.07647058823529411,48.05444117647058
82588.10770000049,5.014983940124511,-0.3194029850746262,0.10854816824966079,40.802184531886176
244504.75030000036,5.727460670471192,-0.327574906367041,0.07771535580524344,44.45511235955091
73010.63140000035,4.288922691345214,-0.8095170454545446,0.03693181818181818,50.2906250000002
35931.66630000005,5.21562557220459,-0.18259493670886093,0.12025316455696203,44.05636075949368
74437.9512000002,8.876216697692872,-0.7785937499999983,0.084375,47.28610937500014
71310.33650000043,6.197462272644043,-0.6414330218068517,0.06697819314641745,55.66775700934604
61013.362100000115,8.879311180114748,-0.7782051282051273,0.06043956043956043,62.5525641025643
136032.63380000056,5.617079353332519,-0.44220779220779216,0.08035714285714285,68.19200487013018
78314.38080000042,5.405467796325683,-0.31479944674965316,0.048409405255878286,60.57053941908744
43959.88350000011,4.657978248596191,-0.3474576271186437,0.03389830508474576,72.33777239709461
90987.80440000059,8.327332878112792,-0.18667496886675006,0.11083437110834371,45.143212951432275
40220.05070000005,8.620019340515139,-0.4735376044568247,0.07520891364902507,59.01869080779946
71275.86750000044,4.984859275817871,-0.593610698365528,0.04606240713224369,66.76701337295717
77099.84160000042,9.60084133148193,-0.14834532374100742,0.09208633093525179,49.36663309352534
124393.56640000085,8.66527614593506,-0.7316964285714297,0.044642857142857144,59.170625000000314
69660.83310000027,6.281299781799317,-0.5709923664122141,0.058015267175572524,61.90137404580171
31749.269700000044,7.1667375564575195,-0.1420863309352516,0.10071942446043167,47.36187050359713
65975.74910000025,7.563360023498537,-0.48048387096774126,0.056451612903225805,62.480967741935764
73789.48870000031,8.9974817276001,-0.019551282051282416,0.17788461538461536,35.54666666666669
69134.93380000026,6.407027626037597,-0.6156832298136625,0.062111801242236024,51.847826086956715
47779.52680000006,6.638362312316895,-0.02023255813953485,0.07906976744186046,40.39839534883718
85989.89310000058,5.875867271423339,-0.1963777490297542,0.09184993531694696,35.96338939197941
125864.29090000063,6.473813438415527,-0.3849157054125987,0.07897071872227152,40.016592724046376
23314.871499999994,4.656045722961426,-0.8650485436893205,0.01941747572815534,40.83640776699029
105354.7571000008,5.198858070373535,-0.3393595041322299,0.06404958677685951,38.14701446281007
65322.21460000019,9.350768470764159,-0.657792207792206,0.032467532467532464,53.13750000000025
129583.71750000033,8.248488044738771,-0.7086765994741469,0.06222611744084137,51.29063978965853
78851.06620000038,5.606279945373536,-0.4376642335766415,0.11824817518248176,33.14716788321173
26114.954100000006,4.746590232849121,-0.4763157894736842,0.10964912280701755,44.79824561403508
26100.887800000008,4.746590232849121,-0.49078947368421055,0.10964912280701755,45.17061403508771
10192.288899999998,6.541849708557129,-0.9872093023255816,0.13953488372093023,30.377906976744185
49735.0959000001,9.278950691223145,-0.46705069124423904,0.07142857142857142,46.493571428571435
23816.342299999997,9.511359214782715,-1.0946078431372548,0.08333333333333334,67.20784313725488
315431.3367000023,6.643705177307129,-0.13685503685503564,0.09055809055809055,45.80126711126741
71157.52360000025,8.33397312164307,0.028902627511591467,0.1143740340030912,37.615811437403444
127874.80040000047,5.149635505676269,-0.4890070921985817,0.07712765957446809,50.83848404255343
14514.793999999994,6.813312721252441,-0.18712121212121205,0.03787878787878788,19.887878787878787
77327.94180000036,5.107347297668456,-0.282678311499272,0.08879184861717612,43.506695778748295
25717.23060000003,6.704863929748535,-0.26244541484716166,0.08296943231441048,40.737117903930105
35184.54090000002,8.392768287658694,0.6376623376623376,0.13636363636363635,37.79295454545454
34762.05220000005,9.217770195007322,0.716938110749186,0.1465798045602606,47.748664495114
49910.53750000012,6.18558292388916,-0.8253218884120171,0.06652360515021459,57.72381974248938
26922.40200000002,5.086544227600096,-0.2838174273858923,0.08713692946058091,36.957261410788384
157349.65630000026,6.15335521697998,-0.5715068493150696,0.04452054794520548,58.75350000000035
20361.063400000003,6.121809577941893,-0.21703296703296726,0.07142857142857144,35.42417582417581
65815.07560000017,7.043226432800293,-0.8626297577854648,0.051903114186851215,56.56314878892754
34389.07120000001,5.945097160339355,-0.30833333333333374,0.08666666666666667,51.13966666666666
19986.39689999998,9.42638988494873,0.7846153846153845,0.14835164835164835,36.86593406593406
122726.87890000091,5.4560544967651365,-0.3778995433789943,0.0730593607305936,44.804840182648675
66228.42070000015,5.302020835876465,-0.3566037735849051,0.09090909090909091,41.81065180102917
112417.7914000008,5.061591911315917,-0.6800203873598367,0.10091743119266056,39.565657492354916
552035.6510000033,5.471742057800292,-0.2810677618069864,0.08891170431211498,47.33417043121062
108563.85490000082,5.4661149978637695,-0.5487019730010374,0.09553478712357216,43.829511941848594
58462.841500000024,9.028297615051269,-0.3788167938931296,0.10877862595419849,52.25366412213747
160459.94510000024,6.657971763610841,-0.7821000704721671,0.06272022551092318,54.1938759689926
43261.77880000012,5.691424751281737,-0.5360742705570286,0.08222811671087533,43.50877984084882
11260.704699999991,9.300676536560058,-0.5565656565656565,0.09090909090909091,8.73838383838384
58229.54620000003,8.656701850891114,-0.5023856858846916,0.13518886679920478,40.36803180914511
18660.2829,7.706310081481934,-0.17916666666666675,0.06547619047619048,25.809523809523785
54612.39640000003,8.21264362335205,-0.7646315789473674,0.09473684210526316,41.729684210526344
66265.59560000018,5.7513330459594725,-0.16092150170648506,0.08532423208191126,55.472542662116126
39279.97100000006,8.283494377136233,0.5426900584795327,0.14912280701754385,34.41584795321638
40796.73650000001,9.210807609558106,-0.09220055710306403,0.11142061281337048,52.94796657381615
44693.98850000002,8.367303276062014,-0.7805128205128196,0.10256410256410256,38.91569230769233
35079.52440000001,4.913526344299315,-0.17361563517915313,0.11074918566775244,37.66100977198696
71894.91480000036,8.486698722839357,0.28560371517027877,0.10061919504643962,40.95866873065023
102561.87990000064,5.806296348571778,-0.5290889132821072,0.07354555433589463,54.31890230515943
64751.98820000027,8.981880378723147,-0.4446457990115315,0.06919275123558484,57.78385502471188
27076.36670000002,4.433350563049316,-0.7338709677419355,0.07258064516129033,55.48108870967741
84050.75000000038,9.624630165100097,-1.1722296395193605,0.021361815754339118,75.01508678237695
9343.449299999991,5.021065711975097,-0.4036144578313253,0.060240963855421686,25.43373493975903
23664.50619999999,9.367401313781738,-0.4111111111111115,0.048888888888888885,60.164888888888875
44740.17090000002,9.171417427062988,0.4243107769423561,0.12781954887218044,51.57573934837091
76708.29000000018,5.904457283020019,-0.46258890469416786,0.041251778093883355,77.33201991465184
113137.82400000084,8.103885459899903,0.15377081292850212,0.10577864838393733,39.05124387855059
95785.19110000062,4.907558250427246,-0.43962703962703903,0.08508158508158507,40.88440559440576
34756.1954,5.717229652404785,0.906451612903227,0.12580645161290321,28.469999999999985
45955.82410000006,8.710597419738768,-0.6766169154228853,0.07960199004975124,42.345522388059706
22470.764400000015,6.642738914489747,0.13793103448275845,0.10344827586206896,66.98182266009852
48990.78360000009,5.441560554504394,-0.2738317757009348,0.0794392523364486,41.478037383177565
46237.12570000004,6.472904014587402,0.01231527093596052,0.11083743842364532,50.00197044334974
29571.845100000024,8.394057655334475,-0.06909090909090895,0.04727272727272727,41.16909090909091
87719.97870000049,9.429871177673341,-0.9211436170212763,0.08510638297872342,59.77712765957473
43181.69090000006,5.218865394592284,-0.3604113110539851,0.08483290488431876,48.60028277634961
85241.93820000035,6.65302677154541,0.39401595744680923,0.12632978723404256,39.271409574468215
84158.53650000044,5.929466438293456,-0.27139001349527625,0.07422402159244264,41.41133603238879
18042.306299999993,6.294884300231933,-0.4917721518987343,0.08860759493670886,51.49683544303797
49128.970600000095,5.459180641174316,-0.2978922716627638,0.0819672131147541,49.324121779859475
125328.82620000071,6.714526557922363,-0.2601618705035961,0.08543165467625899,45.92339028777005
24251.61949999999,6.247423744201661,-0.7853080568720383,0.1184834123222749,47.80379146919431
42260.09590000006,8.638263893127444,0.5203125000000003,0.1171875,35.14661458333332
89613.10950000053,8.609704399108889,-0.649493670886075,0.07721518987341772,56.25316455696222
134464.60330000057,6.950692558288575,-0.402976190476189,0.0977891156462585,43.08539115646281
111075.13740000076,5.353516960144043,-0.4151999999999988,0.089,55.53343000000031
35362.38660000003,8.828639030456543,0.6547770700636946,0.14012738853503184,34.53697452229299
44600.55590000004,9.300096321105958,-0.9830729166666653,0.08072916666666666,48.35156249999999
45861.2729000001,6.67434139251709,-1.0368421052631571,0.08020050125313283,38.85288220551377
50024.30880000006,5.8699560165405265,-0.6388888888888885,0.08333333333333334,46.46719907407404
56805.93980000006,6.602042198181153,-0.09366336633663366,0.08712871287128712,44.0661584158416
55446.88240000006,6.968653678894043,-0.735757575757575,0.05656565656565657,65.68888888888902
245100.7143000007,6.090150260925292,-0.06513720197930753,0.08457040035987404,55.260602789024176
34508.17200000003,6.1008928298950185,-0.5303333333333335,0.07,44.24269999999999
61728.03060000017,8.771648979187013,0.23376623376623457,0.1038961038961039,45.59538033395179
83590.45890000043,8.559805870056152,-0.2775675675675674,0.12162162162162161,38.955027027027086
101894.9435000005,5.338625144958496,-0.49845132743362663,0.061946902654867256,55.594701327433874
45246.16090000009,5.042266654968262,-0.4394299287410919,0.07600950118764846,56.79857482185279
45858.47310000008,5.141166496276854,-0.6684210526315788,0.08020050125313283,38.747619047619025
48380.71880000003,8.945391273498537,-0.6926540284360183,0.07345971563981044,45.27156398104267
91130.80160000062,8.847915077209475,-0.5087939698492444,0.06532663316582915,43.97298994974889
26648.163500000013,5.991648292541503,-0.32372881355932226,0.08050847457627118,55.066525423728805
34413.6167,9.039450645446777,0.8015625000000016,0.096875,36.05378125
117376.83590000069,5.649818611145019,-0.7467054263565893,0.05232558139534883,46.95765503875988
41815.64700000006,5.27951259613037,-0.1651474530831101,0.0777479892761394,42.86193029490616
31873.856199999995,8.34602870941162,0.4144329896907212,0.11340206185567009,40.85979381443299
20657.374899999995,7.079319190979004,-0.011702127659574426,0.0851063829787234,37.99898936170211
78281.19040000015,7.424616050720215,-0.749210903873743,0.05595408895265423,59.25064562410353
23586.449499999988,5.8016355514526365,-0.23990610328638487,0.0892018779342723,41.89295774647886
17039.9093,10.390836906433105,-0.71448275862069,0.07586206896551724,44.43724137931034
75456.4153000004,9.409628105163574,-0.1701227830832195,0.051841746248294684,67.97545702592129
39239.69979999998,9.064915657043457,0.4847887323943659,0.1295774647887324,33.035521126760564
36707.36190000002,8.61312122344971,0.660185185185186,0.12654320987654322,40.088981481481454
23576.94700000002,10.936174964904787,-0.48128078817734005,0.07881773399014778,29.70645320197043
35923.0274,6.197234916687012,-0.17926829268292677,0.05792682926829269,61.259756097560945
77062.4961000004,6.166826057434082,-0.1630656934306574,0.1416058394160584,33.300000000000054
20816.254799999973,9.965087699890137,-0.4190954773869352,0.035175879396984924,58.93819095477386
15237.07799999999,6.621651649475097,-0.5924242424242424,0.10606060606060606,33.716666666666654
74178.38020000039,5.958624839782716,0.06217851739788206,0.08472012102874432,43.24871406959159
61103.26110000017,9.694191551208494,-0.6285714285714271,0.06690777576853527,44.73471971066916
60256.544700000144,8.886338233947757,0.5068391866913136,0.09242144177449169,43.45362292051762
15947.484599999985,10.259450340270995,-0.1586206896551723,0.06896551724137931,23.286206896551718
63202.88630000016,5.003559303283691,0.5734482758620703,0.1327586206896552,32.48382758620688
13372.561899999986,9.948583793640136,-0.39579831932773113,0.025210084033613446,32.273109243697476
21830.65750000001,8.574891471862792,-1.0770949720670386,0.14525139664804468,61.64301675977652
104752.18740000091,8.293164634704592,0.2267818574514036,0.11231101511879049,47.058207343412704
50804.57750000005,5.45935115814209,0.8219616204690848,0.1023454157782516,43.91577825159913
27922.8313,7.982813835144044,0.17110266159695828,0.07984790874524715,32.75209125475284
17556.478399999993,4.8906770706176745,-0.9012658227848102,0.0379746835443038,53.005696202531645
18750.162399999987,5.367215156555175,0.0005952380952380984,0.13690476190476192,33.729761904761894
61815.645100000125,9.048798561096191,0.28436944937833064,0.09591474245115453,45.527353463587986
55434.768000000055,6.532812309265137,-0.4169625246548322,0.0690335305719921,42.80256410256414
53694.99000000002,5.39154224395752,-0.36993603411513853,0.14925373134328357,38.305543710021304
116036.49720000074,5.448494911193847,-0.22051526717557243,0.09351145038167939,37.266803435114646
61007.137100000095,7.534485816955567,0.44881170018281563,0.09323583180987202,41.71078610603292
62168.52060000008,8.402696418762211,0.353164556962026,0.10488245931283906,38.890235081374335
73387.56670000021,9.255613136291505,-0.7977064220183472,0.06422018348623854,40.830275229357866
32004.066100000025,8.882276725769042,-0.37923875432525983,0.06920415224913494,50.94532871972318
59629.57090000004,8.606094169616703,0.554068716094034,0.0922242314647378,38.27287522603981
173100.9816000003,7.127802848815918,-0.4066751430387802,0.0775588048315321,56.72621106166592
59970.9379000001,8.955835151672364,0.46345454545454623,0.09090909090909091,42.21963636363641
87715.23940000053,9.215062522888182,-1.1277479892761386,0.08847184986595175,51.288337801608755
60458.14860000011,8.627948951721194,0.41405405405405465,0.09909909909909909,42.81333333333334
117821.77490000056,8.599196052551271,-0.717151162790698,0.06492248062015504,56.524031007752285
44175.96450000002,4.8441259384155275,-0.19552631578947394,0.15,42.79478947368421
45479.02500000004,5.998639488220214,-0.3995145631067964,0.04854368932038835,40.84878640776698
234346.84749999986,6.845995140075684,0.05507921714818283,0.07781919850885369,46.45131407269371
24603.10920000001,9.796116065979003,0.5602678571428569,0.10714285714285715,40.007276785714296
120673.1718000008,5.622706413269043,-0.0396103896103897,0.11317254174397032,47.49241187384069
55920.3658000001,9.307058906555174,-0.3867617107942973,0.07739307535641549,54.74771894093697
34560.2745000001,5.066025352478026,0.030322580645161183,0.0935483870967742,49.78193548387096
148530.35120000032,5.727744865417481,-0.5549612403100775,0.10542635658914729,44.43428682170577
18657.351599999987,5.818289375305175,-0.06390532544378685,0.07692307692307693,23.475739644970396
43165.56900000006,6.093219566345213,-0.29114583333333366,0.09635416666666667,44.753411458333325
122351.48860000054,5.156797218322752,-0.42789237668161306,0.08430493273542601,34.441165919282625
55009.569900000046,7.897586631774903,0.7390532544378712,0.11637080867850098,37.791321499013804
18778.92880000001,6.720665168762207,0.5233333333333334,0.07222222222222222,53.68944444444444
19840.21970000001,6.724132347106934,0.5789473684210528,0.06842105263157895,51.69999999999999
93071.4593000006,8.696349906921387,-0.41514084507042054,0.06690140845070422,78.96185446009432
12347.364199999985,9.668984413146973,-1.4259745270414855e-17,0.11926605504587157,32.62385321100917
28080.244300000042,8.299933815002444,-0.5585365853658543,0.08536585365853658,42.85731707317073
53025.193900000064,8.485925102233889,0.19438444924406026,0.13606911447084233,41.13326133909287
138797.36180000077,5.676419258117675,-0.6199351701782826,0.06239870340356564,58.39594813614291
138565.2359000007,5.899569129943848,-0.6644736842105256,0.07236842105263158,52.288248355263484
72202.53880000042,5.8546663284301745,-0.29353846153846175,0.10307692307692307,47.38538461538476
21273.102899999998,6.383155250549316,-0.07025641025641016,0.07179487179487179,44.691333333333326
128946.22700000045,5.468559074401855,-0.1581710414902627,0.07535986452159188,39.76791701947523
122945.15600000067,6.470800971984862,-0.7329102447869448,0.054397098821396185,57.959474161378395
191061.94000000003,5.859952354431152,-0.5031952662721908,0.07633136094674556,54.566591715976635
186794.52879999962,5.627139854431152,-0.4932016269610691,0.061592097617664154,50.834572922719744
43368.64319999999,8.289941215515139,0.030154639175257677,0.11082474226804125,29.84639175257732
41570.168700000024,5.8081151962280275,-0.3949295774647884,0.09859154929577466,48.11352112676055
83950.7485000006,4.930862236022948,-0.597880794701986,0.07549668874172186,54.974463576159174
97287.58560000049,6.385087776184082,0.11714614499424611,0.10701956271576525,46.0120828538552
60523.96390000011,10.033101844787598,-0.7090384615384604,0.09615384615384616,48.78442307692318
44743.45390000008,5.637200355529784,-0.27025000000000055,0.08,41.92274999999999
65826.06970000033,8.575858497619631,-0.3273599999999999,0.054400000000000004,67.12880000000024
47667.12840000009,5.244386100769042,-0.2019093078758952,0.10023866348448687,32.62579952267303
47269.65020000005,5.51050624847412,-0.2603365384615385,0.0889423076923077,49.126225961538445
48271.14350000004,9.049185371398927,-0.7508313539192396,0.09026128266033254,45.41543942992875
66682.9519000002,8.713820838928221,0.394612794612795,0.10437710437710437,37.729797979798
32727.50480000004,10.585209083557128,-0.7319444444444438,0.059027777777777776,29.30624999999999
95581.37610000052,9.57563419342041,-1.1518292682926845,0.05243902439024391,60.31551219512221
34740.957100000036,9.76800785064697,0.6370607028754,0.09584664536741214,49.18632587859423
54225.64970000004,9.210936546325684,-0.17619047619047645,0.060041407867494824,39.98364389233953
165863.7397000004,6.388611793518066,-0.26293279022403016,0.07603530210454854,49.16342837746129
51108.897,8.657475471496582,-0.013559322033898305,0.04449152542372881,36.70360169491524
51228.0028,8.666887855529787,-0.024999999999999956,0.04449152542372881,37.70127118644066
24996.98430000002,6.083727455139159,-0.31466666666666665,0.08888888888888888,46.75911111111112
100415.49070000088,8.492436408996582,-1.1298065984072811,0.05915813424345848,58.791592718999226
67004.52080000016,8.78692798614502,-0.8474137931034469,0.08103448275862069,48.20465517241391
13508.512499999979,10.580438423156735,-0.30937499999999996,0.0234375,37.34296874999999
13552.56499999998,10.580438423156735,-0.3109375,0.0234375,38.847656249999986
54768.05900000006,6.135223579406738,0.4615234375000009,0.099609375,42.71271484375003
36879.50540000006,9.636685752868651,0.25743440233236137,0.10204081632653061,53.065306122448966
70048.63610000031,6.631882667541505,-0.1929467084639501,0.09247648902821318,48.32227272727286
61438.40730000017,4.983779335021972,-0.46147260273972557,0.06335616438356165,39.168167808219216
42385.81250000008,5.563480186462402,-0.5239247311827954,0.06451612903225806,60.17983870967742
38570.15230000011,5.691140556335449,-0.43472222222222257,0.08055555555555556,53.237222222222215
38587.462400000106,6.263622856140137,-0.39164345403899736,0.0807799442896936,53.96295264623956
36050.734300000026,10.112526893615719,-0.23780487804878062,0.0701219512195122,54.682652439024366
56797.29610000002,8.505845832824708,0.6026768642447431,0.11663479923518164,46.641108986615706
79994.40610000043,4.8747053146362305,-0.42214285714285593,0.10857142857142857,41.02215714285722
135204.42560000083,6.72060832977295,0.2552251486830952,0.11384876805437553,41.90536108751085
109858.7710000006,6.212695121765137,-0.2845841784989858,0.08620689655172414,36.86879310344845
164196.62510000076,5.893430519104004,-0.4541666666666669,0.06762295081967212,51.6403756830604
18545.51449999999,10.006992149353028,-0.6006211180124227,0.049689440993788817,55.80062111801241
43000.743700000006,9.475772666931153,-0.4775456919060056,0.1174934725848564,36.04986945169713
115107.12100000071,6.51297550201416,-0.35523996082272186,0.0881488736532811,39.493339862879736
47818.97370000008,6.576976203918457,-0.42402912621359246,0.12864077669902912,38.50393203883496
75677.97510000043,8.519771003723147,0.08276374442793435,0.10846953937592868,42.35901931649341
48343.710200000074,6.275104331970215,-0.32624113475177163,0.1016548463356974,50.238061465721096
22837.31600000001,5.2647912979125975,-0.43432835820895543,0.11442786069651742,40.215970149253735
53664.845500000156,8.583465766906738,0.08808080808080812,0.10303030303030303,32.6129494949495
36474.22730000006,6.844062614440918,0.4146875,0.1375,40.19875000000001
26382.669599999997,6.067187309265137,-0.10204081632653073,0.04489795918367347,32.88122448979591
62235.15060000015,6.6486501693725595,0.1114545454545452,0.12545454545454546,39.50345454545456
46088.9932,8.452981758117676,0.08192488262910783,0.07981220657276995,51.159201877934294
31121.43650000002,5.525739097595214,-0.13298245614035079,0.0456140350877193,38.118947368421054
28521.487200000047,4.669573402404786,-1.0209677419354835,0.016129032258064516,42.352016129032265
31474.20270000003,8.494370460510254,0.35389830508474607,0.09491525423728814,37.85528813559323
31475.121400000033,8.18440647125244,0.3366101694915255,0.09491525423728814,37.726474576271194
161143.40769999998,6.875096702575684,-0.7146371463714637,0.03444034440344404,33.99747847478523
57626.8849,6.410040092468263,0.45000000000000007,0.1138996138996139,40.933204633204646
68396.59890000035,10.40082950592041,0.6255725190839723,0.03944020356234097,29.596832061068692
21119.159000000003,5.374376869201661,-0.20591397849462356,0.05376344086021505,52.178494623655915
66674.37820000018,9.137893867492679,-0.516859504132231,0.05289256198347107,56.41322314049601
38171.057000000066,8.959316444396975,0.6058309037900883,0.12244897959183673,45.092419825072874
17660.939000000002,8.41617031097412,-1.0182432432432433,0.033783783783783786,126.55878378378372
15094.663799999984,11.27070140838623,-0.49531250000000004,0.109375,50.867187499999986
34660.63980000002,8.555422019958495,0.85225806451613,0.14193548387096774,35.80816129032257
57651.97830000024,4.887323570251465,-0.5176923076923077,0.09230769230769231,70.88500000000022
23339.08540000001,5.438320732116699,-0.27499999999999997,0.0849056603773585,47.54198113207548
123009.872300001,5.53130931854248,-0.23849679193400533,0.09899175068744272,35.28120989917521
33419.3543,10.022271156311035,-0.5567567567567563,0.08783783783783784,43.63993243243242
25408.719299999993,6.872425270080567,-0.022499999999999975,0.05,54.971250000000005
63615.10990000006,7.579957008361817,-0.6821637426900566,0.008771929824561403,25.31608187134502
58426.49130000017,6.452385139465331,0.5192857142857157,0.07500000000000001,46.94464285714294
182659.59439999994,6.6952013015747065,-0.5738546120952978,0.04948075748320098,53.839584605986865
54528.18600000012,8.813295555114745,0.44887983706720996,0.14052953156822812,37.69169042769856
87995.8807000004,5.214090919494628,-0.6777631578947367,0.08947368421052632,50.59830263157907
45390.886900000056,8.725167274475098,0.11397058823529406,0.10784313725490197,49.782892156862744
23482.290299999993,8.643356895446779,-0.33287037037037026,0.0787037037037037,31.22546296296296
53150.02940000011,5.026238059997559,-0.4489495798319328,0.09663865546218486,43.62773109243695
13370.066299999984,5.290255165100096,-0.2546218487394957,0.058823529411764705,39.49159663865546
90475.90610000055,8.667016792297364,-0.3374396135265699,0.0748792270531401,61.07211352657033
18490.9817,5.2135225296020495,-0.5540372670807454,0.09937888198757765,34.20807453416148
39124.50440000007,8.2642183303833,-0.677428571428571,0.07714285714285715,41.09485714285713
47370.61420000005,5.6113386154174805,-0.26626794258373215,0.10526315789473684,37.941889952153105
64230.69040000016,8.32223987579346,0.6522260273972617,0.1267123287671233,40.01565068493155
65303.93790000024,8.613508033752442,-0.14177852348993286,0.05704697986577181,44.35906040268461
33233.76699999995,9.719463157653806,-0.24984326018808797,0.07836990595611285,72.05771159874614
217317.50349999923,6.00523281097412,-0.25841392649903216,0.048355899419729204,49.67553675048383
82593.39320000041,6.51973934173584,-0.22002688172042986,0.06048387096774194,37.490456989247406
56629.01830000013,6.1878564834594725,0.45056818181818237,0.0946969696969697,41.84225378787881
47482.225800000066,6.112203788757324,0.1372960372960371,0.07692307692307693,38.746620046620045
15136.371599999988,9.984750556945801,-0.5859375000000003,0.1015625,25.060234374999986
49480.463400000124,6.382871055603027,0.3951965065502192,0.11790393013100436,35.22272925764192
20363.254900000004,9.094828987121584,-0.2430939226519337,0.049723756906077346,31.36132596685082
21770.3607,8.9438440322876,-0.705789473684211,0.09473684210526316,40.36952631578946
90979.75070000053,5.529831504821778,-0.5641089108910886,0.06188118811881188,50.8658539603962
52890.994099999996,5.569277763366698,-0.681799163179914,0.06276150627615062,33.91150627615061
64258.881300000205,8.559290122985843,-0.029805996472663337,0.09876543209876543,44.943950617283996
13458.527899999995,5.751560401916504,-0.4853448275862069,0.06034482758620689,37.73448275862069
57544.063100000145,5.1931173324584945,0.10229445506692153,0.09177820267686425,44.18760994263866
53313.03260000008,5.495898628234862,0.22072649572649553,0.14316239316239315,46.111346153846185
90645.89730000049,5.976472282409667,-0.44345088161208984,0.08312342569269521,52.7871536523932
15046.094299999986,6.5454305648803714,-0.026428571428571437,0.1,28.733571428571413
31648.070300000036,6.220027351379394,-0.10372881355932202,0.07796610169491525,55.32542372881354
860651.7007999987,5.13633518218994,-0.639603698811082,0.055085865257595776,47.2307463672376
25564.72640000001,4.674688911437988,0.4603524229074887,0.1013215859030837,37.10660792951542
480404.3254999998,6.069290351867674,-0.6498743431574127,0.04843500114233493,52.305190769932686
26265.576500000006,6.750903511047364,-0.13598326359832674,0.1087866108786611,51.63179916317992
77093.08970000026,9.583305931091306,-0.914393939393937,0.0893939393939394,38.49777272727284
70895.97370000032,7.0307218551635735,0.3222929936305745,0.1369426751592357,41.825636942675224
59058.08850000018,5.519316291809081,-0.24301675977653642,0.09124767225325885,30.903910614525138
11401.822499999995,9.188437080383299,-0.7183673469387761,0.15306122448979592,19.728571428571428
66213.3622000001,8.60770587921143,-0.9218472468916499,0.09591474245115453,48.54300177619908
73100.90590000046,7.239491462707521,-0.3706766917293236,0.06766917293233082,59.41971428571444
33359.37640000001,5.850971794128417,-0.38979591836734745,0.11904761904761904,32.99761904761904
22659.22450000003,5.943505668640137,0.05024390243902445,0.08292682926829269,38.815609756097565
63462.62780000014,8.923600959777833,-0.9851782363977465,0.09943714821763602,47.31894934333967
35087.49500000001,7.967148017883301,0.732038834951457,0.13592233009708737,43.52825242718445
36334.04750000003,8.771906852722168,0.7354231974921639,0.13793103448275862,44.73489028213163
71416.75300000026,9.270311927795408,-0.8521669341894037,0.09149277688603533,37.60128410914936
143786.90480000054,7.326057243347169,-0.7097165991902836,0.06153846153846154,50.74754655870477
74570.48940000025,8.8118127822876,-0.9438679245283,0.10534591194968554,38.13522012578624
68555.97410000011,8.430353355407718,-0.5921273031825791,0.09380234505862647,44.07891122278067
88582.59420000047,8.806461906433107,-0.35244667503136745,0.08657465495608532,30.7578544542033
128149.9815000004,6.63745288848877,-0.2710957722174283,0.08541846419327007,44.53340811044027
27806.720299999994,8.715432548522948,0.07109375000000015,0.0703125,49.10117187499999
97134.01590000055,7.91209201812744,-0.3162412993039443,0.08468677494199536,50.27610208816728
35200.314900000034,6.4288537979125975,0.7662379421221869,0.135048231511254,38.89202572347265
48581.683100000104,5.076426887512206,-0.27500000000000024,0.06696428571428571,51.514531250000054
70036.1126000002,5.636802482604979,-0.5392282958199346,0.09003215434083603,40.87766881028953
53799.711300000126,8.604675865173341,-0.14633620689655202,0.1271551724137931,42.43411637931035
45106.25450000008,6.679343223571778,-0.4571072319201993,0.09226932668329177,57.552892768079836
73963.65500000026,9.521609687805174,-0.7514195583596208,0.06151419558359621,54.762965299684666
97348.58410000062,9.335038185119632,-0.5249709639953533,0.05574912891986063,61.80127758420467
48049.55570000003,5.754629707336425,0.2035211267605632,0.1056338028169014,41.937089201877924
73747.39140000033,7.9750776290893555,0.3158892128279889,0.08892128279883382,43.01721574344032
36998.00710000003,9.453660011291507,0.7932721712538237,0.12844036697247707,38.407675840978584
49451.922500000066,6.425216102600097,0.42737306843267214,0.09271523178807947,41.19911699779249
35518.893600000025,9.05840435028076,0.6848580441640382,0.13564668769716087,42.17100946372237
48192.664900000105,8.718720436096191,0.36167800453514776,0.11791383219954649,40.95739229024943
52264.127600000065,8.302899360656738,0.5628151260504207,0.11134453781512604,25.446281512605044
41084.239900000015,8.448275566101074,-0.35869565217391336,0.09782608695652173,46.54948369565217
39145.38030000006,5.281786155700683,-0.09942693409742123,0.08595988538681948,48.849054441260755
54560.4844000001,7.358853340148925,-0.7386965376782066,0.06517311608961304,59.31384928716921
43071.03180000007,9.6458402633667,0.22673796791443837,0.14705882352941174,42.72818181818182
70729.03840000037,5.413936805725096,-0.32730015082956176,0.04675716440422323,52.57073906485691
44954.89340000003,5.91196002960205,-0.8305912596401026,0.06426735218508998,59.169151670951216
70051.3697000003,5.480949974060058,-0.38346333853354186,0.0655226209048362,32.16570982839312
106779.9227000007,6.692700386047363,-0.29774127310061593,0.0728952772073922,60.168069815195416
39858.787000000026,5.715524482727051,-0.5544444444444436,0.030555555555555555,40.621111111111105
124317.26940000086,6.172680473327636,-0.24811490125673263,0.09156193895870737,45.35763016158018
22773.862400000005,9.26889362335205,-0.4812807881773401,0.07881773399014778,22.385221674876842
10582.50499999999,10.215740776062013,-0.4946236559139785,0.06451612903225806,45.120430107526886
45069.95160000011,5.73502025604248,-0.5539024390243901,0.056097560975609764,51.394146341463404
35091.814900000034,5.81118450164795,-0.5205787781350487,0.09646302250803859,38.215112540192926
29642.939700000014,5.163163185119627,0.14769230769230743,0.15000000000000002,27.70661538461538
29557.064700000028,6.861625862121582,-0.6030769230769235,0.1076923076923077,39.78192307692308
53670.20979999999,9.143696022033694,-0.583982683982684,0.13636363636363635,42.24792207792208
60169.58260000014,6.513543891906737,0.42173112338858254,0.12338858195211785,35.81532228360957
109538.23550000059,5.306170082092284,-0.3165460186142704,0.11065149948293693,36.1668252326785
32513.058300000033,9.601292610168457,0.44089347079037794,0.13402061855670103,37.03749140893472
10688.426099999991,9.963089179992675,-0.8816091954022991,0.09195402298850575,38.14367816091954
14551.292299999981,11.042999076843262,-1.046341463414634,0.04065040650406504,36.684634146341466
78837.14040000044,7.559608650207521,-0.3227665706051871,0.09654178674351585,35.025951008645585
70521.97880000022,6.020465660095215,0.5453543307086623,0.15433070866141732,29.779086614173217
22540.673400000007,8.58340129852295,-0.33000000000000007,0.09,29.375499999999995
39730.80750000002,5.084156990051268,-0.09126760563380278,0.10422535211267606,39.057802816901415
63242.59790000014,8.38890018463135,-0.24265232974910425,0.10394265232974909,53.80774193548396
23948.398900000015,6.294372749328613,0.003809523809523738,0.10476190476190475,35.620952380952374
48450.808000000085,5.242339897155761,-0.21063829787234062,0.09456264775413711,37.313026004728115
52483.54039999998,8.961637306213383,-0.7953436807095338,0.08869179600886917,38.21263858093126
34907.37960000006,8.996450233459473,0.7910828025477709,0.12420382165605096,33.39146496815286
63542.72900000005,5.817493629455567,-0.31738351254480274,0.10752688172043011,40.826523297491036
75872.39590000043,5.417119789123535,-0.4515601783060908,0.07429420505200593,36.58974739970286
82015.2716000003,5.965672874450684,-0.7572230014025239,0.0785413744740533,54.82443197755973
134462.09000000087,6.472108268737792,-0.5928510638297866,0.07914893617021276,42.363336170213024
24390.350300000016,5.525113868713378,-0.5589622641509437,0.08962264150943397,50.37834905660379
126324.14770000055,6.572258567810059,-0.7846929422548127,0.061411549037580206,52.39350137488567
47564.97180000003,9.309637641906736,-0.92645631067961,0.08252427184466021,52.04247572815534
57005.528600000034,9.342323112487794,-0.9323232323232298,0.08686868686868686,47.79151515151517
60597.282600000166,9.206294822692868,-0.9614503816793871,0.08206106870229007,51.16221374045807
47178.442600000046,9.166711235046389,-0.877128953771288,0.08029197080291972,46.92116788321168
165272.75679999997,6.787564659118652,-0.3386071670047316,0.07505070993914807,41.34056795131875
85885.89800000057,6.687925910949708,-0.8280585106382976,0.06648936170212766,50.989388297872544
85514.79600000037,6.766477394104004,-0.2052564102564104,0.09102564102564104,33.88026923076929
10275.158299999992,10.441509056091306,-0.44565217391304324,0.07608695652173914,38.381521739130434
22607.602700000018,6.91442928314209,-0.3879396984924624,0.07035175879396985,62.56542713567839
17751.86009999997,11.662733650207517,-1.0893081761006285,0.031446540880503145,33.84150943396225
48847.17820000004,4.976333427429199,-0.3481308411214953,0.13084112149532712,36.4692523364486
23583.828200000007,9.151819038391114,-0.36038647342995195,0.10144927536231885,31.378743961352654
23667.9294,9.151819038391114,-0.38067632850241556,0.10144927536231885,34.66473429951691
102459.46450000063,6.112431144714355,-0.38340517241379285,0.08297413793103448,49.78137931034508
46919.299500000125,4.790185737609863,-0.32448512585812334,0.038901601830663615,59.67025171624724
21404.5233,9.778838539123534,-0.6074468085106385,0.07446808510638298,73.12819148936168
54276.91600000003,5.885870933532714,-0.367196819085487,0.0775347912524851,63.174155069582675
17393.647999999986,9.29777545928955,-0.029012345679012286,0.06172839506172839,33.03888888888888
48116.89410000005,8.82812328338623,-0.27754137115839245,0.09929078014184398,50.36718676122933
28479.94739999999,6.4356176376342775,-0.11368821292775662,0.1026615969581749,28.092775665399227
104059.80840000077,5.960273170471192,0.046938775510203756,0.04285714285714286,53.92744897959214
33300.45240000001,11.293329811096193,-0.317377049180328,0.04918032786885246,49.926557377049164
27598.38600000002,5.128889274597167,-0.03467741935483864,0.08870967741935484,33.405645161290316
76522.85800000044,8.99593448638916,-0.940874811463046,0.10407239819004524,41.9838612368025
32061.79140000003,9.031972312927245,0.21683168316831655,0.07590759075907591,32.72013201320132
122131.86700000065,6.51217975616455,-0.25042095416276816,0.10944808231992514,41.053985032741075
45625.500800000045,7.110694313049316,-0.32167487684729107,0.041871921182266014,45.51970443349752
48956.04050000006,6.472733497619628,-0.8080831408775982,0.06466512702078522,54.30323325635111
109884.0236000008,6.0309240341186525,-0.21443089430894272,0.09451219512195122,43.74106707317096
30791.313100000058,8.335649299621583,-0.09290780141843961,0.04964539007092198,50.89716312056739
66616.18340000004,5.383414268493653,-0.45017064846416366,0.06484641638225255,37.231228668941974
17644.080899999994,9.096698570251466,-0.45384615384615373,0.06410256410256411,58.42628205128205
39913.08250000006,8.804721260070803,0.5254285714285716,0.13428571428571429,39.15831428571427
110507.23600000088,5.538471031188963,-0.2652706843718078,0.10418794688457611,38.18837589376931
54738.787700000124,6.532528114318848,0.08924949290060834,0.08519269776876268,42.36089249492899
74680.02670000025,7.619005393981935,-0.08506588579795024,0.05417276720351391,33.25021961932653
72456.47670000029,8.431900596618654,-0.34489489489489367,0.05405405405405406,60.51638138138165
33816.4403,6.68940372467041,0.11619937694704054,0.06853582554517133,50.5676012461059
72431.8451000005,5.668973350524904,-0.3765321375186841,0.053811659192825115,54.939461883408256
39644.44260000005,8.843724632263182,0.4660167130919225,0.08913649025069639,49.531197771587735
53129.150300000016,5.1785097122192365,-0.47002141327623065,0.08993576017130621,49.833233404710995
87132.72760000033,5.186524009704589,-0.44912280701754254,0.07142857142857142,46.610025062656824
59619.92320000011,5.415641975402831,-0.06770072992700724,0.05656934306569343,33.00985401459853
24420.28519999999,4.865440559387206,0.4445454545454539,0.10454545454545455,42.419545454545464
81307.03660000028,6.080544471740722,-0.3721835883171062,0.06675938803894298,46.61671766342159
31462.428300000014,6.542247581481934,-0.30106382978723434,0.12411347517730495,41.90606382978723
46014.84290000015,5.278091621398924,-0.20047281323877073,0.06619385342789598,46.47165484633568
23849.529700000017,6.905278205871583,-0.09043062200956933,0.11004784688995214,36.65645933014354
82640.30090000038,9.37275218963623,-0.005186170212766264,0.08377659574468085,30.84708776595746
99829.38600000078,6.114932060241698,-0.5226943005181339,0.058031088082901555,53.25875647668431
30353.96200000001,7.038679313659667,-0.3815217391304348,0.09420289855072463,39.03043478260868
54403.917000000096,4.826846885681152,-0.2390593047034765,0.07566462167689161,48.73907975460132
106056.07360000073,6.447781181335448,-0.42742440041710045,0.06047966631908238,53.9741397288846
73904.74840000042,5.792939186096191,-0.5778581765557169,0.05788712011577424,67.85745296671529
78237.10360000045,6.771649742126464,0.23064748201438887,0.09352517985611511,43.84230215827348
41923.67830000002,8.320950508117676,-0.008816120906801037,0.05289672544080604,42.4682619647355
21067.01650000001,6.951317787170409,-0.2968253968253969,0.06878306878306878,38.87936507936508
23532.041100000013,8.835859489440917,-0.45000000000000023,0.12000000000000001,44.98499999999999
19346.790299999986,11.168196678161618,-0.8217647058823532,0.05294117647058824,71.84352941176469
43576.567000000075,9.399828910827637,-0.12929292929292982,0.07828282828282829,43.001515151515136
35065.41249999999,9.28539752960205,0.7651757188498409,0.1437699680511182,24.991054313099035
43198.39210000004,8.780674552917482,0.4781250000000005,0.11197916666666667,38.306796874999996
39726.45280000005,9.111268424987792,0.4471751412429378,0.1384180790960452,41.62855932203388
53858.621000000014,8.115876579284667,-0.24837398373983788,0.09959349593495935,41.93967479674798
25251.15209999997,9.78380260467529,-0.843347639484978,0.07725321888412016,72.96394849785409
42361.9220000001,6.0063695907592765,-0.14025974025974078,0.07272727272727272,50.979506493506484
36804.205000000016,6.0657663345336905,-0.4449685534591201,0.0849056603773585,25.01889937106919
34900.68090000005,8.27762775421143,0.9250000000000009,0.15460526315789475,38.05697368421052
25940.00670000002,7.728590965270995,-0.624050632911393,0.05485232067510549,64.10295358649789
60572.220700000056,9.09695644378662,-0.9034482758620672,0.07854406130268199,44.32049808429123
83548.2751000003,9.328655815124513,-0.957938718662952,0.08635097493036212,40.33022284122578
61632.83040000002,8.91889476776123,-1.028298279158698,0.10133843212237094,46.08087954110905
71719.83620000014,9.5020112991333,-1.0249594813614251,0.07941653160453808,40.84667747163705
83657.56410000025,9.248457145690917,-0.9520891364902496,0.08356545961002784,42.88718662952661
77639.10120000021,9.297066307067869,-0.9343657817109133,0.08259587020648967,34.07346607669625
96367.08040000036,5.938219642639161,-0.3528389339513324,0.09154113557358054,45.485307068366325
251457.32740000013,6.6389875411987305,-0.25249772933696446,0.08628519527702089,42.42757493188039
117020.68190000078,6.409528541564941,-0.1570200573065902,0.09264565425023877,35.10938872970408
80622.35820000037,8.768038749694824,-0.725495750708214,0.08498583569405099,50.29886685552429
39441.64370000003,11.111206626892088,-0.6885026737967901,0.05882352941176471,69.7780748663103
44939.79510000005,8.717688941955569,-0.6318396226415077,0.05660377358490566,71.3575471698115
44925.76850000004,8.717688941955569,-0.6325471698113192,0.05660377358490566,71.5577830188681
44825.64940000003,8.359889411926272,-0.6504739336492875,0.05687203791469195,71.8720379146921
25728.69200000001,9.644164085388184,0.03148936170212765,0.08936170212765956,45.68808510638298
32530.07950000004,5.989772605895996,-0.31699999999999995,0.07666666666666667,48.79036666666667
50151.39970000007,8.586366844177245,-0.44273127753303976,0.08810572687224669,55.084581497797416
205124.8562999993,5.850573921203612,-0.3090859630032638,0.08161044613710555,44.95801414581103
89813.17620000054,8.755338478088383,0.11102756892230695,0.11654135338345864,45.369573934837234
16840.32419999998,9.29835567474365,-0.3721088435374148,0.06802721088435373,53.387074829932
59510.7362000001,5.432636833190917,0.20296846011131733,0.11131725417439703,50.36625231910954
16829.04699999999,5.233984565734862,-0.297278911564626,0.08163265306122448,53.52517006802721
27598.45640000001,5.569959831237792,0.13320000000000007,0.09999999999999999,49.242079999999994
56500.07850000003,5.568936729431152,-0.15988258317025447,0.07632093933463796,35.441115459882575
55256.591400000114,9.237561988830567,0.0048732943469779605,0.04483430799220273,56.07076023391823
21854.809500000003,8.319725608825685,-0.27216494845360817,0.08762886597938145,51.508762886597914
171589.12770000024,6.710036277770995,0.14892227302416763,0.10124101894186806,39.19573481384743
69041.08400000018,7.477589988708497,0.3249196141479098,0.10289389067524116,42.01805466237955
66034.19070000014,6.328987693786622,0.018842975206611216,0.06446280991735537,46.094876033057965
40750.1062,8.673012351989748,-0.45183098591549314,0.10422535211267606,40.20791549295773
37358.95420000005,8.883501625061037,-0.0652941176470588,0.06470588235294118,38.60323529411765
117491.42800000068,6.14477252960205,-0.2934597156398101,0.0881516587677725,37.40020853080592
96904.19520000071,5.4716283798217775,-0.08921348314606746,0.06853932584269663,53.74325842696654
20576.304599999996,9.62785358428955,-0.4111111111111112,0.08333333333333333,39.23777777777777
62577.33340000003,9.199332237243652,-0.8434210526315761,0.09022556390977443,47.50432330827076
127177.00470000046,6.879643821716309,-0.18723958333333302,0.08333333333333334,39.25381944444466
12253.568899999978,11.589690971374516,-0.831428571428572,0.047619047619047616,46.62285714285714
23973.378500000003,9.930661582946776,0.7292792792792785,0.09009009009009009,35.4518018018018
26145.012699999996,7.7030134201049805,-0.5323008849557527,0.05309734513274336,38.4358407079646
26074.19320000001,8.790860557556151,-0.35663716814159313,0.048672566371681415,46.62876106194689
55712.123700000004,5.6934709548950195,0.5793774319066155,0.09533073929961089,48.35739299610897
37419.14269999998,9.061627769470213,-0.5540845070422535,0.07323943661971831,68.33608450704233
34800.79060000008,9.763237190246581,0.7452145214521466,0.1419141914191419,39.72709570957095
49137.045600000056,8.397410011291509,-0.6836448598130842,0.0957943925233645,53.0804205607477
165535.95150000014,6.964106559753417,-0.42914438502673913,0.0768716577540107,45.04032754010724
28771.769800000027,5.450427436828612,-0.40948616600790533,0.08695652173913043,39.20118577075098
67995.53120000017,9.303964424133298,-0.9799657534246553,0.08732876712328767,49.365410958904214
59325.82570000009,9.159361839294434,-0.9522593320235736,0.07858546168958744,44.14361493123777
202565.9326999996,5.864840507507323,-0.4131651124520013,0.07953922106417993,41.1002468458588
57909.60940000011,6.92323932647705,-0.5473076923076919,0.08653846153846154,61.86446153846168
165388.72940000021,6.458864784240721,-0.20225872689938298,0.09240246406570843,46.266208076660114
54297.34340000008,9.220477867126462,0.2671517671517679,0.0997920997920998,41.57754677754677
42119.58760000001,7.135703468322753,-0.33563829787234056,0.09840425531914893,42.222872340425525
60031.906400000036,8.681135368347167,-0.403361344537815,0.055462184873949584,60.22436974789932
42129.96660000006,10.677721214294433,0.25295629820051446,0.08997429305912596,49.03856041131103
72137.62940000027,9.366305351257324,-0.829777070063692,0.07802547770700638,34.56130573248408
77165.84670000017,9.41768665313721,-0.813798219584568,0.07863501483679525,36.65267062314548
95769.34840000041,9.338712882995605,-0.8837902264600704,0.08462455303933254,28.90834326579272
94111.0268000004,9.435415458679199,-0.9097799511002442,0.08190709046454767,40.81968215158943
59580.46660000013,10.427068138122557,-0.12277777777777807,0.04259259259259259,61.975740740740974
24509.138400000003,5.702622032165528,0.28863636363636314,0.1,41.725
30480.592600000004,6.091514396667479,-0.09822695035460993,0.08865248226950354,56.490780141843985
27458.093900000033,6.699464225769043,0.39495798319327713,0.13865546218487396,40.7172268907563
51259.780900000005,5.878197669982909,-0.218543046357616,0.11699779249448125,46.37377483443711
115509.75080000097,5.870865440368651,-0.5931363203050523,0.057197330791229746,67.69753098188788
158214.10180000047,5.255469703674316,-0.6369641602248785,0.05200281096275475,63.94013352073121
72994.6743000002,5.188172340393065,-0.5814871016691953,0.054628224582701064,69.61625189681367
19732.956000000006,9.540369987487793,0.2261363636363637,0.11931818181818182,24.488124999999986
43325.713000000134,8.510809898376465,-0.3873809523809525,0.08333333333333333,71.91550000000016
81035.12680000045,6.899992179870606,-0.33384401114206064,0.09331476323119778,54.081643454039174
56878.00430000006,5.884336280822754,-0.5142284569138276,0.10420841683366733,37.2491382765531
75031.35170000035,6.806548881530762,-0.4091603053435116,0.08549618320610687,43.5937862595421
117539.774900001,6.014042854309081,-0.8393096836049854,0.07574304889741132,49.04287631831281
54709.96080000006,9.263349342346192,-0.5739837398373978,0.06707317073170732,58.734959349593616
71142.5848000002,7.834149742126466,-0.7457735247208913,0.08133971291866028,54.15821371610861
39718.82140000006,6.985762214660644,0.37976878612716763,0.16184971098265896,47.00988439306358
70391.56360000029,6.090832328796386,0.3242331288343561,0.09969325153374234,41.03024539877309
34569.91630000005,9.246974372863768,0.703246753246754,0.12012987012987013,28.406233766233758
81312.0256000004,8.025943183898928,-0.5044137931034474,0.053793103448275856,53.06275862068989
31640.92280000004,8.886338233947757,0.5713286713286722,0.11888111888111888,30.899650349650354
56832.39290000005,5.442697334289551,-0.15672514619883054,0.07797270955165692,32.86278752436646
32788.629,7.063290596008301,-0.18361774744027307,0.051194539249146756,39.17918088737202
15681.22969999999,6.251800346374512,0.7916083916083914,0.1258741258741259,32.67202797202796
45140.491400000035,6.707308006286621,-0.09217171717171721,0.1111111111111111,38.693939393939395
226369.8886999995,6.548101997375488,-0.025754527162977794,0.11116700201207244,44.351685110664285
40683.1797,8.812199592590332,-0.2695290858725764,0.11634349030470914,40.80972299168974
59297.15460000005,9.347093772888183,-0.8468627450980379,0.0784313725490196,44.10058823529412
47029.824600000065,5.678067588806152,-0.2207637231503581,0.10978520286396182,32.3343675417661
48237.62670000011,6.655755043029786,-0.33906249999999993,0.078125,45.50066964285715
20747.4795,5.970674705505371,-0.45738636363636387,0.11931818181818182,51.82897727272727
67197.81590000025,9.321951103210449,-0.9301204819277088,0.08950086058519793,34.204664371772814
27604.034400000004,9.821323204040525,-0.8848605577689235,0.07968127490039839,90.11115537848615
76261.90090000023,7.940329170227051,0.04879879879879857,0.11861861861861861,45.71549549549567
42978.56350000006,7.958186912536622,-0.08118811881188168,0.07425742574257427,36.97326732673267
46155.13240000012,8.619761466979984,-0.3165484633569733,0.07092198581560283,54.591252955082794
45570.72020000011,8.656959724426269,-0.2816425120772939,0.07246376811594202,54.60458937198071
90784.14790000048,5.8087972640991214,0.19411764705882362,0.1090686274509804,38.36851715686286
62590.08030000016,4.763698768615721,-0.2530541012216405,0.041884816753926704,56.14401396160573
22743.6063,8.409916877746586,0.533649289099526,0.1042654028436019,44.37303317535546
39817.64539999998,9.297453117370605,0.5586666666666684,0.09333333333333332,36.84992
34328.07060000003,7.84962215423584,-0.30566666666666664,0.08666666666666667,53.34699999999998
17148.531,5.8308507919311525,-0.19407894736842105,0.09868421052631579,30.849999999999987
69016.13530000021,5.089897727966308,-0.5295638126009671,0.08077544426494346,55.28610662358667
28047.856500000034,6.705716514587402,-0.3187755102040817,0.1142857142857143,28.528163265306105
108311.66220000059,7.068406105041503,-0.40680412371133856,0.06391752577319587,57.2458865979384
101809.52140000054,7.280586051940918,-0.3705622932745297,0.0639470782800441,54.14973539140047
226937.2982999991,5.338852500915528,0.008234126984126863,0.10466269841269842,46.21162202380989
53048.56380000007,9.873220252990723,0.1248434237995824,0.09394572025052192,45.47100208768266
137558.0218000005,6.660927391052247,-0.07516181229773473,0.09385113268608414,52.00625404530766
135789.23040000067,6.0063695907592765,-0.1841720779220765,0.06980519480519481,53.85245129870163
35594.47790000004,8.714529991149902,0.7320634920634926,0.11746031746031746,45.70641269841269
35594.43480000005,8.594618797302246,0.7333333333333338,0.11746031746031746,45.038476190476175
38773.79750000006,9.256128883361814,0.5371681415929204,0.14454277286135692,47.11746312684364
17297.833499999997,8.518546104431152,-0.2769736842105262,0.09868421052631579,31.715789473684197
11784.102299999988,11.27057247161865,-0.15048543689320393,0.08737864077669905,56.68155339805825
27660.874200000035,9.126031684875489,-0.5671936758893282,0.11462450592885376,43.109881422924914
113894.27800000107,8.307670021057131,0.29907918968692526,0.06906077348066297,30.064392265193515
34902.11780000003,8.323271369934083,0.7460063897763587,0.12460063897763579,28.566166134185302
34306.77640000002,8.41378498077393,0.8708737864077678,0.10032362459546926,35.46152103559869
63774.92130000018,7.594507789611818,0.4044563279857398,0.1443850267379679,41.37545454545457
34582.03280000006,8.716850852966306,0.7608414239482207,0.10679611650485438,37.600355987054996
37730.29320000003,9.558485603332517,0.3533536585365851,0.14329268292682928,29.428079268292684
49312.34630000004,5.981928825378417,-0.2160633484162899,0.07918552036199095,32.71176470588234
22418.2923,8.909224510192871,0.5289099526066342,0.0995260663507109,49.59672985781991
23228.821499999984,8.487601280212402,0.5093749999999999,0.0892857142857143,50.459375
65863.85580000018,8.536919593811035,-0.8563055062166942,0.108348134991119,39.067353463587985
37613.12540000001,10.859844398498534,0.5133152173913065,0.051630434782608696,59.120380434782625
41480.9871,9.356248283386229,0.4825737265415561,0.1260053619302949,38.701930294906184
55860.2738000001,6.412256813049316,0.014722753346080404,0.06118546845124283,34.85315487571701
88678.02860000047,8.663277626037598,0.2385093167701866,0.09813664596273292,40.14571428571438
34779.31420000001,8.674237251281738,0.9398089171974523,0.1337579617834395,35.712420382165604
41994.330900000015,9.74879627227783,0.4835135135135145,0.14324324324324325,38.92681081081082
39512.922700000054,7.920859718322754,0.31162790697674453,0.13953488372093023,39.372674418604646
37068.690800000026,10.03406887054443,-0.21533742331288358,0.08282208588957055,61.39024539877296
16713.346899999997,5.551998710632325,1.0124183006535947,0.16339869281045752,37.656274509803914
31495.896400000005,9.894623756408691,-0.23828382838283876,0.0594059405940594,57.69933993399338
31551.150500000043,8.873960304260255,0.4786516853932581,0.18352059925093633,28.623220973782757
54589.21480000011,6.383268928527832,-0.3317622950819675,0.12295081967213115,51.616823770491905
120873.01890000077,8.336616325378419,-0.38730734360834024,0.07162284678150499,58.845720761559704
101529.99790000066,6.889533805847169,-0.0943315508021396,0.05561497326203209,32.448673796791546
35126.31460000002,9.683231925964353,-0.14018691588785043,0.0778816199376947,45.47476635514018
14462.68309999998,10.54091930389404,-0.8144000000000001,0.064,41.60639999999999
29595.48390000003,6.227245903015137,-0.2556420233463035,0.13229571984435798,33.65992217898834
118963.82500000067,5.345730018615721,-0.23164319248826282,0.07230046948356807,52.267239436620024
79693.37260000031,8.162035942077637,-0.5162237762237745,0.0839160839160839,52.978881118881304
17040.68029999998,8.689322853088381,-0.25259740259740254,0.06493506493506493,55.677272727272715
17419.318599999984,9.760142707824706,-0.42243589743589727,0.057692307692307696,52.88846153846153
43954.863600000004,9.524317359924318,-0.18374384236453217,0.07142857142857142,33.21600985221676
111001.41840000082,8.419006919860841,-0.22517412935323364,0.08258706467661692,47.15853731343308
21641.29100000001,4.390152931213379,-0.13333333333333325,0.0707070707070707,50.013181818181806
94085.99690000057,10.011827278137208,-0.4500587544065793,0.057579318448883664,59.76133960047032
80709.37740000049,8.424938011169434,-0.028950863213811365,0.042496679946879154,47.28618857901744
68113.31720000017,6.112715339660644,-0.5435294117647056,0.0722689075630252,40.13327731092439
67208.2446000002,5.535174369812012,-0.4847715736040608,0.0727580372250423,40.5216582064298
35414.73060000006,8.610091209411621,0.7430379746835443,0.12658227848101267,39.656455696202514
35480.94750000006,8.620857429504397,0.7330158730158733,0.12698412698412698,41.39155555555554
212876.3746999989,5.924748802185058,-0.36816990036706937,0.08390141583639224,43.91180912427929
11036.840999999993,9.91454448699951,0.21100000000000008,0.1,29.454099999999997
27554.419700000017,9.569767570495603,-0.175806451612903,0.0967741935483871,43.140766129032244
160158.50510000074,5.747581672668457,-0.8111671469740652,0.04610951008645533,53.23876080691679
74269.40420000031,7.4671316146850595,-0.27272727272727226,0.10939907550077041,55.97922958397543
64615.098400000206,6.267090034484863,-0.10827702702702709,0.07094594594594594,38.570777027027056
49630.10320000005,5.707794380187988,0.41108695652173927,0.10434782608695652,38.13089130434782
35813.0433,11.268638420104981,-0.8670520231213867,0.017341040462427747,50.859826589595365
24746.3765,6.9530229568481445,0.03624454148471624,0.0611353711790393,29.817074235807855
17694.83139999999,10.44176692962646,-0.7262820512820517,0.05128205128205129,53.782051282051256
18789.070899999995,4.91807346343994,-0.5421686746987956,0.09638554216867469,22.136144578313246
21144.863799999992,4.972127342224121,-0.421134020618557,0.05670103092783505,47.92628865979382
74157.13950000025,9.009279441833495,-0.08669724770642215,0.12691131498470948,34.6815290519878
21931.8284,5.027374839782715,-0.6620512820512827,0.06666666666666668,49.872820512820525
54288.14270000008,7.462982368469238,-0.06359743040685227,0.13062098501070663,36.30364025695931
19014.35859999999,4.910343360900878,-0.5159763313609471,0.08875739644970415,29.73017751479289
74664.66190000033,6.066107368469238,-0.28627450980392144,0.09653092006033183,41.73276018099555
100366.64020000075,5.02413501739502,0.10846905537459259,0.09663409337676437,37.382117263843746
35143.87110000003,5.427009773254394,-0.2003278688524591,0.12131147540983606,29.63416393442623
41279.87990000004,7.7020471572875975,-0.4530555555555554,0.08611111111111111,49.07138888888888
133886.74800000046,6.811664390563965,-0.4819296811120195,0.07113654946852002,49.18773507767815
54304.96680000014,5.551202964782715,-0.7234309623430961,0.11715481171548117,48.10418410041845
38680.96329999999,6.379233360290528,-0.0924791086350974,0.06406685236768803,33.64431754874651
40097.667000000074,9.36392002105713,0.39610027855153274,0.09749303621169916,34.9301114206128
24128.891299999974,5.176520347595214,-0.4799107142857148,0.03571428571428572,57.57366071428571
51743.83160000012,6.692643547058106,-0.24143763213530686,0.10993657505285412,38.5545665961945
34481.628100000016,4.9752534866333,-0.34415584415584455,0.07467532467532467,45.110097402597404
322312.26190000214,8.360469627380372,-0.2729627071823201,0.07147790055248618,52.8171788674036
44942.10800000008,9.185600471496581,-0.7963235294117637,0.0784313725490196,45.85759803921569
127074.43810000058,7.372551536560058,-0.23626086956521725,0.07391304347826086,44.222286956522
30574.4589,9.420007514953614,-0.7981884057971008,0.06884057971014493,76.04420289855072
50088.519100000136,6.640522193908692,-0.24786324786324826,0.04700854700854701,51.38012820512829
329482.5364000025,5.594230079650878,-0.2437956204379567,0.07199734571997346,45.16335102853381
56906.29650000012,9.88791904449463,-0.9347999999999987,0.07200000000000001,61.86020000000011
100829.9852000006,8.676558113098146,-0.6062146892655352,0.08248587570621468,46.90758192090417
18827.684800000006,9.426518821716307,0.24378698224852052,0.17159763313609466,35.48047337278104
14606.312899999984,9.369464302062987,-1.078688524590164,0.11475409836065573,44.898360655737676
212004.6119999999,6.798705101013183,-0.15901298701298697,0.07220779220779219,50.979532467532806
50279.88030000009,9.675431251525882,-0.9197278911564608,0.07936507936507936,33.389342403628135
66033.37160000028,5.21039638519287,-0.48344155844155845,0.06006493506493506,63.72029220779247
67234.63820000012,9.14859561920166,-0.5258764607679463,0.10851419031719532,46.92123539232062
16272.529899999981,10.07474842071533,-0.5026490066225165,0.033112582781456956,48.782119205297995
119030.9792000006,5.74905948638916,-0.6202898550724634,0.08309178743961351,48.17325603864762
27458.973000000016,4.584826469421387,-0.1590163934426232,0.0901639344262295,46.564795081967205
73030.41770000037,8.366271781921387,-1.03380503144654,0.08176100628930819,45.15316037735858
130846.29570000083,5.912301063537597,-0.22561492790500381,0.08481764206955048,39.29960135708248
28232.697599999996,8.643937110900882,-0.26666666666666694,0.03745318352059925,52.06029962546817
141718.45710000105,4.895110511779785,-0.3772334293948118,0.048270893371757925,40.188904899135814
106693.89900000094,5.096150016784667,-0.38848425196850184,0.03740157480314961,55.784350393701146
68617.84930000025,5.869387626647948,0.3577812018489991,0.07395993836671803,42.36644067796619
8734.143099999998,10.197044944763181,-0.2657894736842105,0.10526315789473684,71.91065789473683
58302.85540000003,9.196366691589354,0.05263157894736843,0.08458646616541354,33.236484962405996
14685.609599999976,9.204231834411619,-0.18396946564885494,0.0916030534351145,46.603129770992346
16419.02209999999,9.661635017395021,0.7239726027397257,0.18493150684931506,29.215068493150664
24261.17850000001,11.652612113952639,-0.8545023696682462,0.05687203791469195,56.405687203791445
57824.54520000005,8.309281730651858,-0.27142857142857163,0.05075187969924812,36.46691729323308
18225.865799999978,9.51587200164795,-0.3777108433734945,0.06626506024096385,56.30542168674697
38778.133800000076,9.557905387878417,0.48559556786703667,0.09418282548476455,51.599722991689745
100804.14620000075,6.164723014831543,-0.5614147909967858,0.06002143622722401,54.89132904608822
62746.22620000016,8.246553993225099,0.421616871704746,0.10544815465729349,46.146801405975495
61476.20200000021,7.852974510192872,0.3728085867620751,0.10912343470483006,50.2328264758499
34019.65980000003,9.477190971374515,0.6146496815286633,0.10828025477707007,38.59872611464967
217038.76009999882,6.0572404861450195,-0.3982032854209448,0.08470225872689938,42.33070328542131
48290.893600000134,5.8844499588012695,-0.2930585683297181,0.039045553145336226,60.431887201735485
46674.39490000004,6.716970634460449,-0.5815533980582521,0.0703883495145631,59.460436893203905
86605.8778000005,5.7494005203247065,-0.04761290322580655,0.07870967741935483,45.04841290322595
14786.806599999985,9.21409549713135,-0.7554687499999998,0.0859375,49.51406249999998
29165.009399999988,5.800328254699706,-0.14592592592592596,0.06296296296296296,35.67148148148149
82409.66510000046,6.7789819717407225,-0.3461434370771313,0.09607577807848444,56.535060893099065
53365.309200000054,8.522865486145019,-0.2838842975206614,0.08884297520661158,38.790929752066106
75758.5432000003,8.537886619567871,0.434492753623189,0.08985507246376812,43.8608840579711
43518.744300000035,9.38854694366455,0.46421568627451093,0.08333333333333334,51.6838480392157
32754.745800000033,6.499845695495605,-0.2672240802675587,0.07692307692307693,62.17093645484948
178185.46399999975,5.668859672546388,-0.4667616875712664,0.05530216647662486,48.569954389966306
23490.5626,7.6984663009643555,-0.2750000000000001,0.07547169811320756,31.5882075471698
92727.20740000057,9.11423397064209,-0.5200234192037456,0.06323185011709602,53.07822014051553
226291.5049999993,5.599629783630371,0.030850000000000034,0.1125,39.62507000000035
55763.1514000001,5.312649726867675,-0.06367265469061897,0.10379241516966067,44.23135728542917
46342.2864000001,6.2874952316284185,-0.6785547785547779,0.04195804195804196,53.779020979021034
21856.784900000013,9.376426887512206,-0.7212435233160625,0.056994818652849735,49.70000000000001
7746.8866,6.268226814270019,-0.7768115942028986,0.043478260869565216,25.62318840579711
20252.151099999992,9.639135551452636,-0.5337078651685399,0.08426966292134833,37.15960674157302
44019.37240000012,4.861007118225097,-0.06412213740458017,0.10178117048346057,41.562875318066155
49218.73400000005,8.36079196929932,-1.026315789473683,0.10526315789473684,42.248564593301474
41496.10899999997,7.036633110046386,-0.27262569832402295,0.16759776536312848,42.05958100558658
94445.98220000045,6.191721534729004,-0.08891537544696103,0.10250297973778308,54.59286054827199
36655.192400000036,8.809943199157715,0.7083076923076924,0.12615384615384614,44.75110769230768
60860.94910000008,7.9754644393920895,0.4477313974591653,0.10707803992740472,36.254301270417415
11428.325099999996,9.645388984680174,0.24271844660194175,0.10679611650485438,29.069029126213593
112099.68000000085,7.806363868713379,-0.19662231320368492,0.10133060388945753,46.65969293756418
25565.593700000005,4.747442817687988,-0.35695652173913067,0.06521739130434782,50.640434782608686
53738.17879999997,9.160135459899902,-1.070410367170623,0.08855291576673865,43.08660907127431
57667.64950000013,8.333263969421388,-0.7523232323232316,0.10707070707070707,47.049919191919194
54422.400900000124,7.054480552673339,-0.560381355932203,0.09533898305084747,54.84917372881364
75163.37360000022,9.300160789489745,-1.0131375579598132,0.08346213292117464,34.01051004636788
74078.38780000036,6.146818733215332,-0.23936651583710397,0.08446455505279035,39.22067873303172
62216.27350000013,7.2514844894409185,-0.12899305555555554,0.07118055555555555,45.540625000000055
53338.56570000012,6.564301109313964,-1.2302325581395346,0.07399577167019028,48.83932346723048
51844.34550000007,5.942198371887207,-0.41296703296703335,0.12307692307692308,39.964417582417575
25999.57630000002,5.96732120513916,-0.12904564315352685,0.07053941908713693,49.21369294605809
191612.38379999995,5.480949974060058,-0.2427462686567158,0.09611940298507464,41.793743283582344
187027.7445000002,5.573597526550292,-0.15445121951219462,0.09390243902439024,42.56190243902463
25702.82310000002,4.813717079162598,-0.4303571428571432,0.11607142857142858,41.42410714285714
45010.92970000002,7.803720664978028,-0.030455635491606653,0.07913669064748202,35.30314148681055
227336.572000001,5.423031044006346,-0.8545131845841839,0.04969574036511157,49.40872718052779
36431.014600000046,5.515451240539549,0.010495626822157508,0.07288629737609328,50.45626822157434
16184.537999999986,6.553444862365722,-0.20068493150684927,0.08904109589041097,52.12054794520548
109004.40830000062,5.856769371032715,0.09701030927835151,0.1,51.47682474226828
54505.91859999999,9.548364067077635,-0.815170940170939,0.08547008547008547,37.93739316239317
111410.86980000092,6.942621421813963,-0.21469681397738988,0.10380267214799589,49.661778006166664
40044.247600000046,8.773518562316895,-0.4526170798898071,0.06611570247933884,61.86611570247941
26592.39260000002,8.071006584167481,-0.2274261603375527,0.08016877637130802,38.64683544303796
90044.2205000005,8.97524013519287,0.15204968944099334,0.09192546583850933,52.640260869565466
28501.165499999963,9.263671684265137,-0.5156716417910446,0.033582089552238806,82.18358208955226
98222.13780000064,5.208236503601074,-0.8269896193771626,0.07151095732410612,56.37208765859315
40583.9346000001,8.900779151916506,0.39038461538461544,0.1401098901098901,35.93873626373625
40573.91840000008,8.894074440002441,0.3752747252747253,0.13736263736263737,35.09725274725274
45282.58119999999,7.863676261901856,-0.16817042606516347,0.13784461152882205,32.95288220551379
55740.570700000084,6.2037145614624025,0.05597609561752967,0.08764940239043825,40.48886454183266
85861.5652000004,4.919551277160643,-0.7881266490765164,0.07519788918205805,51.09077836411633
29818.84060000001,8.302899360656738,-0.41750972762645905,0.12840466926070038,41.69385214007781
44410.333600000136,8.993549156188966,0.33233082706766914,0.11027568922305764,42.97345864661655
20623.634299999994,5.400409126281737,-0.5719780219780224,0.13186813186813187,43.08846153846153
43015.62510000006,5.858304023742675,-0.6902564102564104,0.06153846153846153,49.64461538461538
51789.489200000135,5.918837547302245,-0.6046121593291407,0.05450733752620544,53.419077568134234
41759.8393,7.052775382995605,-0.6360201511335011,0.05541561712846347,73.92042821158707
19717.442500000005,9.425036048889162,-0.2588571428571428,0.08,52.83771428571427
69622.54950000026,6.47165355682373,-0.5198113207547163,0.06761006289308176,60.52735849056628
227972.28639999926,5.557114219665528,-0.0020947630922691493,0.11471321695760599,41.669845386534
57257.63830000008,5.517497444152831,-0.4538899430740033,0.06451612903225806,61.5838709677421
18664.592200000003,5.670053291320801,-0.4921686746987952,0.13253012048192772,38.43975903614458
40763.967700000045,5.626685142517089,-0.3944903581267218,0.08264462809917356,38.80743801652892
55102.359900000054,5.313388633728027,-0.7097510373443982,0.10373443983402489,40.4788589211618
18730.783999999996,5.647942924499512,-0.3807228915662648,0.13855421686746988,36.43253012048192
112414.9975000007,6.087876701354979,-0.5259519038076141,0.07915831663326653,54.207424849699706
107166.62540000078,5.493738746643066,-0.2522655426765013,0.0874604847207587,45.4927397260276
107231.80810000078,5.615828895568847,-0.24910432033719676,0.0874604847207587,45.05174920969463
62340.003000000164,8.971500968933107,-0.870422535211266,0.05809859154929578,50.34876760563393
288981.83820000046,5.717684364318848,-0.5755850234009383,0.052652106084243366,54.59528861154471
36962.88530000002,8.611187171936038,0.8898507462686575,0.10746268656716418,36.17555223880596
79755.0444000004,8.728261756896973,-0.5973277074542878,0.07172995780590717,65.28538677918449
49965.12380000007,4.97809543609619,0.6948051948051955,0.11255411255411256,33.191125541125515
97915.0526000005,5.339932441711425,-0.4200940070505284,0.07638072855464159,55.53373678025877
88066.8162000005,5.936969184875489,-0.4033766233766225,0.08571428571428572,48.215324675324894
72695.11940000032,6.477962684631348,-0.27442218798151,0.09399075500770417,45.37257318952245
57741.33860000013,4.741361045837402,-0.23791821561338306,0.06691449814126393,50.41468401486993
75623.90540000034,5.694096183776855,-0.19866468842729978,0.10979228486646884,35.205949554896165
138341.5818000009,7.476794242858888,-0.14821138211382134,0.09186991869918698,47.83905691056937
113375.49710000052,5.2078954696655275,-0.10779595765158806,0.07988450433108758,45.98586140519756
16987.75929999999,8.548652839660647,0.21081081081081096,0.11486486486486487,37.99189189189188
45302.07640000004,6.067073631286621,-0.04820143884892085,0.07913669064748202,39.542949640287766
54696.4389000001,5.148385047912597,0.17647058823529413,0.09330628803245436,41.50691683569981
162421.59939999998,6.460854148864747,-0.33506224066389934,0.09474412171507607,45.53070539419114
110328.67240000065,5.953452491760253,-0.20100200400801593,0.0841683366733467,47.151543086172666
60882.260600000154,5.438889122009278,0.15218150087259985,0.05410122164048865,36.721815008725976
31697.788500000002,6.116409873962401,-0.058445945945945925,0.060810810810810814,42.774324324324304
35213.03320000002,8.593200492858887,-0.12763975155279494,0.08385093167701863,38.296583850931675
61556.991900000045,9.163939094543458,-0.9235067437379547,0.09441233140655106,45.9799614643546
23024.953000000005,8.52563762664795,-0.47263681592039825,0.0845771144278607,31.69452736318408
80109.0339000003,8.300191688537598,-0.34360795454545395,0.078125,43.98640625000012
60640.43800000012,5.976074409484863,-0.7895910780669136,0.04646840148698885,61.985873605948164
51926.80870000006,5.523067665100096,-0.12908704883227173,0.07218683651804671,33.89554140127387
36710.5828,8.435446357727052,0.642367601246106,0.12772585669781933,39.852429906542056
34827.06160000003,8.44659938812256,0.6948717948717951,0.1282051282051282,38.26384615384614
61578.617800000095,7.561939048767091,-0.8596330275229346,0.04954128440366972,55.40770642201855
30062.22890000001,7.602294731140138,-0.2403703703703706,0.07777777777777778,43.58999999999999
282560.60360000114,8.999415779113772,-0.4784118116520357,0.09297685554668794,51.33501995211523
261728.52569999907,8.516934394836426,-0.22680501513186324,0.09208819714656291,58.18203199308295
62411.45370000017,6.2586778640747065,-0.32967625899280595,0.09352517985611511,30.717266187050363
50112.41690000007,5.7626440048217775,0.6203947368421067,0.12280701754385966,38.739912280701745
91916.41530000052,8.973563957214356,-0.25854241338112216,0.0967741935483871,42.1389844683395
63929.6327000003,8.834247779846194,-0.037414965986394856,0.08673469387755102,60.36039115646272
35060.8806,8.737609672546387,-0.5778877887788781,0.132013201320132,32.478943894389445
50117.494600000064,6.361385917663574,-0.20767590618336876,0.05543710021321962,36.80852878464817
68267.12450000021,6.593686866760254,0.6499212598425209,0.10866141732283464,34.015307086614186
29597.369900000034,10.161716270446775,-0.3296577946768063,0.07224334600760457,19.639163498098846
29295.067700000036,10.095700645446776,-0.21216730038022794,0.06463878326996197,19.706844106463862
29455.263300000035,10.249328804016113,-0.24448669201520906,0.06844106463878327,19.770722433460065
13301.992799999982,6.835991477966309,-0.20731707317073156,0.05691056910569105,51.42764227642276
104756.20900000045,6.100608634948729,-0.3327677624602331,0.0784729586426299,47.952502651113754
74730.99920000031,6.53792781829834,-0.31582181259600617,0.130568356374808,41.70049155145939
62260.42420000009,7.242447090148926,0.03208191126279823,0.06143344709897611,45.31042662116051
91954.0220000006,5.405297279357909,-0.047017543859649444,0.07368421052631578,55.79929824561431
75472.02810000037,6.173703575134277,-0.38187134502923836,0.06725146198830409,43.252339181286686
20712.81200000002,9.605869865417482,-0.13473684210526313,0.047368421052631574,46.075315789473684
27406.551399999997,4.793027687072754,-0.2864864864864864,0.03861003861003861,65.26370656370655
68959.31970000018,7.286383628845214,-0.10231788079470219,0.12251655629139073,42.38529801324509
209450.41329999885,5.382277488708497,-0.38385331143951895,0.13026819923371646,37.837214012041905
312018.55380000186,5.205621910095213,-0.33639665819106496,0.12459135488557938,38.53569560479507
25650.162200000002,9.982623100280762,-0.7674311926605508,0.0871559633027523,54.07522935779815
85045.78100000034,6.444996070861816,-0.4219867549668856,0.08211920529801325,39.738158940397405
277987.0652000018,5.020156288146972,-0.233081510934397,0.10099403578528827,34.76980516898638
80246.07940000028,8.93836421966553,-1.053343023255813,0.07994186046511628,43.69302325581415
58701.09120000008,9.087350654602051,0.4129629629629637,0.10370370370370371,41.56818518518519
37207.885200000026,5.858247184753417,-0.15115606936416182,0.07225433526011561,32.44537572254335
162714.9759000003,6.172794151306152,-0.22910447761193953,0.09497964721845319,48.67280189959326
208440.84589999914,6.458466911315917,-0.3158993576017128,0.07869379014989292,59.031017130621294
26047.57750000003,5.674884605407715,-0.3371179039301314,0.07860262008733625,46.31615720524016
92155.39950000052,5.76281452178955,-0.1942583732057411,0.07416267942583732,54.028947368421285
57647.44750000003,8.606867790222172,0.40168855534709225,0.1125703564727955,27.70174484052533
20108.6193,5.9526567459106445,-0.34261363636363656,0.10227272727272727,60.01193181818182
42323.98860000004,8.643550300598147,-0.04198895027624307,0.13812154696132595,36.426795580110486
27013.171100000003,9.477835655212402,-0.03786008230452672,0.07407407407407408,62.295061728395055
15137.393899999974,9.948583793640136,-0.14264705882352935,0.125,53.57279411764705
57157.48140000004,5.766338539123535,-0.4903288201160546,0.09284332688588007,37.71392649903286
19534.62800000001,9.349156761169432,-0.2676300578034682,0.0809248554913295,39.467630057803454
19814.8676,9.165486335754395,-0.30057803468208083,0.08670520231213874,39.11098265895953
80715.5257000002,5.766963768005371,-0.1946927374301678,0.06983240223463687,41.47724860335209
17780.96629999998,9.685230445861816,-0.6856209150326799,0.1045751633986928,49.62679738562089
59862.15340000003,5.7195032119750975,0.44414414414414444,0.1045045045045045,42.586900900900915
64506.642400000135,8.685454750061037,0.18547008547008523,0.1111111111111111,42.94666666666675
29137.048800000008,7.802882575988771,-0.4815384615384615,0.06923076923076923,68.24846153846154
28497.589500000002,7.064825248718263,-0.02093023255813948,0.08527131782945736,51.621317829457375
95466.65060000066,8.343127632141115,0.011972633979475442,0.08323831242873432,39.4228050171039
208058.86569999967,4.987473869323729,0.07113289760348605,0.11655773420479304,41.53455337690663
110960.57620000068,7.81945095062256,-0.712942366026289,0.06673407482305359,49.130131445905214
119111.88370000062,6.655470848083497,-0.25535224153705394,0.05763952424519671,44.49871912168368
34348.50630000002,9.338261604309082,-0.5898461538461538,0.04000000000000001,68.88369230769236
101155.49460000079,8.716399574279784,-0.234116331096197,0.11633109619686802,38.97340044742746
142288.10150000043,5.972323036193848,-0.2549450549450549,0.07456828885400313,45.16917582417603
65940.80380000021,7.734047508239747,-0.02137809187279184,0.13427561837455831,42.893321554770324
57018.47940000015,6.327055168151856,0.07171314741035852,0.10756972111553785,45.401055776892456
44979.54200000004,8.749213981628419,-0.061904761904761886,0.11528822055137844,30.282205513784458
33867.56569999999,6.6981000900268555,-0.5049504950495051,0.11221122112211221,37.8112211221122
77915.94740000044,5.9956270217895495,0.22895863052781887,0.11412268188302425,44.34312410841669
64576.442800000135,9.627079963684082,-0.7117229129662511,0.08525754884547068,37.7190053285968
72340.31380000027,6.34694881439209,-0.7743749999999994,0.0640625,59.47640625000022
51316.387900000016,6.46517391204834,-0.4330415754923412,0.12035010940919037,54.22284463894973
98992.50250000056,7.138715934753418,-0.49548088064889867,0.11355735805330243,59.838134414832304
44991.027400000035,6.4389142990112305,0.730751173708922,0.11032863849765259,44.07629107981219
41114.42670000001,5.0049234390258786,-0.5783999999999998,0.06933333333333333,63.23626666666674
39219.23730000002,4.894485282897949,-0.5826815642458097,0.07541899441340782,67.41871508379894
27524.467600000014,8.820451545715333,-0.23952569169960464,0.05138339920948617,31.00948616600792
43507.50910000006,8.71195125579834,-0.4510695187165776,0.10160427807486631,51.168449197860966
20541.871200000016,5.773557090759277,-0.8065217391304347,0.048913043478260865,54.298423913043486
123251.05200000067,5.585249519348144,-0.46651333946642015,0.07911683532658693,46.83827966881347
23382.494300000028,6.1829683303833,-0.42437810945273646,0.0845771144278607,51.603482587064654
15422.976699999985,11.512586784362792,-0.583088235294118,0.05147058823529412,49.141176470588235
16466.148099999984,11.3905481338501,-0.4639455782312931,0.04761904761904762,41.81360544217688
15403.907199999983,11.126936912536618,-0.579411764705883,0.05147058823529412,49.0014705882353
15387.841599999985,11.269347572326659,-0.6036764705882358,0.05147058823529412,47.186764705882354
15429.921299999984,11.269347572326659,-0.5860294117647064,0.05147058823529412,43.529411764705884
15327.723499999982,11.269347572326659,-0.618382352941177,0.05147058823529412,44.2389705882353
15213.556299999984,11.105275535583491,-0.5829629629629636,0.044444444444444446,42.63629629629629
15508.077799999988,11.126936912536618,-0.58014705882353,0.05147058823529412,48.68455882352942
51675.76610000003,6.547306251525879,-0.4341991341991338,0.11904761904761904,33.88160173160173
65424.35070000009,9.318083000183105,-0.9374999999999976,0.10507246376811594,41.84476449275368
42507.90899999999,10.076102256774899,-0.6769423558897228,0.03759398496240601,94.20927318295777
109147.78470000069,9.13215618133545,-0.4478348439073506,0.045317220543806644,49.25146022155111
138597.13940000057,6.1047578811645495,-0.4811605723370438,0.07074721780604135,52.61988076311644
96685.02890000082,9.09914836883545,-0.25689252336448354,0.10397196261682243,54.867418224299335
24266.864199999996,4.763300895690917,-0.3452054794520547,0.1095890410958904,36.091324200913235
23515.189200000015,6.9779752731323255,0.4324200913242006,0.0730593607305936,38.755251141552506
23291.316399999996,8.324689674377442,0.6913636363636365,0.08181818181818182,42.032772727272736
160542.84610000008,6.418906974792479,-0.10946786454733956,0.09744298548721492,48.5463234277819
63061.4873000001,8.5229944229126,0.5904929577464805,0.11619718309859156,40.35882042253525
61754.42390000016,9.11487865447998,-0.08885077186964006,0.06174957118353345,50.072212692967575
69930.89940000021,8.378778648376464,-0.4346600331674957,0.1044776119402985,52.5131343283583
24983.624499999998,4.854811668395995,-0.47954545454545466,0.11363636363636363,36.39136363636362
12551.246399999989,10.193241310119632,-0.7265486725663717,0.05309734513274336,76.08495575221238
102478.83940000067,6.733453941345215,-0.25356371490280755,0.07667386609071275,55.876490280777816
88907.48200000054,8.771971321105958,0.057340025094102715,0.09159347553324969,35.01693851944801
23379.64669999998,6.499504661560058,-0.8902439024390244,0.10731707317073172,34.155609756097554
62394.08900000017,6.204623985290527,-0.8869337979094084,0.07317073170731708,72.69355400696901
115066.45650000064,5.380003929138184,-0.6096209912536442,0.05247813411078718,55.635179786200474
28525.656600000006,6.950749397277832,0.494795539033457,0.08178438661710037,30.24869888475836
35500.63940000005,5.833976936340332,-0.029411764705882287,0.04953560371517028,57.1065015479876
72512.40840000033,5.718252754211425,-0.38260188087774283,0.07210031347962383,46.47962382445149
67929.95700000017,5.970049476623536,-0.5540540540540537,0.07263513513513513,45.09020270270275
38492.027099999956,6.4356176376342775,-0.4895442359249334,0.05630026809651474,55.27774798927608
176751.22490000035,9.530055046081543,-0.633097686375323,0.07712082262210798,53.77880462724972
85022.12940000062,7.073635292053221,-0.7507227332457317,0.076215505913272,68.05231274638666
96108.4944000007,8.353249168395998,0.42746170678337236,0.08643326039387308,34.12268052516423
318060.1462000023,5.821472358703613,-0.08648255813953452,0.1224563953488372,50.09417151162822
53863.64350000011,6.2021799087524405,0.20497925311203302,0.11410788381742738,40.86269709543568
89320.77570000071,5.13815402984619,-0.34764267990074404,0.05831265508684864,39.69604218362293
153936.57070000027,8.972210121154788,-0.46908474576271125,0.07389830508474576,60.83505762711911
68518.88320000024,5.560354042053221,-0.5618739903069472,0.07754442649434573,39.240549273021045
44712.065700000014,5.801976585388183,-0.7644927536231876,0.04589371980676328,48.55893719806762
72594.89240000019,5.506925392150878,-0.20692307692307715,0.11846153846153847,43.18787692307701
46742.43190000007,6.144715690612792,-0.040375586854460056,0.05633802816901408,39.64131455399062
56337.66390000006,5.728938484191895,-0.38843813387423953,0.08316430020283976,51.68397565922929
218002.0806999998,5.618841361999511,-0.833525104602515,0.07060669456066945,53.08692991631839
37534.91940000002,8.64516201019287,-0.29307228915662686,0.08132530120481928,55.15512048192769
35159.377600000036,8.514162254333495,0.7917460317460313,0.12063492063492062,41.809301587301555
77297.89450000029,6.537302589416504,-0.8857979502196182,0.05417276720351391,60.99985358711592
23408.380900000004,5.655673027038574,-0.036966824644550325,0.1042654028436019,46.86450236966825
43695.75640000001,5.5763257980346665,-0.5223918575063605,0.08396946564885496,50.46132315521628
152929.24030000027,5.675964546203613,-0.3955072463768105,0.08405797101449275,38.25261594202924
53894.583300000115,6.353371620178222,-0.2403960396039598,0.05148514851485149,50.26415841584165
286099.5582000032,6.3537694931030275,-0.11448357736446335,0.06964780371982587,44.529687376335886
184979.85269999935,5.609633445739747,-0.2674065420560743,0.07242990654205607,42.89400116822464
49146.96410000003,7.257111549377441,-0.12418300653594769,0.04793028322440088,44.482570806100185
83353.18080000042,6.301079750061036,-0.43815967523680605,0.046008119079837616,57.50838971583239
83183.69380000065,5.773102378845214,-0.5357336956521729,0.08695652173913043,51.87979619565232
50360.180200000126,4.8507192611694325,-0.4450549450549447,0.05054945054945055,61.98527472527487
30026.174000000043,5.124740028381347,0.006642066420664188,0.0996309963099631,38.82988929889299
34712.762700000065,9.834023475646973,0.45048231511254017,0.09646302250803859,55.696816720257225
67269.15660000022,4.898122978210449,-0.4183673469387746,0.07653061224489796,49.83846938775525
189710.7614000001,8.491662788391114,-0.5361727654469103,0.08818236352729455,43.76137372525529
19890.827099999995,6.329215049743653,0.005291005291005347,0.031746031746031744,27.855026455026444
104656.30170000065,5.728711128234863,-0.5674686192468611,0.05753138075313807,55.64361924686224
92305.91120000058,6.415610313415528,-0.6408602150537613,0.05376344086021505,49.43464755077687
89453.24540000032,8.451821327209476,-0.7784363177805803,0.05170239596469105,58.0635561160153
162132.1557,6.444825553894042,-0.3347675225537814,0.09576682859125607,37.33331714087463
26422.484200000014,6.600166511535646,-0.3533898305084748,0.08898305084745764,34.899194915254235
114944.9919000006,7.50060977935791,-0.2209478672985776,0.08246445497630334,50.098312796208795
293233.13450000185,7.887916374206543,-0.044855491329479885,0.102504816955684,44.591005780347146
10441.045299999989,9.348383140563964,-0.08913043478260876,0.07608695652173914,85.86304347826085
24548.4444,8.465875434875489,0.5578260869565217,0.1,46.52134782608695
42196.833600000056,6.2027482986450195,-0.6865979381443292,0.06958762886597938,65.9564432989692
87584.15750000038,5.084213829040526,-0.4534120734908128,0.09448818897637795,48.91118110236238
54691.37610000005,5.893089485168456,-0.18985507246376826,0.07039337474120083,37.2256728778468
42253.17020000006,6.3891801834106445,-0.36684210526315775,0.09210526315789473,46.06868421052632
19607.451500000006,5.488339042663574,-0.011428571428571677,0.08571428571428572,41.52342857142856
57487.5568000001,6.0121671676635735,-0.014766355140186883,0.03551401869158878,31.590654205607464
44194.2464,9.203651618957519,0.31999999999999973,0.0975,42.88852499999999
47686.6691000001,5.102061271667479,-0.6322727272727274,0.061363636363636356,59.37090909090918
68406.80000000032,5.2670080184936525,0.29196290571870137,0.06027820710973725,45.61282843894911
27712.467399999998,6.788871955871582,0.16730038022813698,0.07604562737642585,31.675285171102647
97586.99760000053,5.945324516296386,-0.45028901734103915,0.10057803468208093,41.20336416184986
41212.102200000125,5.98107624053955,-0.5647540983606555,0.05737704918032786,56.19207650273221
22077.05879999999,8.379423332214355,0.7511961722488039,0.07177033492822965,35.67851674641148
59670.387500000084,5.4519052505493155,-0.19186691312384516,0.03696857670979667,34.065434380776324
48075.71560000013,6.290735054016113,-0.7214622641509425,0.07547169811320756,50.27452830188678
41346.86000000002,5.762018775939941,-0.7327956989247305,0.06720430107526881,42.448387096774184
64410.61270000019,9.137378120422365,-0.22760416666666716,0.08680555555555555,45.822274305555624
56647.16540000021,9.027459526062014,-0.6451055662188102,0.07485604606525911,67.40345489443399
50770.79840000011,8.2058744430542,-0.37900432900432884,0.06277056277056277,68.19913419913436
48675.815700000036,8.489728736877442,-0.4032183908045974,0.0942528735632184,50.786919540229924
78845.7135000004,8.275822639465336,-0.5932011331444744,0.06657223796033995,66.87621813031194
49521.57230000015,10.323531913757321,0.1850649350649351,0.10822510822510822,53.74696969696973
17350.210699999996,6.1449998855590815,0.8633986928104573,0.19607843137254904,48.48307189542485
28869.83710000003,6.591811180114747,-0.5363984674329506,0.09578544061302682,25.782758620689652
99772.2544000006,4.979743766784667,-0.3618346545866356,0.10305775764439412,49.578856172140625
35963.94420000004,6.66240520477295,-0.09182389937106931,0.1320754716981132,36.68088050314466
34193.11950000002,6.070540809631347,-0.08366013071895419,0.09477124183006536,41.21673202614379
18178.6725,8.780416679382324,-0.22073170731707314,0.08536585365853659,35.651829268292666
54039.17060000003,6.209796333312987,-0.40469083155650293,0.09381663113006397,40.62132196162046
43877.71640000009,7.528745079040529,0.33143564356435706,0.09158415841584158,49.57727722772276
105820.24370000068,8.890464210510256,-0.14973432518597263,0.09032943676939426,45.05282678002144
20999.676700000004,5.792427635192872,-0.3252688172043014,0.1075268817204301,28.239247311827945
28896.70390000001,9.680588722229004,-0.5037453183520596,0.07116104868913858,63.44831460674155
51328.24690000017,9.432063102722168,0.13002207505518748,0.10154525386313466,57.15986754966894
35115.82059999999,9.02900676727295,0.8386581469648572,0.10543130990415335,41.39073482428115
72974.85450000025,8.854619789123536,-0.9313099041533534,0.07827476038338657,50.180351437699855
76252.91910000035,8.888659095764162,-0.4297176820208011,0.06092124814264488,48.76493313521559
21255.389699999985,5.0813718795776355,-0.5430693069306936,0.01485148514851485,73.3079207920792
37154.79500000006,6.478531074523925,-0.8660660660660658,0.06906906906906907,58.35285285285285
37127.769700000055,6.478531074523925,-0.8579579579579577,0.06906906906906907,58.93123123123122
44129.12090000011,7.765024757385254,-0.3471464019851121,0.10421836228287841,48.70076923076922
13604.207299999991,10.255711174011228,-1.1406779661016948,0.025423728813559324,65.7466101694915
13757.361199999985,8.92585735321045,-1.0652542372881362,0.05084745762711864,62.92372881355933
85033.64640000035,6.767102622985839,-0.31483870967741906,0.08516129032258064,42.877935483871106
34525.68210000003,5.271043586730956,-0.30152439024390276,0.04878048780487805,69.81097560975616
39942.07530000004,8.544978141784668,-0.10909090909090927,0.07670454545454546,60.17613636363637
23658.4145,8.3178560256958,-0.42790697674418615,0.07906976744186046,28.934883720930237
52864.16820000012,5.867227745056151,-0.6936974789915966,0.03991596638655462,77.9527310924372
39929.86560000006,6.091741752624511,-0.5525568181818177,0.07670454545454546,48.274715909090894
34842.37990000005,8.984588050842287,0.03803278688524597,0.12786885245901639,42.32131147540984
19533.790399999983,4.870499229431151,-0.6479768786127175,0.08670520231213873,22.18901734104046
13695.556099999987,9.069363975524901,-0.29767441860465116,0.03875968992248063,43.058914728682154
74176.5921000003,6.297157859802247,-0.8018376722817749,0.05666156202143951,54.71638591117934
98096.34860000071,5.75531177520752,-0.7726231386025187,0.06529209621993126,48.46323024055007
18229.67410000001,9.334780311584474,-0.5037974683544303,0.12658227848101264,54.217784810126574
17417.1236,4.816217994689941,0.05705128205128202,0.06410256410256411,31.262179487179466
33555.63070000005,9.642487907409667,0.53953488372093,0.10299003322259137,53.24857142857142
49444.43030000004,7.206581687927247,-0.9581395348837194,0.03953488372093024,52.65534883720933
101995.74760000056,6.7398767471313485,-0.42582417582417437,0.07692307692307693,42.86463736263755
48810.808,9.523801612854005,-0.3278867102396515,0.06971677559912855,44.901742919389974
41236.11170000009,4.885902595520019,-0.7389920424403188,0.037135278514588865,73.25013262599481
52592.374600000076,6.346039390563964,-0.5841409691629952,0.07929515418502203,48.85572687224671
46940.25120000013,6.791713905334471,-0.1896470588235295,0.06823529411764706,42.533411764705875
44993.67619999998,8.6679838180542,-0.6719257540603247,0.06728538283062645,58.370997679814415
17024.51559999999,8.551296043395997,-0.3190789473684211,0.07236842105263158,35.417105263157886
51023.546300000125,8.389673805236818,0.0695364238410597,0.11920529801324503,37.81834437086091
33391.93970000001,5.460885810852051,-0.024675324675324628,0.06493506493506493,41.18701298701299
56967.46330000014,7.537839317321779,-0.714450867052022,0.053949903660886325,74.3157996146438
105807.73990000074,6.129482841491699,-0.5397044334975369,0.0561576354679803,60.38710344827628
36312.24050000003,5.871888542175292,-0.17227414330218097,0.11526479750778817,33.4318691588785
80963.68830000037,6.905448722839356,0.20788770053476005,0.07754010695187166,38.838770053476054
81035.90140000035,5.945779228210449,-0.2974965229485387,0.10152990264255911,48.61154381084852
46596.03210000013,5.4363313674926745,-0.29270588235294154,0.07529411764705882,47.111294117647056
35759.17720000005,9.357473182678223,0.6130434782608698,0.13043478260869568,30.084503105590056
41120.16730000008,9.433739280700681,0.6151351351351358,0.0972972972972973,46.34351351351351
40494.25040000007,9.496660423278808,0.5161473087818703,0.1388101983002833,50.240226628895186
24488.079800000007,8.321014976501466,0.36096491228070104,0.12719298245614036,26.695614035087715
25698.85229999999,8.938944435119634,0.42426778242677815,0.09205020920502091,44.837698744769874
47292.55700000003,6.421578407287597,-0.9903940886699492,0.06157635467980295,52.68078817733998
62103.559800000105,6.089183998107909,0.43414634146341524,0.05923344947735192,35.37334494773517
40962.55060000007,8.91766986846924,0.40465753424657547,0.1232876712328767,60.220849315068506
22848.057499999995,6.537473106384279,0.8235023041474657,0.05990783410138249,38.093133640553
53836.8941000001,7.286269950866699,-0.7271398747390394,0.09394572025052192,62.244258872651514
51590.13090000005,7.714665412902832,-0.936026200873361,0.05676855895196506,55.635371179039446
34455.642700000026,7.542954826354981,0.8508090614886739,0.12297734627831715,49.84404530744334
60066.239100000224,8.090604972839355,-0.4507092198581565,0.06205673758865248,51.75195035461011
60024.24220000024,8.090604972839355,-0.43191489361702173,0.06205673758865248,50.40159574468102
60044.23180000023,8.090604972839355,-0.43847517730496505,0.06382978723404255,50.48670212765973
72454.77130000036,5.8020334243774405,0.5708649468892275,0.1062215477996965,37.54142640364192
70959.34860000022,6.523036003112793,-1.0743044189852686,0.06873977086743044,51.97364975450102
74287.74150000034,9.291199684143066,-1.0057542768273706,0.09953343701399689,37.9347122861587
77515.33960000041,9.300160789489745,-1.0280178837555882,0.09687034277198212,39.900327868852536
152009.48730000044,5.861259651184081,-0.7337889141989378,0.060744115413819286,47.88223993925613
80620.50520000038,10.187825965881348,-0.3761840324763184,0.05953991880920162,53.39675236806517
54938.431500000144,7.172421455383301,-0.451267056530214,0.06432748538011696,69.5748732943472
34566.451400000034,10.086288261413571,0.27491856677524384,0.10423452768729641,31.202345276872954
73456.56380000037,8.125288963317871,-0.3818181818181817,0.08012326656394453,40.74036979969195
11513.802499999987,4.259480094909668,0.10964912280701741,0.05263157894736842,55.927192982456134
23390.2338,5.329019355773925,-0.5627450980392159,0.06372549019607843,60.41034313725492
24757.622300000006,4.848900413513182,-0.35251141552511417,0.1095890410958904,31.865296803652967
31821.06850000003,5.080576133728026,-0.059106529209621915,0.054982817869415807,25.492783505154634
16072.608599999989,10.421588325500487,-0.1547297297297298,0.06756756756756757,42.675000000000004
101974.97660000055,8.46381244659424,-0.29523809523809397,0.09523809523809523,41.64709856035449
94889.0261000004,6.103223228454589,-0.4894545454545443,0.08969696969696969,56.51649696969719
35579.64870000002,5.687730216979981,-0.8435185185185183,0.08641975308641975,63.9398148148148
46892.16250000003,7.509704017639161,-0.8349887133182817,0.04514672686230248,53.55553047404067
50326.34400000003,7.509249305725098,-0.47419999999999984,0.04,43.072600000000016
39426.67800000004,7.069713401794433,-0.6238227146814401,0.0554016620498615,49.314681440443195
138348.23040000052,5.897920799255371,-0.33795036028822917,0.08326661329063251,37.07727782225804
66966.10560000029,6.659392738342286,-0.10579216354344144,0.11243611584327087,37.36732538330496
62788.23150000002,7.536532020568848,-0.3432624113475174,0.08865248226950355,60.03547872340448
24658.667999999998,9.043060874938963,-0.36681034482758634,0.06896551724137931,76.30344827586208
38220.315099999985,6.668202781677247,-0.5400552486187846,0.08011049723756905,56.81160220994474
78409.98500000048,5.667268180847168,-0.1396332863187589,0.09308885754583922,43.95162200282099
27031.394100000005,4.798541069030762,0.08070866141732286,0.07480314960629922,35.40039370078741
70374.20440000028,5.7554822921752935,-0.3439937597503903,0.06396255850234009,32.87959438377532
42249.89900000011,9.778000450134275,0.46296296296296313,0.09788359788359788,52.63333333333332
55253.032900000064,8.361887931823734,-0.9062761506276135,0.046025104602510455,49.63096234309627
79953.63250000025,6.278457832336425,-0.6470254957507061,0.05807365439093485,47.83526912181312
23896.667499999978,5.850062370300292,-0.39906976744186057,0.09302325581395349,37.94511627906975
32020.1275,8.638973045349122,-0.3238907849829353,0.06484641638225257,43.76962457337883
17050.184799999988,10.370851707458492,-0.7111111111111117,0.032679738562091505,60.56013071895424
37237.813999999984,8.33029842376709,-0.052522255192878314,0.10682492581602374,46.617507418397636
22774.537399999987,6.728111076354981,-0.3122549019607843,0.12745098039215685,42.34950980392155
66407.57850000022,5.10541477203369,-0.7882252559726954,0.03754266211604096,49.82832764505127
74719.51060000031,5.632084846496581,-0.8566358024691346,0.06790123456790123,67.39399691358057
48005.93050000002,9.934013938903806,-0.5623255813953485,0.06279069767441861,35.06790697674419
76303.88850000035,9.223636817932128,0.1767062314540069,0.1261127596439169,48.855074183976384
79743.70990000042,5.954759788513184,-0.38575458392101447,0.07052186177715092,45.141495063469854
64409.47450000017,6.551057624816894,0.6440878378378394,0.10135135135135134,45.24375000000007
237133.49349999995,6.2424219131469725,-0.5343660629170658,0.07912297426120114,55.51304099142076
53926.243100000065,5.960557365417481,-0.3730688935281839,0.060542797494780795,34.32173277661794
53974.415300000066,6.1950181961059565,-0.3751046025104605,0.060669456066945605,33.79792887029287
110699.0031000007,6.189391136169434,-0.19618021547502376,0.0773751224289912,53.84859941234115
36261.19080000005,9.511810493469238,0.7984076433121037,0.13694267515923567,38.078694267515914
55769.981100000085,6.736636924743652,-0.8389690721649476,0.06804123711340206,58.65092783505169
72453.0207000003,8.600163078308107,-0.30747384155455965,0.04932735426008968,44.1171898355756
50818.67710000009,8.84610996246338,-0.4552915766738645,0.06479481641468682,50.49634989200871
35374.68190000001,9.6505464553833,0.052024922118380085,0.1059190031152648,27.425607476635516
156331.1466000001,5.828463554382325,-0.359334298118668,0.09406657018813314,48.26869753979773
24845.094200000014,8.995096397399902,0.48177777777777725,0.10222222222222221,38.43382222222224
31566.138299999995,7.496346855163575,-0.2741496598639461,0.09863945578231292,17.2642857142857
28765.843500000014,8.993678092956543,-0.5529644268774706,0.07509881422924902,38.005928853754945
67314.0111000003,5.892180061340332,-0.2588723051409613,0.0713101160862355,49.036484245439574
69829.23950000019,7.36834545135498,0.42774193548387074,0.1564516129032258,33.399532258064504
53990.599700000064,9.069363975524901,0.7008130081300818,0.10975609756097561,38.90731707317072
77399.78440000037,9.116168022155762,-0.47395079594790124,0.06512301013024602,59.79481910274982
15818.978700000005,9.60387134552002,-0.7833333333333337,0.09420289855072463,46.6036231884058
46105.67760000003,8.690354347229004,0.5138095238095243,0.1119047619047619,42.02504761904761
347599.30250000354,5.808001518249512,-0.066359007001908,0.06015276893698281,56.16864099299814
73698.83590000038,6.650923728942872,0.2812960235640647,0.08836524300441825,38.289705449190066
40321.45800000006,5.008731651306152,-0.22500000000000003,0.0225,52.81375
57414.50530000009,6.193313026428222,0.4605714285714289,0.11238095238095239,37.95506666666666
274172.8974000027,5.593320655822754,-0.5344090202177337,0.05443234836702955,64.57251944012481
52201.29200000009,9.417944526672365,0.251397849462366,0.13548387096774192,42.34602150537634
74560.5580000004,4.930691719055174,-0.05209742895805138,0.036535859269282815,60.191069012178936
41833.4731,6.207124900817871,-0.28236914600550994,0.11570247933884298,45.52258953168044
64065.890200000256,5.932706260681152,-0.1524390243902444,0.05400696864111498,47.234686411149895
67072.83150000017,8.392510414123539,0.4637729549248751,0.15692821368948245,31.158146911519196
50341.39810000009,7.438086891174316,-0.43700440528634293,0.07048458149779735,57.33964757709264
78690.3874000003,6.248958396911622,-0.5552301255230129,0.0711297071129707,62.65076708507694
119262.16030000076,6.385713005065917,-0.6026897214217125,0.07492795389048991,55.31491834774283
20746.1368,5.212044715881347,-0.03886010362694294,0.10880829015544041,17.750259067357508
37563.41380000005,5.237110710144043,0.04313725490196083,0.05322128851540616,49.76554621848739
103569.9526000006,8.350025749206544,-0.3550165380374849,0.0848952590959206,56.356681367144645
56420.597200000164,5.379606056213379,-0.11113207547169825,0.03773584905660377,45.28209433962267
113354.39890000087,6.1827409744262685,-0.26923847695390657,0.11222444889779559,45.76805611222465
227918.8570999999,5.809422492980957,-0.09115308151093421,0.07554671968190856,52.485700795228915
60860.105800000114,9.008119010925292,0.21803278688524566,0.10928961748633881,32.189817850637525
128805.0128000005,8.631236839294434,-0.7721162579473221,0.06176203451407811,56.75514986376053
104756.50130000061,5.892009544372558,-0.34555669050050986,0.06332992849846783,60.62687436159388
90272.16210000051,9.655317115783692,-0.9222791293213813,0.07810499359795134,40.104097311139725
52246.52110000011,4.898975563049316,-0.3721627408993576,0.05353319057815846,52.547537473233504
121870.93170000018,6.300340843200684,-0.9324521422060162,0.038286235186873296,49.377301731996646
130174.47090000089,5.1014928817749015,-0.9432642487046617,0.06390328151986183,71.29768566493989
45233.17330000007,5.317140007019043,-0.18963855421686793,0.07228915662650602,43.45759036144578
248423.72560000006,5.319981956481934,-0.37985546522131935,0.0989159891598916,39.552633242999434
50791.070700000084,8.861517906188965,-0.629102844638949,0.06783369803063458,69.11838074398266
108372.78690000076,9.136862373352052,-0.7152059134107694,0.08870116156282998,34.66916578669498
23846.162400000027,8.822256660461427,-0.4509615384615388,0.08173076923076923,35.94374999999999
19051.44759999999,5.201756858825683,-0.6443113772455091,0.04790419161676646,69.34730538922155
61387.98060000014,7.890624046325684,0.33814814814814803,0.13703703703703704,40.060574074074076
25865.89359999997,9.468229866027833,-0.5866108786610867,0.06276150627615062,72.57740585774056
48914.45240000011,9.052795600891113,-0.2442148760330581,0.06611570247933884,49.975619834710784
50287.57390000008,5.222389411926269,-0.2237580993520523,0.05831533477321814,49.072159827213866
68559.38820000025,5.270645713806151,-0.33972392638036786,0.06134969325153374,47.5464877300615
34856.883800000054,8.366529655456542,0.7000000000000007,0.12861736334405144,47.3929581993569
90954.27570000042,8.080225563049318,-0.41935897435897296,0.08333333333333334,47.91835897435916
33248.81040000005,9.372881126403808,-0.26824324324324356,0.08445945945945946,42.46993243243242
56072.41040000004,6.1469324111938475,-0.3739805825242714,0.06796116504854369,43.80388349514564
47516.719700000045,5.917189216613769,-0.06448598130841118,0.11682242990654207,33.65492990654205
45495.15089999999,7.285474205017089,-0.4461197339246121,0.04656319290465632,42.3141906873614
62606.48290000016,7.901583671569825,-0.4688172043010749,0.07347670250896057,52.065430107526986
46870.510100000065,6.299317741394043,-0.2579075425790756,0.072992700729927,41.25206812652069
30171.480600000024,8.798467826843265,-0.7198529411764705,0.08823529411764705,46.62720588235294
98262.20200000044,6.009666252136229,-0.38134414831981395,0.11819235225955968,38.23593279258417
40250.61790000005,8.385870170593265,0.31036414565826426,0.13165266106442577,38.68655462184874
117312.80420000083,6.270102500915528,-0.2807550644567205,0.06353591160220995,58.82163904235768
55908.844400000205,8.836439704895021,-0.6213999999999992,0.07,44.56942000000002
36811.36140000003,9.94967975616455,0.5476780185758523,0.1393188854489164,35.157027863777095
53673.82260000004,6.838208198547363,-0.8235416666666653,0.058333333333333334,63.09229166666688
15164.286599999994,6.599427604675294,-0.45777777777777795,0.059259259259259255,29.037777777777773
106456.50400000079,6.3482561111450195,-0.17394438722966007,0.05973223480947476,50.30216271884679
51155.979600000086,5.487429618835448,-0.23002159827213844,0.04967602591792657,37.44902807775377
270631.17989999935,4.731925773620605,-0.8351701782820097,0.0526742301458671,61.77314019448978
31682.843800000017,6.327623558044434,0.1124542124542123,0.09523809523809523,57.11391941391943
32978.70910000002,8.926759910583495,-0.29056603773584944,0.0880503144654088,62.205691823899365
58060.39320000013,8.809814262390137,-0.2972118959107805,0.05947955390334572,50.05799256505584
16660.9384,8.583014488220215,-0.7485915492957749,0.08450704225352113,41.48521126760565
13832.363499999992,5.654877281188964,-0.46479999999999994,0.10400000000000001,28.243199999999973
87976.75320000037,5.636234092712402,-0.325096030729833,0.08706786171574904,54.65416133162631
68596.5219000002,6.1239126205444325,0.051320132013201056,0.10891089108910891,34.85448844884489
110939.25630000078,8.681522178649903,-0.8297828335056873,0.07755946225439503,56.36600827300958
59931.689000000035,6.964618110656737,-0.7882239382239365,0.0694980694980695,57.11332046332057
64465.61880000013,8.630785560607912,0.22385786802030463,0.10490693739424703,36.64263959390863
109815.33180000071,5.277068519592285,-0.5200415368639663,0.09657320872274142,52.989221183800794
21765.519499999995,6.293747520446778,-0.7075268817204301,0.13978494623655915,47.0505376344086
61622.27560000018,8.744056510925294,-0.3691001697792867,0.06791171477079797,67.64619694397311
33932.11730000005,8.805494880676271,-0.009150326797385632,0.07516339869281045,33.87418300653596
139312.9447000006,8.542592811584473,-0.5936065573770516,0.06475409836065574,46.79329508196751
34216.6783,10.665278816223147,-0.7290849673202612,0.0457516339869281,75.03660130718957
49397.67860000007,6.360533332824706,-0.6981351981351974,0.07459207459207459,44.285081585081564
81626.78300000058,6.71071834564209,-1.4136680613668007,0.016736401673640166,98.67114365411474
80832.79360000041,6.219288444519043,-0.10817174515235482,0.09695290858725761,38.99182825484775
64845.84510000017,8.364724540710451,-0.8216606498194927,0.10469314079422382,34.616606498194955
93009.68100000062,8.887949943542484,-0.555633802816901,0.04225352112676056,59.484389671361775
61138.237300000044,6.9293210983276365,-0.7848314606741563,0.07116104868913858,61.09213483146086
29320.88370000001,9.107077980041506,0.061194029850746186,0.05970149253731344,40.05638059701492
20513.037900000018,5.185898780822753,-0.2888268156424581,0.1229050279329609,54.58441340782123
25874.919399999995,5.752810859680175,-0.43636363636363623,0.08225108225108224,54.7103896103896
58959.49270000009,5.37983341217041,-0.30342205323193916,0.08745247148288973,40.639372623574175
39007.52800000003,5.756391716003418,0.10428571428571426,0.09142857142857143,37.08314285714285
81601.71730000034,6.0198972702026365,-0.1271349862258954,0.09917355371900827,33.684862258953224
29944.585300000035,9.752084159851073,-0.6178030303030309,0.06439393939393939,27.835606060606057
70901.3639000003,8.35247554779053,-0.8036124794745463,0.10509031198686371,45.76371100164214
62329.23710000009,8.6261438369751,-0.7945895522388047,0.08955223880597016,45.23360074626875
35794.19280000007,7.039588737487793,0.27846153846153787,0.1076923076923077,38.12184615384616
36015.36350000004,8.456527519226075,0.7462962962962958,0.1388888888888889,32.97074074074072
50240.46250000005,8.065655708312985,-0.1752272727272729,0.12045454545454544,39.64388636363636
74760.95200000035,8.574955940246582,-0.020206489675516495,0.10471976401179942,33.94234513274336
10164.759199999997,11.999967765808105,-0.5249999999999998,0.06521739130434782,65.42173913043477
46169.069300000076,6.2086595535278315,-0.25813953488372154,0.044186046511627906,56.46093023255822
88233.68810000047,8.789958000183105,-0.2871698113207549,0.07044025157232704,47.14807547169828
73363.2054999999,9.621084403991699,-0.43413978494623634,0.053763440860215055,36.06115591397859
191359.8958000001,7.549434471130372,0.08902582159624438,0.107981220657277,39.189043427230324
23563.26520000001,10.020143699645995,-0.11314553990610332,0.08450704225352113,66.8765258215962
63590.97850000017,9.006700706481933,-0.8119485294117631,0.08455882352941177,57.70496323529433
49111.90230000009,6.318586158752441,-0.5598654708520173,0.06278026905829596,50.19733183856505
78561.34750000059,8.746764183044434,-0.4420844327176772,0.023746701846965697,67.37150395778393
129815.58330000067,5.54375705718994,-0.3746956521739117,0.09739130434782609,38.5686347826089
124978.0347000009,5.656696128845215,-0.3062226117440839,0.06397896581945661,56.5566257668715
30772.204499999985,8.619890403747561,-0.4109540636042413,0.10247349823321555,17.475971731448745
143718.4532000003,6.034504890441894,-0.19121048573631427,0.08404009252120277,49.27018504240586
46081.363099999995,8.542206001281738,0.1909090909090904,0.11793611793611794,35.21673218673218
34705.1293,8.782157325744631,0.9116719242902225,0.08832807570977919,32.523375394321754
26687.997599999995,9.681362342834472,-0.15267489711934157,0.05761316872427984,35.944032921810695
104741.85490000072,5.581498146057128,-0.2396145610278368,0.08029978586723768,37.01371520342627
36071.52510000005,5.590592384338378,-0.3712025316455697,0.0569620253164557,56.93797468354428
34813.43139999999,8.122581291198731,-0.46876876876876866,0.05405405405405406,61.61681681681678
92930.4088000006,6.328874015808106,-0.08372921615201938,0.07957244655581948,47.31497624703103
65322.16890000027,9.216158485412599,-0.43372287145242044,0.033388981636060105,55.3155258764609
60007.3760000001,8.960541343688966,-0.8628352490421433,0.07854406130268199,46.15613026819933
94145.68260000041,8.472580146789554,0.18382352941176514,0.1360294117647059,44.12569852941197
57130.3687000002,9.668726539611818,-1.013152804642165,0.01934235976789168,73.9713733075438
206885.09929999977,6.081453895568846,-0.16873985938344957,0.0578691184424013,44.041968631693145
40133.88060000002,8.912061119079592,0.43532763532763535,0.16809116809116809,39.49492877492874
45251.259000000035,5.761450386047363,-0.21696202531645595,0.10632911392405062,46.23144303797469
70990.7982000002,8.83792247772217,-0.9963696369636952,0.11056105610561057,41.78995049504964
45540.84390000003,8.72839069366455,-0.7492537313432839,0.08955223880597016,47.63358208955224
51171.68350000006,5.475493431091309,-0.3208616780045357,0.12244897959183673,45.939750566893416
51813.958800000015,7.954512214660644,0.5560000000000009,0.11157894736842106,39.898336842105266
89864.80470000042,5.713478279113769,-0.46734434561626337,0.08513341804320204,51.42198221092784
55048.28340000008,8.284396934509278,0.1035019455252914,0.07976653696498054,51.6154085603114
57254.975000000115,5.526705360412596,-0.555577689243027,0.0856573705179283,46.48326693227095
114898.34130000074,6.0491125106811525,-0.23711240310077503,0.09011627906976744,36.0772674418606
39176.409500000045,7.069145011901855,0.8132564841498565,0.1469740634005764,36.955417867435145
35111.554700000015,8.56064395904541,0.7096153846153849,0.13461538461538464,34.189487179487166
34902.17760000004,7.52243595123291,0.6849358974358974,0.125,34.133397435897436
21924.21900000001,8.871252632141115,-0.02500000000000005,0.09,54.30355000000001
84417.95060000037,5.426270866394042,-0.379758713136729,0.1058981233243968,46.714396782841995
103008.36900000084,5.011005210876465,0.12588996763754032,0.10571736785329018,36.7532038834953
21592.865399999984,9.165292930603027,0.17313432835820905,0.07462686567164178,41.403532338308445
53178.34320000007,5.931626319885253,0.45678496868476,0.13569937369519836,30.31651356993736
54485.29870000005,5.4648645401000975,0.5038461538461539,0.1417004048582996,46.291376518218634
30676.76530000001,8.154493141174317,-0.15181159420289866,0.08333333333333333,48.30800724637681
98335.60400000068,5.233927726745605,-0.29127516778523466,0.07494407158836688,52.519910514541685
59880.422200000095,7.0451021194458,0.24711359404096805,0.11173184357541899,40.04415270018626
42189.52850000001,9.822354698181151,0.05145118733509223,0.1345646437994723,37.95781002638521
42866.71070000005,9.664922904968265,-0.20379746835443086,0.055696202531645575,43.236227848101244
25393.671799999996,5.374490547180176,0.5567685589519644,0.10480349344978165,44.33493449781659
36994.60340000006,5.029193687438965,-0.2504615384615386,0.12615384615384614,40.17446153846154
35407.73470000003,8.690096473693849,0.7698412698412702,0.13650793650793652,39.20292063492063
40213.716800000024,6.443120384216308,0.5614555256064696,0.09433962264150943,33.92805929919136
120804.95990000067,7.543409538269044,-0.7508853681267482,0.07082945013979497,50.276346691519365
60490.34690000018,5.923214149475096,-0.544629629629629,0.07592592592592592,48.06222222222232
23545.276499999996,6.080999183654785,-0.3537735849056607,0.08962264150943397,33.93349056603774
91120.01130000065,8.990841484069826,-0.6934177215189858,0.10506329113924051,36.590000000000124
9374.281399999994,8.958671760559085,0.8765432098765427,0.18518518518518517,19.586419753086425
40949.335300000086,8.684229850769043,-0.1983870967741941,0.08870967741935484,39.405645161290316
55363.588200000064,5.593889045715332,-0.7178278688524591,0.10040983606557377,36.996127049180316
76695.56140000038,7.010487174987793,-0.3370702541106124,0.11210762331838565,46.91763826606886
51002.420000000035,5.437354469299316,-0.1577092511013219,0.09911894273127753,39.73438325991189
27010.702200000007,8.909288978576662,-0.47265306122449,0.05714285714285715,57.88979591836731
36928.34020000005,7.524027442932129,0.7878419452887541,0.13677811550151975,25.490395136778105
14718.725899999987,6.590276527404785,-0.2492424242424243,0.07575757575757576,22.22348484848484
42018.51740000005,5.229437446594236,-0.227586206896552,0.08488063660477455,35.32416445623341
42050.58240000005,5.229437446594236,-0.23236074270557058,0.08488063660477455,36.13583554376657
16929.875500000002,4.557600593566895,-0.3887417218543046,0.0794701986754967,26.080794701986754
121125.76910000082,8.468196296691897,-0.47260273972602657,0.06575342465753424,46.868785388128146
43565.87390000011,6.016316413879394,-0.23088607594936744,0.08860759493670886,38.62379746835444
48355.555000000095,6.376789283752441,-0.5044600938967132,0.09389671361502347,55.7359624413146
42008.50270000005,5.235291862487792,-0.23262599469496048,0.08488063660477455,36.648832891246684
41876.42790000004,5.307534217834472,-0.21861702127659602,0.0851063829787234,34.81598404255318
404228.6266000039,5.512097740173339,-0.3263959390862982,0.08403835307388607,49.55948392554997
53219.225100000025,7.775999259948731,-0.4099999999999991,0.07659574468085106,42.65978723404254
29030.7903,9.823773002624513,-0.4574074074074078,0.08518518518518518,56.587851851851816
76665.3451000004,5.8535863876342775,0.009406657018813004,0.07670043415340086,48.6861215629524
49264.91580000006,9.42916202545166,0.3937644341801393,0.09237875288683603,42.65496535796764
24669.322199999995,6.287324714660645,0.06608695652173922,0.06086956521739131,50.82391304347825
24736.698200000006,6.744537544250489,0.16926406926406912,0.05627705627705627,43.52380952380952
32528.48690000001,7.463891792297363,-0.27763157894736856,0.07236842105263158,23.685197368421054
31298.99260000005,9.345804405212402,-0.022580645161290505,0.1111111111111111,64.58924731182796
40574.44540000005,8.432674217224122,-0.7542372881355932,0.0903954802259887,65.2096327683616
206844.81319999957,5.962319374084472,-0.10062860136196969,0.06600314300680984,46.170990047145494
37168.53360000009,5.519941520690916,-0.43902439024390255,0.10365853658536586,34.761280487804875
49629.87800000007,6.754370689392091,-0.4417808219178086,0.0821917808219178,52.806187214611924
20945.999400000008,6.845028877258301,-0.5447513812154697,0.08839779005524862,51.095082872928174
23255.44690000001,8.685648155212402,-0.5765853658536588,0.07804878048780489,59.19565853658537
31295.06780000001,10.158492851257321,-0.5141379310344829,0.0793103448275862,54.64727586206896
18550.366800000003,5.860975456237792,0.13236994219653175,0.04046242774566475,44.780346820809235
30658.298300000002,8.84456272125244,-0.2795053003533576,0.11307420494699646,9.685159010600701
23945.320900000013,9.659507560729981,-0.222274881516588,0.08530805687203792,52.361137440758284
36530.15590000004,8.34770488739014,0.7696319018404911,0.14723926380368096,44.79239263803681
36577.17100000003,8.350541496276858,0.7404907975460125,0.14723926380368096,46.1519018404908
36529.12650000004,8.138053703308106,0.770552147239264,0.14723926380368096,42.899754601226995
42498.53080000008,8.948872566223148,0.42210526315789515,0.10789473684210527,54.18394736842102
29938.1115,10.690550422668458,-0.5578571428571429,0.03571428571428571,74.01392857142855
57817.61670000009,6.206158638000488,-0.22857142857142868,0.07142857142857142,58.90774131274145
48828.054600000105,7.5227201461792,-0.1530612244897961,0.11791383219954649,28.58210884353741
63366.992700000104,6.577885627746583,-0.08675958188153322,0.08885017421602788,32.58536585365851
35059.336700000036,6.44022159576416,0.17961783439490414,0.09554140127388536,60.166910828025465
38352.48630000003,8.419522666931154,0.8005714285714294,0.08857142857142856,40.03342857142856
36747.03250000004,9.664020347595216,0.5368571428571428,0.06,49.02285714285713
22748.360100000005,6.181661033630371,-0.47227722772277275,0.09900990099009901,37.95643564356436
66889.55040000021,5.978404808044433,-0.42081300813007977,0.04552845528455285,53.27920325203269
37488.25680000001,9.209969520568848,0.6121212121212122,0.13333333333333333,37.36524242424243
35680.25030000009,8.696994590759278,0.5767295597484282,0.10062893081761007,42.97805031446539
35598.14130000009,8.41649265289307,0.6037735849056611,0.10377358490566038,41.75103773584903
35240.52790000002,5.565526390075683,-0.16927899686520426,0.10031347962382445,50.11536050156738
71711.8239000003,7.160826301574708,-0.06166419019316507,0.04011887072808321,55.45527488855893
35878.84559999998,9.27011852264404,-0.47809798270893333,0.06051873198847262,43.999481268011486
29340.241700000002,8.68010387420654,-0.37509025270758145,0.036101083032490974,48.3025631768953
52553.94880000004,8.899296379089357,-0.10362473347547978,0.09594882729211088,50.26059701492539
32646.241600000016,8.969824790954593,0.7121621621621627,0.14189189189189189,34.28179054054054
37352.02800000005,6.9712114334106445,0.6513595166163147,0.12386706948640483,45.676435045317206
47687.1336000001,7.868769264221191,0.265693430656934,0.1484184914841849,37.68810218978103
63773.460500000234,8.525057411193849,0.1966273187183807,0.062394603709949405,45.71905564924129
44293.89760000007,4.914151573181152,-0.16946564885496204,0.10941475826972011,42.511959287531795
57527.77070000016,6.116239356994628,-0.7429672447013485,0.04624277456647399,55.065125240847884
79416.29340000042,6.424477195739747,-0.34094827586206844,0.08620689655172414,48.03622126436793
115153.78230000101,5.720810508728028,-0.7474689589302773,0.04202483285577842,53.28530085959919
34127.756400000006,9.132414054870608,-0.7770700636942677,0.08280254777070063,62.92929936305734
35169.525900000095,8.48566722869873,0.07152103559870496,0.12944983818770228,50.308802588996755
59590.586400000175,4.679690742492675,-0.5558011049723753,0.051565377532228354,68.70570902394128
24351.732799999994,6.151650047302245,0.8061946902654877,0.11504424778761062,54.15619469026549
37497.42809999998,6.658938026428223,-0.10646067415730334,0.028089887640449444,43.08174157303372
42576.88400000009,7.603602027893068,-0.00853333333333367,0.096,43.884053333333334
32850.35930000005,4.661104393005371,-1.1154929577464776,0.02464788732394366,46.67183098591547
32708.18210000003,4.687250328063963,-1.0440140845070414,0.02464788732394366,41.01584507042253
66454.1904000002,8.68165111541748,-0.8078534031413597,0.08900523560209425,39.87731239092506
169340.8358000001,6.790179252624512,0.2332678454485935,0.09561231172233137,39.069508840864685
62916.455800000185,8.135603904724121,-0.4626334519572954,0.09786476868327401,47.17813167259797
50707.778300000144,8.702796745300294,0.0435840707964602,0.1084070796460177,41.370796460177
23625.188100000018,8.899296379089357,-0.204265402843602,0.08056872037914692,37.33080568720378
24305.32399999998,9.467585182189943,-0.5843317972350232,0.05069124423963134,51.35207373271892
104086.11070000051,8.329009056091309,0.16853582554517132,0.0778816199376947,52.38909657320899
40775.86849999998,8.567284202575685,-0.11160220994475131,0.10497237569060774,31.02267955801106
96949.33010000062,9.146468162536621,-0.2745781777277834,0.08211473565804275,55.82183352081014
47514.21120000009,9.320919609069826,0.43726851851851845,0.12731481481481483,39.08613425925926
35502.799400000025,6.205135536193848,0.8512500000000008,0.12187500000000001,50.59568749999999
92651.27430000057,7.551196479797364,-0.4445264452644516,0.11316113161131611,40.514649446494616
55433.41250000007,9.336134147644042,-1.0373949579831914,0.09033613445378151,54.35275210084046
29370.12070000002,8.88395290374756,0.6964539007092202,0.08156028368794327,24.161347517730484
57004.68560000005,5.028625297546387,-0.5030828516377644,0.057803468208092484,60.54549132947992
34969.54939999999,5.104562187194824,-0.4884146341463418,0.0701219512195122,73.14207317073176
10365.092499999988,5.399442863464355,0.10510204081632665,0.030612244897959186,57.1734693877551
10407.172199999988,5.399442863464355,0.15408163265306127,0.030612244897959186,65.85000000000001
32758.36770000003,4.9056825637817365,-0.3569023569023571,0.08754208754208753,56.693636363636344
110129.4140000008,6.333932685852051,-0.29155645981688677,0.08850457782299084,33.42331637843359
24614.77979999999,8.585077476501464,-0.37554585152838466,0.04366812227074236,66.30262008733625
87433.00600000046,7.677606391906739,0.32797992471769155,0.12421580928481807,36.54920953575917
37789.4293,6.241114616394043,-0.3310734463276841,0.10734463276836159,51.73844632768358
129754.21770000058,6.1722826004028315,-0.028659611992944936,0.1164021164021164,40.21061728395083
61963.34980000014,9.038225746154787,-0.8295412844036683,0.09724770642201835,42.571743119266124
55664.08850000009,6.014668083190917,0.4449596774193546,0.14919354838709675,42.72868951612904
41736.287900000054,5.290482521057128,-0.19973333333333357,0.08533333333333333,35.29362666666666
83095.10560000049,9.292746925354006,-0.7050203527815452,0.06648575305291723,49.629592944369236
55133.16960000015,8.37652225494385,-0.7276073619631905,0.07770961145194274,37.03047034764825
42015.783500000034,5.912983131408691,-0.27893333333333376,0.08266666666666667,34.60429333333333
34771.16370000006,7.053741645812988,0.8097402597402604,0.1331168831168831,35.219870129870124
32251.048100000007,6.2070112228393555,0.5436482084690553,0.048859934853420196,22.550814332247555
73479.75300000036,8.687259864807132,-0.6740683229813647,0.08074534161490683,54.129363354037416
35574.70760000002,5.208520698547362,-0.44563106796116536,0.11326860841423948,32.916213592233014
39528.888500000045,5.3128770828247065,-0.4637426900584795,0.1286549707602339,43.768157894736824
67216.04080000015,9.028555488586427,-0.919791666666664,0.10069444444444445,54.72065972222233
73323.83930000047,4.76688175201416,-1.0813884785819794,0.050221565731166914,65.33474150664728
33299.58889999999,6.289825630187988,-0.661805555555555,0.06597222222222222,61.78506944444443
62744.015800000096,9.16922550201416,-0.8870848708487059,0.09778597785977859,49.96756457564584
47188.998300000094,6.573338508605957,-0.643087557603687,0.05299539170506912,51.25278801843321
204919.36189999973,8.322691154479983,0.09173646007816864,0.11390284757118926,39.752054718034934
24364.7825,6.709240531921386,-0.10467289719626169,0.08411214953271028,45.49158878504672
123686.14060000078,8.71949405670166,-0.1525854513584577,0.0525854513584575,56.03549517966719
13783.68849999999,9.931564140319825,-1.1675000000000002,0.04166666666666667,54.88083333333333
21702.562399999995,7.766502571105957,-0.47091836734693876,0.025510204081632654,40.988265306122436
77443.5062000005,5.26211986541748,0.09311859443631029,0.14055636896046853,33.529004392386604
46280.304700000095,5.7261533737182635,-0.23701923076923126,0.07451923076923077,49.35144230769231
35354.09180000006,8.881567573547365,0.9554487179487182,0.14743589743589744,36.50198717948717
48550.21920000006,5.7298479080200195,-0.04745370370370373,0.07175925925925926,41.39722222222221
124129.89020000094,6.168872261047363,-0.31071752951861686,0.07720254314259764,45.14714804723006
90503.96380000042,5.64953441619873,-0.6179775280898865,0.05368289637952559,49.48963795255948
91789.53620000035,6.346891975402832,-0.5123786407766994,0.06796116504854369,71.62161407767024
90520.91800000047,5.709272193908691,-0.6192546583850919,0.052173913043478265,47.468695652174084
22976.807800000002,5.113258552551269,-0.3150485436893206,0.07766990291262135,26.49757281553397
262468.58950000117,6.141703224182128,-0.12793437105595296,0.07951198990323938,55.4404417332776
57357.999500000195,5.303726005554199,-0.5860640301318262,0.052730696798493404,52.958380414312686
133617.4836000007,5.513461875915527,-0.49265442404006626,0.0667779632721202,59.75701168614391
50496.912700000146,6.946543312072753,-0.2778008298755185,0.051867219917012444,50.17676348547725
91863.03620000053,7.957284355163574,0.1507075471698115,0.09787735849056603,44.944115566037944
35593.793800000014,5.301793479919433,-0.42718446601941773,0.11326860841423948,35.12462783171521
60218.4657000003,5.458214378356933,-0.4635208711433752,0.06533575317604357,54.43577132486409
70810.1997000002,5.408878135681152,-0.3285714285714287,0.073015873015873,32.57999999999999
45594.96080000007,5.709385871887207,-0.5882951653944012,0.12213740458015268,49.125190839694646
121673.61050000071,8.431836128234863,-0.10305143853531004,0.05231037489102005,59.20749782040141
46625.30740000014,6.544066429138184,-0.6172093023255817,0.053488372093023255,58.55862790697683
45880.7937000001,7.178616905212404,-0.6167441860465123,0.053488372093023255,60.56165116279079
63841.002000000226,5.610656547546387,-0.12121739130434808,0.1026086956521739,58.118991304348
75014.7659000005,8.471806526184086,0.398002853067049,0.06704707560627675,43.90700427960067
38540.45990000005,9.430773735046387,0.4145400593471813,0.13056379821958458,32.330563798219586
34485.84229999997,8.907612800598145,-0.7616613418530356,0.09584664536741214,61.72143769968048
33575.396100000005,8.5524564743042,-1.2646048109965615,0.07560137457044673,46.95986254295532
50564.48290000007,5.277125358581542,-0.7645374449339203,0.06387665198237885,90.87801762114556
40746.984000000084,4.8653268814086905,-0.7061971830985917,0.07887323943661972,45.34929577464789
40579.22170000005,8.641229438781739,0.4667605633802818,0.15492957746478872,31.342028169014092
58639.91960000015,7.006451606750488,-0.05229885057471269,0.08620689655172414,52.45823754789277
41708.54570000006,9.088640022277833,0.24453551912568272,0.09836065573770492,35.22543715846994
50513.24579999994,6.939665794372559,-0.29097065462753946,0.11738148984198646,34.661851015801346
74277.18880000048,5.786175346374511,-0.533087149187592,0.057607090103397346,59.0062038404729
87926.62620000025,6.001140403747558,-0.6305105853051036,0.049813200498132,47.372864259028894
95430.42780000059,8.311731529235843,-0.6609263657957234,0.07363420427553444,58.63040380047533
57968.60390000017,6.244354438781738,-0.15783365570599656,0.09284332688588008,49.86423597678924
68303.3047000003,5.351413917541504,-0.1860615883306322,0.08589951377633712,34.381410048622364
31603.21080000003,6.878507041931152,-0.10107526881720423,0.1075268817204301,48.38071684587813
55390.51270000006,5.000433158874511,-0.5290187891440497,0.08141962421711901,44.12588726513572
48486.03440000008,5.523522377014159,-0.6679245283018862,0.04716981132075471,52.307075471698134
33434.735499999995,9.386870765686034,0.1506493506493506,0.08116883116883117,35.93509740259739
43145.99000000006,9.780514717102047,-0.40307692307692305,0.07435897435897437,56.664615384615395
35226.48640000007,8.290328025817871,0.6469453376205798,0.13183279742765272,51.85244372990352
35423.72750000006,8.761591911315918,0.5833333333333344,0.13141025641025642,50.5590064102564
65518.40100000032,6.2302583694458,-0.3777589134125637,0.05602716468590832,33.9792869269949
35093.42990000003,9.032939338684084,0.7551282051282059,0.14102564102564102,36.04394230769231
35073.40050000004,9.04260959625244,0.7554487179487187,0.13782051282051283,37.706121794871784
57837.32440000007,5.430420112609862,-0.7968627450980386,0.10588235294117648,71.93001960784343
55130.24540000004,5.700405311584473,-0.8765199161425569,0.11320754716981132,66.568385744235
35239.87940000005,9.070975685119631,0.7317307692307699,0.12179487179487179,47.60195512820512
20184.472199999967,11.184571647644042,-0.600518134715026,0.0310880829015544,85.15440414507772
27886.373500000023,6.078611946105956,0.5020080321285136,0.1285140562248996,35.04658634538153
47276.31610000001,8.849913597106934,0.7421412300683381,0.10706150341685648,36.43350797266513
123629.70960000074,6.637111854553223,-0.25546522131887933,0.07407407407407407,50.96108401084045
69367.5176000003,5.960671043395997,0.45065146579804616,0.15960912052117265,37.45980456026061
39028.083299999984,5.610088157653809,-0.25865102639296195,0.10263929618768328,29.91527859237537
46503.26140000006,5.087339973449706,0.5869565217391314,0.08924485125858124,34.2107551487414
31128.255700000027,5.320948219299316,-0.19202898550724629,0.09057971014492754,44.400724637681165
77053.08760000023,8.551360511779787,-0.5938953488372077,0.061046511627906974,57.32734011627928
21184.1702,5.084213829040526,-0.05468749999999989,0.09375,36.42140625000001
55583.73530000008,5.903263664245605,0.001214574898785402,0.09311740890688258,46.818259109311754
44741.36250000008,8.096278190612793,0.568472906403941,0.11330049261083744,40.89785714285714
37464.71710000006,8.896395301818849,0.4873846153846154,0.13538461538461538,32.96553846153846
54766.03560000003,7.9748197555542,0.5994082840236693,0.08284023668639054,42.35706114398422
50981.25370000009,6.571405982971191,-0.7942477876106194,0.09955752212389381,49.94358407079652
34789.048500000004,8.92108669281006,0.6254777070063694,0.09554140127388536,40.44242038216558
305481.443000002,4.847252082824705,-0.8930431680342469,0.04209775240813414,65.9773849447018
34411.5525,8.960025596618653,0.6474358974358978,0.10576923076923077,41.633076923076906
45056.9676,6.607839775085449,-0.11403940886699501,0.11330049261083744,46.1586699507389
81262.74110000029,5.912073707580566,0.33454301075268955,0.09946236559139786,32.73657258064521
58998.914000000106,8.686357307434083,0.30189393939393966,0.11363636363636363,51.61875000000009
78917.7392000005,6.20297565460205,-0.20539772727272754,0.08806818181818182,33.31664772727281
55064.74130000008,4.641892814636231,-0.0704724409448819,0.08464566929133857,48.03622047244102
85955.98880000034,6.096459388732909,-0.694888597640891,0.05373525557011795,56.33748361730044
49953.11030000008,8.798854637145997,0.04111111111111073,0.10666666666666666,54.47911111111116
21090.42980000001,6.88691921234131,0.2826315789473683,0.1105263157894737,33.70010526315789
55636.494300000115,6.801490211486816,-0.4573999999999998,0.08399999999999999,41.25946
103056.3612000006,5.2482511520385735,-0.5985426008968598,0.0795964125560538,42.27030269058314
20158.642200000002,6.7597135543823255,-0.5314285714285715,0.10285714285714286,50.09605714285715
44916.419900000146,6.218492698669433,-0.6465174129353233,0.06467661691542288,51.2639303482587
80762.45110000049,9.113718223571777,-0.44534412955465436,0.07017543859649122,47.75062078272624
59215.74820000013,8.809878730773928,-0.2877358490566034,0.062264150943396226,55.31700000000014
52602.60040000008,7.829121208190919,0.22080679405520184,0.09766454352441613,39.768365180467086
33725.91460000003,6.681218910217285,0.8754966887417227,0.12582781456953643,36.05370860927151
93571.38960000053,5.811355018615722,-0.3935286935286928,0.09035409035409037,58.30329670329696
41223.6072000001,9.3086706161499,0.34349030470914127,0.10803324099722991,37.519972299168955
128253.0645000008,9.37971477508545,-0.8684668989547035,0.05662020905923345,45.712639372822586
35303.95630000002,9.12616062164307,0.7097087378640784,0.13592233009708737,41.55155339805823
95906.24640000054,6.551171302795409,-0.4462616822429899,0.09228971962616823,46.15622663551415
152454.37220000045,8.686228370666505,-1.0695035460992963,0.014184397163120567,37.11666666666684
94413.48660000059,8.836762046813966,-0.16737841043890903,0.09964412811387899,48.954733096085604
34814.88470000004,7.522208595275879,0.7490322580645167,0.14516129032258066,31.52845161290322
38495.452800000065,8.980719947814944,0.07470930232558108,0.09011627906976744,49.31220930232559
81536.67960000054,5.129230308532715,-0.7621293800539077,0.07008086253369272,39.67939353099742
113403.74080000093,5.424849891662597,-0.3552062868369349,0.06876227897838899,59.13135559921444
116544.77530000072,5.819937705993653,-0.16324376199616128,0.08349328214971209,52.11296545105591
35575.22080000004,9.300031852722167,0.7864779874213841,0.12578616352201258,39.92962264150942
43760.986000000055,8.055856513977051,0.4144329896907223,0.11597938144329897,44.112912371134016
72151.99360000029,8.534211921691895,0.43302180685358355,0.14174454828660438,30.168551401869152
129040.4492000006,9.072265052795409,-0.27256857855361494,0.0689941812136326,59.3326766417293
35587.79130000003,8.627110862731932,0.5697452229299361,0.1337579617834395,33.95799363057325
35048.72400000009,4.829973030090332,-0.24465408805031477,0.09433962264150944,52.17704402515721
119656.36750000075,6.189675331115722,-0.6706666666666664,0.06476190476190476,61.62401904761943
36257.84900000005,8.77448558807373,0.9139318885448918,0.13312693498452013,40.02947368421053
92888.18340000059,5.2879247665405265,-0.37722289890377536,0.06942752740560293,46.1999025578564
57336.202800000116,5.711773109436035,-0.45719844357976636,0.0622568093385214,53.57996108949424
38330.22940000002,8.666372108459473,-0.039762611275964345,0.09495548961424333,33.79646884272998
141521.3692000005,8.65225353240967,0.06360808709175689,0.09720062208398134,28.35755054432363
38939.31350000004,9.240785408020017,0.4932011331444762,0.1104815864022663,36.01813031161471
141476.7717000006,9.055116462707517,0.03351562499999988,0.090625,33.326414062500184
42148.67950000008,9.082322120666507,-0.5202046035805622,0.06905370843989769,44.22148337595906
50725.972400000064,9.003283882141115,0.22089887640449432,0.10337078651685394,49.65215730337083
42906.03940000007,6.6847429275512695,-0.4778061224489797,0.056122448979591844,45.82755102040817
43431.81530000007,5.279569435119628,-0.42253164556962036,0.04303797468354431,69.37924050632925
42873.52330000007,8.8247709274292,0.664285714285715,0.12169312169312169,35.03201058201058
37194.051600000006,6.474211311340332,0.6402298850574716,0.10057471264367816,41.07850574712644
122807.71560000072,9.345675468444824,-0.4891362422083702,0.06945681211041851,64.63706144256486
190066.70920000022,6.59482364654541,-0.6113700966458254,0.06935758953951109,54.8471972711771
41492.27860000005,7.517206764221191,0.5500000000000003,0.143646408839779,30.727955801104972
38231.51150000006,9.568413734436035,0.4087087087087086,0.14114114114114115,31.74474474474475
151149.29600000058,5.989374732971191,-0.04616519174041294,0.0752212389380531,50.926998525074076
57708.349200000026,5.073471260070799,-0.16503906250000036,0.099609375,44.882617187500024
35924.059800000054,4.916425132751464,-0.7845659163987129,0.090032154340836,77.50546623794213
35263.94710000006,9.033132743835449,0.8461538461538467,0.13461538461538464,38.15195512820511
60884.13070000023,8.24842357635498,-0.12392857142857194,0.09285714285714286,56.749142857143
32902.610500000024,6.2021799087524405,-0.4468227424749168,0.10367892976588629,51.397993311036785
26879.613100000006,9.082579994201662,-1.0043103448275859,0.09913793103448276,52.27159482758625
31456.688,9.634751701354979,0.6436666666666673,0.11,29.010999999999992
133468.54530000078,6.244468116760253,-0.27129629629629537,0.09764309764309764,37.990328282828436
57259.82110000022,5.020326805114746,-0.387145557655954,0.05293005671077505,61.20888468809093
40254.65310000006,8.999802589416507,0.3851540616246497,0.12324929971988796,45.592464985994404
73662.93760000037,5.710750007629395,0.28774583963691364,0.09984871406959153,36.94812405446299
102925.9785000007,7.242844963073731,-0.3752100840336113,0.044117647058823525,58.82438025210125
33394.50180000002,5.136448860168456,-0.3000000000000001,0.08695652173913043,32.9304347826087
24004.593100000024,4.7010622024536115,-0.600995024875622,0.18905472636815918,51.28164179104479
53510.78820000016,4.705040931701659,-0.501821862348178,0.05263157894736842,49.25121457489884
74273.31070000035,6.0151796340942365,-0.48647845468053413,0.06240713224368499,58.95676077265997
44592.14760000003,9.335296058654787,0.506483790523691,0.12718204488778057,32.950922693266826
39064.51830000003,8.702990150451662,0.40495626822157427,0.16034985422740525,36.328309037900866
76933.10240000019,9.13976345062256,-0.6786786786786778,0.07957957957957959,45.84339339339352
79570.27940000035,5.450256919860839,-0.39757489300998533,0.11126961483594866,34.19275320970045
36632.21039999998,5.880641746520996,-0.5859649122807022,0.0935672514619883,42.49093567251461
71498.68580000028,4.761254692077636,-0.4123824451410654,0.08307210031347963,51.050517241379445
41332.330400000086,9.153624153137208,0.4617886178861785,0.11653116531165313,37.15504065040649
43087.444700000044,9.726361274719238,-0.9592991913746607,0.09164420485175204,48.05072776280325
43558.13340000002,5.794303321838378,-0.2964194373401541,0.09207161125319693,43.788746803069046
27884.27030000002,7.858003044128418,-0.5934693877551022,0.10612244897959183,55.72126530612244
51975.35120000006,6.250152015686036,-0.3554347826086964,0.1,40.02284782608695
104829.45620000086,5.035559654235839,-0.46949516648764694,0.1041890440386681,47.482169709989435
44705.36290000007,7.245971107482911,-0.48225419664268576,0.06954436450839328,38.90311750599518
36954.30360000001,4.974230384826659,-0.6026011560693637,0.04624277456647399,43.441069364161834
45846.88770000004,8.910578346252443,0.25215311004784696,0.09090909090909091,62.091411483253694
158656.36280000058,7.87366886138916,-0.5675675675675663,0.08392603129445235,51.44147937411131
36598.312800000036,8.824899864196777,-0.2279999999999999,0.11384615384615385,42.004369230769235
36659.82930000005,8.396378517150882,-0.8262686567164178,0.08059701492537313,59.381492537313434
36102.24240000005,9.048476219177246,0.6789634146341476,0.10670731707317074,39.968292682926815
52145.465700000066,9.221573829650879,-0.16277056277056293,0.11255411255411256,32.25108225108224
39413.60540000004,7.198908424377441,0.6362068965517246,0.1293103448275862,46.35985632183906
20778.12060000001,9.028684425354005,-0.5886010362694301,0.056994818652849735,56.183419689119184
35174.607299999996,8.888594627380371,0.805787781350483,0.13504823151125403,33.48649517684886
60438.45360000013,6.49893627166748,-0.38822463768115867,0.07065217391304347,51.12028985507258
26313.77640000004,8.527958488464353,-0.41974248927038676,0.06437768240343347,50.08412017167379
35597.20510000006,9.115974617004394,0.7512738853503192,0.13694267515923567,37.855445859872596
46250.39260000009,6.781255531311035,0.3476658476658477,0.14004914004914004,42.320909090909076
27996.503800000013,7.792309761047362,-1.0070866141732284,0.07480314960629922,74.13818897637793
56749.89140000013,7.861226463317872,-0.24835589941972894,0.08317214700193423,48.58531914893624
42517.124300000076,6.643136787414551,0.054427083333333376,0.07552083333333333,48.64716145833334
23793.896700000005,6.220879936218262,-0.24272300469483574,0.10328638497652581,33.86201877934271
24122.984199999995,7.756271553039551,-0.5844748858447493,0.0410958904109589,67.04657534246573
26933.654300000027,8.88337268829346,-0.5178723404255323,0.12765957446808512,46.21536170212767
64969.61520000013,7.037428855895995,-0.948695652173912,0.0608695652173913,60.339826086956734
40786.67320000009,9.014694786071779,0.4466666666666669,0.13055555555555554,47.02086111111109
36934.26120000002,8.814262580871585,-0.665597667638484,0.07871720116618075,64.80586005830907
259461.45630000165,7.848332786560059,-0.791770573566086,0.043640897755610975,73.35498753117213
38124.41420000004,9.434448432922363,0.08905325443786984,0.11538461538461538,36.32662721893492
32579.545599999983,4.98718967437744,-0.1006600660066007,0.066006600660066,50.009603960396035
109847.56050000047,9.163165473937987,-0.24409044193216792,0.0750256937307297,46.37034943473819
27248.10070000002,8.675784492492678,-0.45450819672131154,0.06557377049180327,50.63442622950819
63067.06460000013,5.333793830871582,-0.06268412438625215,0.03273322422258593,53.12765957446826
96597.09590000058,8.597390937805176,-0.2486301369863013,0.04908675799086758,57.03688356164413
53683.80610000013,5.130480766296387,-0.45049504950494973,0.047524752475247525,66.38158415841606
34505.642000000065,7.57080593109131,0.7861290322580651,0.11612903225806451,55.72293548387096
76180.39280000048,7.612866783142091,-0.40014164305948985,0.039660056657223795,58.822521246459154
37230.50680000004,8.702474403381348,-0.20238805970149262,0.07462686567164178,46.71764179104478
56691.372100000066,5.139859199523924,-0.08915187376725836,0.08481262327416174,44.03256410256411
32264.61120000005,6.4426088333129865,-0.13623693379790938,0.0975609756097561,36.11533101045296
37066.378900000054,6.462331962585449,-0.30309597523219817,0.09907120743034056,38.63965944272446
50618.87330000008,9.55294132232666,0.060270880361173715,0.09706546275395034,53.08173814898424
40747.47530000004,6.669623756408692,-0.34888268156424623,0.06424581005586592,54.59469273743015
60763.510200000106,6.020920372009278,0.4199268738574042,0.11700182815356491,35.10497257769652
65585.06640000023,9.280497932434084,-0.5807432432432426,0.06418918918918919,63.27096283783811
134753.44640000077,6.7617597579956055,-0.498431048720066,0.06936416184971098,50.12684558216376
515538.1800000054,6.583967399597168,-0.2955950032873157,0.09051062897216744,35.90180363795776
37681.89420000004,6.459546852111816,-0.3310030395136778,0.0851063829787234,54.525835866261374
35052.50530000003,8.460589027404787,0.7874193548387097,0.13870967741935486,35.19938709677419
60508.55470000017,9.068268013000488,-0.7686832740213505,0.04626334519572954,69.94110320284724
73746.74450000034,9.150400733947755,-0.6044576523031189,0.03417533432392274,56.287072808321156
44928.364100000086,7.60172634124756,-0.6020202020202011,0.11616161616161616,53.1040909090909
284535.92500000016,5.217614936828612,-0.7903317152103655,0.06715210355987056,42.59781957928837
163370.9274000005,5.918667030334471,0.09693333333333307,0.05533333333333334,42.358546666666975
44887.43730000005,6.418338584899902,-0.3387850467289716,0.049065420560747655,69.23925233644874
36249.63750000008,7.496119499206543,0.7835403726708087,0.11490683229813664,33.82236024844721
37098.736500000094,8.362339210510257,0.8300000000000013,0.13636363636363635,38.279090909090904
36460.162000000055,9.00360622406006,0.6680124223602488,0.10869565217391305,37.599689440993785
46098.658600000046,9.314988517761229,-1.0824873096446683,0.1116751269035533,49.09467005076145
69104.98800000007,9.33303966522217,-0.9559663865546199,0.09411764705882353,48.34169747899173
85060.52990000046,6.515078544616699,-0.6524183006535933,0.06013071895424837,61.65792156862771
24107.038800000006,5.603267478942871,-0.26273584905660385,0.11320754716981132,51.537735849056595
40395.91180000007,6.741752433776856,0.5428169014084512,0.15211267605633802,34.45411267605633
77402.04570000035,9.00953731536865,0.19501424501424502,0.11396011396011396,28.207279202279192
76345.41550000026,8.99251766204834,0.2622998544395924,0.11062590975254731,33.73669577874822
35953.299600000035,8.745990562438966,0.5694267515923573,0.1305732484076433,32.180605095541395
35018.24620000001,8.889174842834475,0.6461538461538466,0.1217948717948718,30.801057692307673
38016.888399999974,8.59790668487549,-0.13323442136498526,0.07418397626112759,30.68605341246292
76447.89270000035,8.85158977508545,0.19565846599131662,0.11577424023154848,34.85185238784373
90089.50580000073,7.221359825134278,-0.6148717948717959,0.10641025641025642,45.601153846154
98766.76860000067,8.434801673889162,-0.24899103139013298,0.06053811659192825,52.35293721973114
49782.58190000003,6.788474082946778,-0.4032110091743109,0.06880733944954129,45.20733944954129
868454.7366000066,5.6916521072387685,-0.3488955823293168,0.05760542168674698,48.41188880521977
25414.640900000035,5.949871635437011,-0.26444444444444426,0.07555555555555556,45.67555555555556
91703.73860000067,7.50140552520752,-0.608921933085502,0.09541511771995044,48.009169764560255
555475.3721999994,6.124026298522948,-0.43204795204795554,0.07252747252747252,48.80034965034864
35666.06790000003,9.084578514099121,0.5993630573248414,0.1178343949044586,40.60640127388534
36100.97940000003,9.238786888122558,0.5765625000000008,0.103125,38.66009374999999
112850.86390000081,5.36710147857666,-0.37834843907351356,0.094662638469285,49.03423967774438
7741.240199999996,10.014019203186034,0.3205882352941177,0.10294117647058824,37.52058823529412
35691.343500000025,9.08122615814209,0.7728706624605686,0.138801261829653,35.32586750788642
58194.71170000008,8.875700950622559,-0.5127413127413115,0.07142857142857142,52.92550193050206
79197.19460000028,9.373396873474118,-0.5210755813953472,0.07703488372093023,60.40829941860487
40867.308700000045,5.140086555480956,-0.7662011173184357,0.09497206703910613,79.15424581005591
138041.30840000024,6.211103630065917,0.1575856443719411,0.09951060358890701,40.831582381729405
29322.051400000022,9.677171897888183,-0.5708812260536402,0.0842911877394636,42.6758620689655
52113.52580000003,9.081290626525881,0.806595744680852,0.12765957446808512,34.70236170212765
521952.76430000237,4.888858222961425,-0.47078410311493213,0.09151450053705693,37.4061074113856
46913.49870000012,9.976434135437014,-0.22387706855792022,0.05673758865248227,56.02319148936175
17515.446299999985,10.242753028869629,-0.5922155688622758,0.03592814371257485,49.3071856287425
70577.27250000036,6.144431495666503,0.07583586626139813,0.057750759878419454,50.288161094225046
34576.67530000006,6.060025596618652,-0.1748387096774194,0.05806451612903226,41.43580645161289
116219.84750000089,5.198062324523924,-0.5032786885245881,0.05014464802314368,47.51901639344286
124287.74760000066,9.019594383239745,-0.7269131556319879,0.04901117798796216,55.607050730868785
74676.88180000025,6.690881538391113,-0.33203007518796973,0.0962406015037594,43.42030075187975
29353.485399999998,9.390803337097168,0.33905109489051044,0.11678832116788321,39.026642335766425
47401.52470000005,6.26248607635498,0.31300236406619386,0.1252955082742317,46.07068557919623
106372.84140000066,5.276898002624511,-0.37243243243243107,0.08648648648648649,47.49331891891914
27079.025700000002,10.150240898132324,-0.6312252964426877,0.05928853754940711,64.80474308300396
46898.925200000114,7.684540748596191,-0.360556844547563,0.06496519721577726,57.224361948955966
41487.827300000026,6.00369815826416,0.36366047745358104,0.12466843501326258,36.107984084880634
32384.21950000002,9.278692817687986,-0.20247678018575885,0.027863777089783284,56.7272445820433
82625.47100000046,6.26743106842041,-0.2962861072902339,0.08803301237964237,54.73398899587362
37318.07830000003,6.085091590881347,-0.1307692307692308,0.10461538461538461,48.24190769230767
133501.48840000102,8.354538536071779,-0.8805057096247976,0.04649265905383361,62.76248776509011
39335.069400000066,9.21532039642334,0.5882857142857145,0.12285714285714286,36.00599999999999
86244.21470000043,6.398217582702637,-0.7391590013140591,0.05519053876478318,46.85519053876495
46970.38980000009,9.21248378753662,0.22240566037735818,0.0919811320754717,48.25330188679245
85663.97910000035,6.228666877746583,-0.5010582010581996,0.08465608465608465,50.17583333333355
68882.42490000019,5.308614158630371,-0.41878980891719664,0.06369426751592357,42.98136942675167
25144.54000000002,9.196366691589354,-0.5621004566210049,0.091324200913242,44.31963470319634
130134.26630000037,6.270273017883301,-0.7825632083696612,0.06625980819529206,51.94359197907611
85658.37020000041,5.995399665832519,-0.3930501930501923,0.0682110682110682,51.66669240669258
125828.63200000045,6.46153621673584,-0.2756227758007111,0.0818505338078292,37.15713523131693
136392.08049999998,4.583234977722168,-0.64944881889764,0.029133858267716535,61.932283464567334
84370.74190000052,6.468811607360839,-0.39841479524438383,0.06737120211360634,48.88890356671096
23953.254500000017,9.503558540344237,-0.4666666666666672,0.15656565656565657,45.33994949494949
35465.706500000044,8.26035022735596,0.7035143769968055,0.13099041533546327,35.63932907348243
65083.7510000002,8.625757026672364,0.6046511627906991,0.09302325581395349,37.05714285714289
22148.358600000003,9.267797660827636,0.007575757575757658,0.09090909090909091,44.21671717171718
42644.719300000084,7.924663352966309,0.4815789473684212,0.11578947368421051,42.96736842105263
35156.75950000004,9.33626308441162,0.7283076923076941,0.07999999999999999,55.9356923076923
32509.46260000002,9.157814598083494,0.09518900343642576,0.12714776632302405,34.92508591065294
44760.25870000003,6.29471378326416,-0.18477157360406093,0.08883248730964466,35.9896192893401
65767.74370000017,8.317146873474119,-0.1617940199335554,0.05813953488372093,31.61046511627907
68008.07770000031,7.356579780578613,0.4274086378737548,0.15614617940199338,38.877624584717644
44778.915300000066,8.615313148498537,0.3112500000000002,0.10500000000000001,37.385250000000006
29202.910000000014,5.623217964172363,-0.21149425287356313,0.08045977011494254,39.10536398467432
52037.65579999997,9.622825050354006,-0.447368421052631,0.07157894736842105,52.767578947368506
112600.83730000057,4.732209968566894,-0.6499999999999991,0.04657794676806083,19.47871673003798
40529.134200000044,5.835170555114746,0.009166666666666509,0.10555555555555554,35.485
60551.546200000106,9.207842063903808,-0.7649155722326431,0.07692307692307693,48.257992495309665
55533.46050000011,5.99795742034912,-0.5344,0.07,52.333600000000104
73497.2109000003,7.819193077087403,0.5632530120481942,0.11445783132530121,40.47605421686748
38345.94130000002,8.3048978805542,0.6173529411764707,0.1323529411764706,43.98211764705881
36483.07470000007,8.787443733215333,0.6670807453416154,0.10869565217391305,46.203726708074505
106809.19560000069,5.336522102355956,-0.30423553719008173,0.07334710743801653,36.466642561983655
59386.8465000001,5.493795585632324,0.05942549371633751,0.04847396768402154,39.40682226211851
80135.03540000036,8.822579002380369,-0.9411255411255399,0.10101010101010101,44.57448773448792
52852.36320000004,9.182763862609864,-0.9273318872017338,0.09544468546637744,42.95314533622561
61539.30650000011,9.554230690002441,-1.0239171374764577,0.096045197740113,45.0152542372882
70269.75050000031,9.03725872039795,-0.9883606557377036,0.09508196721311475,42.77577049180337
50338.907500000045,9.667566108703614,-0.9295871559633011,0.08944954128440367,49.933715596330295
62782.95530000015,9.323433876037598,-0.9305555555555535,0.10370370370370371,38.136851851851866
66870.97950000015,9.385903739929198,-0.9420138888888866,0.10069444444444445,38.65295138888892
63734.66010000012,8.991292762756348,-0.9063291139240487,0.0976491862567812,44.93327305605801
51305.49710000008,6.042917060852051,-0.3168122270742355,0.06550218340611355,70.70111353711806
44602.87170000003,8.796404838562015,-0.861182519280205,0.10282776349614398,44.79434447300773
75352.56950000035,9.363146400451662,-1.12258566978193,0.11370716510903428,45.970576323987714
73083.63710000023,9.257418251037596,-0.8539808917197437,0.10031847133757962,44.19093949044598
64426.90730000017,9.06272373199463,-0.9881081081081052,0.1009009009009009,38.8376576576577
74651.73640000034,9.21648082733154,-1.1248049921996863,0.10764430577223089,48.38970358814366
90718.00340000042,6.230315208435059,-0.3795511221945132,0.09226932668329177,35.78017456359113
30818.80720000001,6.105212593078612,-0.5422794117647055,0.07720588235294118,52.72683823529413
48989.561400000064,6.08759250640869,-0.4901149425287355,0.06896551724137931,52.48988505747131
109434.48450000065,4.84350070953369,-0.2453703703703696,0.08333333333333333,38.24032921810717
93487.1748000006,5.501866722106932,-0.36617826617826543,0.08424908424908426,51.51492063492087
269050.0968000005,6.49740161895752,-0.7580130825838118,0.05764513491414555,67.19134096484098
33961.06380000001,8.896588706970217,0.8548701298701308,0.12012987012987011,39.18311688311688
34868.30590000003,8.63484706878662,0.7615384615384616,0.11538461538461539,44.75163461538461
38648.590900000076,7.996996879577638,0.3947976878612715,0.12427745664739884,41.61445086705203
38664.656400000065,7.96721248626709,0.41242774566473966,0.12427745664739884,39.01676300578035
55650.5368000001,5.1940835952758775,-0.5348268839103865,0.04480651731160896,51.666802443991934
50810.798600000075,7.920279502868652,-0.3088744588744576,0.06060606060606061,45.769913419913415
41052.35370000011,5.7171728134155275,0.568900804289545,0.12064343163538874,45.54884718498659
29263.090300000007,9.705215644836425,-0.41841155234657057,0.06859205776173286,38.86353790613717
66576.79820000025,7.903066444396973,0.5244262295081981,0.12950819672131147,30.388393442622952
28709.182400000034,9.070975685119631,-0.832575757575757,0.03787878787878788,70.2643939393939
81384.36830000038,9.12119655609131,-0.27140902872776834,0.06429548563611491,55.27291381668967
55913.85040000004,9.216545295715331,-0.15070140280561128,0.08817635270541083,36.053126252504995
99996.9048000008,6.124253654479979,0.2507166482910697,0.08379272326350606,51.27840132304323
7840.941599999995,10.697126197814942,-0.5942028985507246,0.014492753623188406,37.93333333333334
78695.5659000005,8.818195152282716,0.18792134831460652,0.11797752808988765,35.732050561797806
35453.16210000001,8.012340354919434,0.8065830721003148,0.08777429467084641,45.30253918495296
162100.30599999992,5.585079002380371,-0.3157053509381508,0.09589993050729673,44.74899235580294
50961.76400000019,4.59255657196045,0.1444680851063839,0.09148936170212767,60.27363829787248
32561.3169,6.153809928894042,-0.36928327645051223,0.08191126279863481,35.94266211604097
51580.60700000008,9.941621208190917,-0.97785087719298,0.07456140350877194,40.62543859649123
57784.3465000001,4.847308921813963,-0.052446183953033354,0.11154598825831702,46.55424657534249
31046.37129999999,9.985266304016115,-0.44602076124567525,0.04152249134948097,68.69688581314881
35356.86940000001,7.59234790802002,0.8678343949044589,0.14012738853503184,36.38283439490446
67465.18040000029,9.68639087677002,-0.43572621035058334,0.0717863105175292,39.88631051752929
183557.62159999914,4.939103889465331,-0.8730685527747593,0.046789989118607184,33.08846572361314
33361.466800000024,8.190466499328615,-0.3953642384105962,0.0629139072847682,48.43443708609272
31864.235000000037,6.463582420349121,-0.7575971731448758,0.07773851590106007,56.63038869257953
46106.356300000014,9.131189155578614,0.1952606635071084,0.08530805687203792,36.51921800947865
28295.37320000001,5.89769344329834,-0.6043137254901966,0.06666666666666667,75.33219607843137
55399.40010000006,6.345186805725096,0.6197183098591555,0.1408450704225352,35.19941649899397
35957.20740000002,7.061471748352051,-0.21993769470405017,0.13395638629283488,35.130872274143314
94427.12940000047,6.116580390930174,-0.15542312276519693,0.08820023837902265,47.155911799761775
19909.06619999999,5.7728181838989245,-0.49017341040462425,0.12138728323699424,51.9364739884393
150417.61480000016,8.890915489196779,-0.5730794923179672,0.04742818971275886,45.25016700066844
42247.104200000074,8.63278408050537,0.448533333333334,0.11200000000000002,48.11653333333333
47840.68860000009,9.37333240509033,0.1995327102803735,0.10046728971962617,40.08574766355138
101669.24390000064,6.395602989196779,-0.3897802197802191,0.08021978021978021,53.2341098901102
35166.327000000034,6.572940635681152,0.6693548387096782,0.13870967741935483,30.511999999999983
30387.105400000048,8.806848716735843,0.054789272030651225,0.13793103448275862,43.10463601532567
26214.77940000002,9.106884574890138,0.2880530973451328,0.1415929203539823,42.7991592920354
30817.66790000005,8.93565654754639,0.047777777777777794,0.11481481481481481,39.38185185185185
40326.40540000004,5.465489768981934,-0.8659340659340651,0.06593406593406594,80.9179120879122
32192.97010000006,6.44823589324951,-0.8272425249169432,0.09966777408637872,69.02259136212625
38613.58790000004,8.110461235046387,-0.2261904761904762,0.11309523809523811,45.25863095238095
40523.57260000005,9.207326316833495,0.5465909090909095,0.1534090909090909,31.232386363636365
65582.24720000027,5.83636417388916,-0.8892605633802805,0.06338028169014084,41.92306338028171
51635.35609999998,7.810941123962403,-0.275921908893709,0.0824295010845987,55.65054229934928
29652.999399999953,8.977045249938964,-0.46725352112676094,0.08450704225352113,56.715845070422525
40843.9296000001,8.658506965637208,0.6118309859154935,0.14929577464788735,43.78549295774647
26674.889099999997,9.133961296081544,-0.8526970954356845,0.03734439834024897,77.88340248962656
20813.473499999993,9.842662239074706,-0.938918918918919,0.03783783783783784,86.53189189189192
80004.15890000055,7.733479118347168,-0.5140109890109879,0.053571428571428575,68.4428708791212
56156.4784,6.59954128265381,0.5105158730158734,0.1111111111111111,43.92859126984129
83985.77890000041,6.338366127014161,-0.24441453566621765,0.10363391655450875,54.38226110363418
110251.25690000081,5.068298912048339,0.05294705294705287,0.07192807192807192,38.1188811188813
109254.97640000079,5.374490547180176,0.09879879879879867,0.06706706706706707,40.01042042042058
34268.021500000046,8.10130672454834,0.7550632911392413,0.09810126582278482,39.533892405063284
179142.59539999987,5.1098482131958,-0.28030959752321927,0.0823529411764706,39.5373498452015
88721.6659000006,9.70399074554443,-0.24500616522811297,0.06041923551171393,56.96387176325548
24686.364400000013,9.338906288146973,-0.13972602739726023,0.091324200913242,56.213242009132415
135753.33260000058,6.144545173645019,-0.24762684124386142,0.09410801963993454,44.08700490998391
55959.16380000006,7.51334171295166,-0.055069582504970405,0.06958250497017893,43.4761431411531
124043.00900000043,6.252709770202637,-0.778725314183124,0.07360861759425494,57.164910233393506
104332.8909000007,5.815561103820801,-0.3828227571115959,0.11925601750547045,38.086575492341545
27544.9999,10.162425422668456,0.10583657587548614,0.04669260700389105,41.8727626459144
82878.26460000055,4.98849697113037,-0.6805405405405391,0.060810810810810814,53.809594594594756
36231.3565,9.475127983093262,0.09440993788819874,0.09627329192546584,43.19599378881988
41211.33590000004,5.856485176086425,0.7320855614973265,0.11497326203208555,29.601336898395708
71421.21190000004,5.101890754699705,-0.6686998394863557,0.06099518459069021,52.41720706260052
24133.178200000002,6.594937324523926,-0.3197247706422019,0.06880733944954129,48.2523394495413
91113.85220000042,5.313218116760253,-0.6740420271940651,0.060568603213844247,60.47119901112508
46052.65220000008,6.355815696716308,-0.6829268292682927,0.09024390243902439,48.74758536585363
34447.53130000007,7.0451021194458,0.7573717948717952,0.11858974358974358,42.493621794871785
29694.533099999993,8.88956165313721,-0.6681318681318681,0.03663003663003663,63.7267399267399
86030.83170000055,9.753244590759277,-0.09728682170542646,0.08139534883720931,52.34872093023279
24983.829899999993,10.359376335144038,-0.8544247787610605,0.0752212389380531,84.09115044247784
86472.93920000049,8.912125587463382,-0.42683578104138836,0.11882510013351134,42.229652870494114
25030.184600000015,8.801949119567873,0.49638009049773724,0.14479638009049775,36.56334841628959
34746.94330000006,6.572940635681152,0.7868589743589747,0.1217948717948718,41.925032051282045
38118.7021,9.067945671081542,0.7217765042979958,0.10315186246418338,30.479369627507158
24621.832000000024,7.6925550460815435,-0.28403755868544595,0.10328638497652581,43.714084507042244
21046.017200000002,6.3368314743042,-0.3680628272251309,0.05759162303664921,41.6969109947644
145805.48970000094,6.035812187194824,-0.7755070202808125,0.0686427457098284,48.265304212168815
40563.45200000007,5.903547859191894,0.25887096774193535,0.07526881720430106,37.33870967741937
48868.1425,5.148157691955565,0.7188596491228086,0.11842105263157895,41.63116228070174
81876.17950000033,6.369343376159668,-0.2589673913043479,0.042119565217391304,52.24429347826107
65264.44690000027,6.7815965652465815,-0.5412751677852347,0.07214765100671142,57.33036912751695
73881.44360000036,5.257743263244628,-0.44636363636363535,0.1393939393939394,27.45819696969696
44072.52790000003,5.344877433776855,-0.5148058252427173,0.048543689320388356,71.20266990291285
63277.71030000029,5.835000038146972,-0.3699312714776619,0.04810996563573883,66.64469072164972
112129.77790000083,6.231679344177246,-0.15173439048562962,0.08126858275520317,47.93152626362758
48288.718700000034,6.08060131072998,-0.4096018735362995,0.06323185011709602,53.258079625292766
20141.82310000001,5.226027107238767,-0.18618784530386726,0.07734806629834254,30.479613259668497
28530.91970000004,8.277821159362794,0.16706349206349205,0.09523809523809523,46.20873015873017
102043.37640000062,6.546737861633301,-0.22318840579710084,0.09141583054626533,45.36578595317749
30855.033500000034,8.70859889984131,-0.40915750915750954,0.09157509157509158,35.48985347985347
111075.944300001,9.395767402648925,-0.41048158640226334,0.0708215297450425,56.54401322001929
102834.35780000064,7.995256233215332,-0.29722530521642515,0.09211986681465038,48.133196448390905
56930.65610000019,9.621858024597167,-0.45182341650671715,0.04222648752399232,59.57792706333984
58077.86160000009,9.516323280334472,-0.9774011299435009,0.047080979284369114,60.56026365348417
31866.793000000034,9.948970603942868,-0.5378006872852231,0.07216494845360824,63.659450171821256
55208.77410000008,8.386579322814942,0.5834355828220875,0.11860940695296524,39.34832310838445
61921.445100000135,7.527380943298341,0.6457894736842121,0.08596491228070176,37.06054385964914
55772.343800000075,8.026587867736819,0.5593253968253976,0.11706349206349206,44.951031746031774
150952.15880000006,7.885982322692871,-0.20509090909090935,0.064,49.248160000000304
169861.2055000003,7.017364692687988,-0.6502531645569632,0.04873417721518987,63.174689873418046
56826.83720000007,5.628049278259277,0.5718446601941755,0.12427184466019418,40.23807766990289
35930.67410000006,8.508940315246583,0.8509259259259261,0.10493827160493828,40.875030864197534
23011.747699999993,6.344561576843262,-0.4256281407035181,0.12562814070351758,37.07994974874372
141101.39970000056,5.191412162780761,-0.553839999999999,0.0672,48.354240000000225
111460.30690000084,8.449371528625488,-0.22816753926701464,0.13403141361256546,39.48304712041901
50927.88460000003,8.017433357238769,0.7855263157894753,0.14692982456140352,29.473508771929822
101338.68660000047,8.846238899230958,-0.6467618002195381,0.04610318331503842,55.99099890230541
52496.80410000011,5.649648094177246,-0.44432314410480367,0.12445414847161573,46.78451965065501
82264.66100000049,6.199849510192871,-0.038627187079407835,0.1211305518169583,40.98157469717371
68665.59640000034,7.37459774017334,0.5206842923794729,0.09486780715396578,37.3694245723173
33812.2525,5.767020606994628,-0.7378839590443678,0.04095563139931741,64.83788395904438
178971.41740000018,6.446303367614745,-0.4290342298288532,0.05745721271393643,60.40789119804439
62338.294200000164,8.000607109069826,-0.4483455882352936,0.09926470588235294,46.774650735294216
135165.78930000076,8.91135196685791,-0.44856674856674755,0.09172809172809174,52.01313677313706
193407.28400000004,8.175251960754395,-0.3419977298524401,0.0641316685584563,51.521980703746
50317.082600000096,6.435844993591308,-0.021218961625282157,0.0654627539503386,49.53995485327314
58896.45910000013,8.53569469451904,-0.4151923076923075,0.09423076923076923,52.545615384615466
591400.6557000042,6.05178394317627,-0.27522565776839375,0.08027655079700403,46.99441713078452
80653.91570000035,5.108313560485839,-0.15156037991858914,0.101763907734057,46.408697421981145
59750.09960000013,8.088928794860841,-0.5237735849056602,0.07735849056603773,55.09418867924541
59634.163500000126,7.300366020202637,-0.5177358490566037,0.06981132075471698,57.049452830188805
20301.95499999999,7.127063941955567,-0.4087431693989077,0.06010928961748634,59.92786885245902
59624.98140000015,8.223087501525882,-0.5471698113207544,0.06792452830188679,55.18001886792466
59625.96940000016,8.223087501525882,-0.5460377358490563,0.06792452830188679,55.18001886792466
59670.06510000015,8.347962760925295,-0.5515094339622639,0.06792452830188679,54.8596415094341
59656.038500000155,8.347962760925295,-0.5515094339622639,0.06792452830188679,55.121339622641635
59628.97010000015,8.223087501525882,-0.5454716981132073,0.06792452830188679,54.533037735849184
62501.09560000015,8.623565101623537,-0.6012658227848096,0.07052441229656418,52.73600361663669
59885.32120000015,8.459428596496583,-0.5711320754716979,0.06792452830188679,57.88832075471713
59618.09180000014,8.50030155181885,-0.5550943396226412,0.06792452830188679,55.75624528301899
59682.03610000016,8.35047702789307,-0.5596226415094336,0.06792452830188679,55.56813207547183
59710.08920000016,8.35047702789307,-0.5550943396226414,0.06792452830188679,55.513792452830316
44689.24910000005,6.862535285949707,-0.3909547738693473,0.08040201005025124,55.50605527638195
121459.23180000094,6.348312950134278,-0.08025949953660656,0.09823911028730306,42.86757182576483
40758.805000000044,8.66379337310791,0.5533333333333342,0.11666666666666667,40.30197222222221
58022.583000000144,6.106633567810058,-0.793123772102161,0.06679764243614932,53.70864440078597
35646.55700000001,8.861388969421387,0.816242038216561,0.14331210191082805,34.913407643312084
35391.8625,9.64371280670166,0.05700636942675159,0.10828025477707007,32.86796178343948
46741.094700000176,6.6253461837768555,-0.5394799054373512,0.07801418439716312,73.02437352245883
41430.198800000086,6.9800214767456055,0.5149295774647887,0.15774647887323945,31.28056338028168
46352.66320000009,10.173513984680174,0.12235023041474638,0.07603686635944701,71.32099078341031
86173.28290000044,8.412431144714358,-1.0552596537949401,0.07989347536617844,42.945938748335685
18890.27829999998,8.7917631149292,-0.6788235294117654,0.06470588235294118,87.46647058823531
40063.49250000002,6.291303443908691,-0.5994269340974211,0.08882521489971348,54.48083094555878
218967.46530000036,7.043908500671387,-0.5571060762100936,0.07723995880535531,55.64590113285308
59326.824300000095,5.207497596740722,-0.28513274336283206,0.04601769911504425,51.43522123893816
61588.78160000013,9.33961544036865,-0.27257769652650826,0.06215722120658136,45.643711151736795
29232.21020000001,8.439507865905764,-0.6520295202952031,0.025830258302583026,56.30738007380073
42527.924900000035,6.794499015808105,0.579948586118253,0.11311053984575836,44.74861182519279
69504.26560000028,5.039083671569824,-0.4629107981220646,0.08763693270735523,51.84037558685461
82341.29050000051,4.917732429504394,0.022971114167812414,0.14030261348005502,30.258596973865224
57963.81760000004,5.932081031799316,-0.09607843137254936,0.13137254901960785,36.056686274509794
200822.9886000004,6.799898719787596,-0.9160480349345043,0.04585152838427948,55.001364628821285
16372.507499999989,6.17700023651123,-0.3686666666666666,0.06,52.89733333333332
107381.67770000063,6.775742149353028,-0.4070769230769217,0.05435897435897436,59.78257435897468
50199.05180000013,5.284230232238768,-0.09779249448123624,0.05298013245033113,54.713487858719716
78438.07220000029,6.883111000061036,-0.6034722222222213,0.043055555555555555,62.34444444444483
35736.321800000034,8.583530235290528,0.6739682539682543,0.10476190476190476,38.00701587301587
141415.53460000054,6.860773277282715,-0.6765384615384613,0.047692307692307694,53.047161538461964
39680.34740000008,8.51867504119873,0.45111111111111185,0.09444444444444444,34.556944444444426
60768.46700000012,5.603040122985839,0.43029197080292053,0.11496350364963503,42.00401459854019
59693.09680000016,8.221475791931152,-0.5452830188679242,0.06792452830188679,56.84039622641523
59686.21340000015,8.347447013854982,-0.5349056603773581,0.06792452830188679,55.50530188679259
59658.11710000015,8.22224941253662,-0.5343396226415091,0.06792452830188679,56.189075471698246
59657.066400000156,8.347962760925295,-0.5462264150943393,0.06792452830188679,54.82775471698127
51208.01890000007,6.324156379699708,0.7081720430107533,0.12903225806451613,32.41182795698925
32948.403100000025,4.86043872833252,-0.697602739726028,0.0547945205479452,54.04452054794519
84417.67450000046,4.88357219696045,-0.1895020188425304,0.08748317631224765,51.49865410497998
41792.39430000006,5.307534217834472,-0.19893333333333363,0.08533333333333333,37.94669333333332
145703.65700000027,7.771674919128418,-0.17820804859529255,0.06757782839787396,44.48969627942323
35098.76460000007,8.723039817810058,0.7561290322580649,0.13225806451612904,33.20619354838709
35386.89450000003,8.79672718048096,0.7051118210862621,0.134185303514377,32.32974440894568
35352.02420000002,8.766040229797362,0.7587859424920129,0.12779552715654952,33.78373801916932
62662.07890000015,5.064945411682127,-0.4492146596858633,0.07678883071553229,54.28045375218163
73954.92600000031,8.602355003356934,-0.8841121495327086,0.09034267912772585,60.040981308411475
25248.677900000002,7.535508918762208,-0.048510638297872305,0.04680851063829787,46.46217021276597
340631.13129999995,4.339623069763184,-0.758322538860104,0.0625,60.78646373056965
75445.09850000028,8.203940391540527,0.3473071324599718,0.11353711790393013,39.504963609898205
58380.91800000004,5.689378547668457,0.5431775700934588,0.11775700934579439,37.36899065420559
82694.37290000061,5.375115776062012,0.0129380053908354,0.1320754716981132,36.85176549865239
42660.02460000006,7.455593299865723,0.2878947368421052,0.1394736842105263,50.88578947368418
155263.7394000006,6.341435432434082,-0.42795847750865185,0.06435986159169552,50.21945328719755
40483.02530000005,8.71736660003662,0.47394957983193226,0.1512605042016807,36.796442577030795
36468.39200000009,5.3830163955688475,-0.6915887850467289,0.07165109034267912,52.55389408099689
18124.197599999985,9.5149694442749,-0.83625,0.075,74.72000000000001
53540.40290000022,4.939103889465331,-0.2019880715705757,0.041749502982107355,34.4224652087475
72895.93880000025,7.451387214660645,0.5845238095238104,0.11011904761904762,44.71787202380961
47365.68540000004,5.0896703720092775,-0.3526315789473687,0.06698564593301436,35.55074162679424
57406.37220000014,6.700146293640137,-1.0663951120162913,0.07128309572301426,57.96965376782088
160281.25770000071,6.899025917053222,-0.7393290506780877,0.044254104211277664,48.81620985010739
32781.803500000045,8.015112495422365,-0.5522435897435889,0.05128205128205128,88.98269230769252
336155.52470000077,6.478985786437988,-0.6288091353996774,0.04861337683523654,55.97984991843403
84045.52180000042,6.872197914123535,0.4943790849673221,0.10588235294117648,32.67049673202623
75018.57850000038,5.361758613586425,-0.12865853658536608,0.08384146341463414,46.89359756097573
101791.0541000007,5.075574302673339,0.21328210757409466,0.09769484083424809,48.22427003293109
32235.927600000043,7.231249809265138,-0.6421232876712312,0.05821917808219178,49.49794520547943
34952.87880000008,8.986070823669433,-0.5211480362537746,0.04833836858006042,56.770996978851954
75283.86360000026,7.624007225036622,0.3669577874818061,0.1091703056768559,38.27046579330431
34210.25709999999,9.490858268737792,-0.9078078078078071,0.039039039039039033,55.38228228228227
31209.239600000034,5.171347999572752,0.43848920863309343,0.12949640287769784,29.635251798561146
79206.72210000042,9.162907600402832,0.24662921348314623,0.10674157303370788,47.2958426966294
137325.17210000032,8.191626930236819,0.05238095238095225,0.10591133004926108,40.72097701149452
41757.151699999966,5.355222129821779,-0.13846153846153844,0.10079575596816977,42.36312997347478
43567.57320000007,8.959638786315917,0.34205128205128205,0.1076923076923077,43.504128205128204
51735.66180000005,9.879989433288571,0.354453441295547,0.0728744939271255,46.42186234817816
19572.208399999996,6.060991859436036,0.5497109826589595,0.19075144508670522,33.30815028901733
43652.713400000044,6.331659126281737,-0.7562340966921114,0.061068702290076333,73.5921119592877
107689.94500000094,6.709467887878417,-0.11038824763903503,0.08919202518363065,43.764008394543794
40114.42809999995,9.5473970413208,-0.6099489795918369,0.03571428571428571,52.23622448979587
57874.36550000016,8.353378105163575,-0.2637218045112783,0.08082706766917294,56.602274436090404
70659.31190000023,9.194368171691895,-0.3921052631578943,0.043343653250773995,69.17772445820455
43250.0037000001,5.852108573913574,-0.32245989304812855,0.09090909090909091,48.48422459893048
69836.85350000024,6.397535514831543,-0.41961414790996693,0.05466237942122186,52.56398713826378
34890.046800000026,8.847399330139162,0.6405063291139241,0.10443037974683544,43.05009493670886
129586.58800000075,8.63226833343506,-0.5990533562822732,0.05249569707401033,49.70336488812423
48251.43590000009,6.7770494461059565,-0.31471962616822463,0.09112149532710281,49.042523364485966
273423.36590000015,6.0085863113403315,-0.06969334926324182,0.0700915969733174,45.937881322182726
18023.413199999974,7.721372413635254,0.039181286549707414,0.08771929824561403,37.190058479532155
18272.839599999974,9.213644218444824,0.016860465116278877,0.0872093023255814,41.09825581395347
50955.7874000001,5.688810157775879,-0.7251670378619142,0.06904231625835189,50.954342984409806
31831.45229999997,9.281593894958494,-0.4069536423841057,0.07947019867549669,61.85562913907285
56319.46160000012,8.002476692199707,0.5476923076923091,0.10192307692307692,39.08040384615384
40754.1889000001,6.10839557647705,0.4029810298102982,0.0840108401084011,44.549593495934964
36960.98640000008,8.796985054016115,-0.7447852760736191,0.08895705521472393,49.06263803680982
58353.83240000014,5.414732551574706,-0.5136015325670493,0.06321839080459771,55.649252873563306
46490.79250000001,8.845852088928222,-0.4398104265402844,0.06161137440758294,56.16684834123227
42750.96520000003,9.02842655181885,-0.25520581113801477,0.07021791767554479,51.565375302663426
220623.2876999991,5.674429893493653,0.03317995910020448,0.10991820040899794,41.31193251533776
61612.62050000012,7.200613594055175,0.22553571428571423,0.12321428571428572,43.711125000000074
59715.556200000174,7.286554145812987,-0.13861940298507486,0.11007462686567164,39.08417910447761
49231.15650000018,7.292181205749511,-0.3722595078299775,0.08501118568232661,55.3120805369128
36048.268100000045,8.247392082214354,0.6286624203821657,0.15286624203821655,40.838917197452226
33375.2925,6.830648612976075,0.9013114754098372,0.1081967213114754,51.70229508196719
34104.38120000002,9.070137596130369,0.9976744186046526,0.11627906976744186,29.470465116279062
112990.95050000086,9.366498756408692,-0.07583892617449726,0.07190795781399809,47.620421860019455
43973.65980000004,5.596901512145995,-0.23919597989949767,0.06281407035175879,34.91834170854269
176408.0583000006,6.6380212783813475,-0.8620049504950524,0.04702970297029703,62.29616955445585
92669.40870000054,5.1651525497436515,-0.5728813559322026,0.05932203389830508,55.96771186440698
42771.0835000001,9.628562736511231,0.5203084832904887,0.10282776349614395,40.1843444730077
83495.42400000032,5.907071876525879,-0.2778061224489791,0.03316326530612245,42.456122448979784
76034.25930000034,6.808367729187012,-0.5261329305135941,0.08459214501510573,55.47996978851983
404414.3461000054,5.817664146423341,-0.6889549014312707,0.05482041587901701,63.21178233864324
82784.5723000003,6.5083715438842775,-0.9799174690508936,0.04951856946354883,61.680605226960324
151252.0648999999,5.092739677429199,-0.4964363636363639,0.09309090909090909,42.31880000000028
60073.114700000166,9.391061210632323,-0.14830827067669206,0.09774436090225563,47.023890977443635
47818.397500000116,9.539145088195799,0.23325581395348846,0.10465116279069767,46.0120930232558
64969.43230000017,5.288720512390136,-0.13543441226575811,0.07666098807495741,43.56916524701878
74459.97500000018,6.330636024475097,-0.5433734939759025,0.07078313253012047,54.9182379518074
82822.90340000042,8.09369945526123,-0.25956284153005377,0.09562841530054644,66.64607923497293
19669.352899999998,4.749886894226075,0.1941489361702128,0.09042553191489362,19.94202127659574
21942.915200000003,8.806204032897952,0.03444976076555018,0.0861244019138756,23.26555023923444
98794.8859000004,8.63162364959717,-0.27292134831460646,0.08764044943820226,50.881471910112595
101194.34150000074,6.517579460144043,-0.6838020247469051,0.08548931383577053,43.83965129358849
50219.0114,5.585135841369628,0.21968680089485426,0.11185682326621924,42.898053691275166
34745.156000000046,8.689645195007323,0.7873786407766993,0.1262135922330097,44.753786407766974
39745.02710000007,8.462716484069826,0.3994318181818181,0.13068181818181818,30.804005681818165
34924.03610000009,6.528606224060058,0.739616613418531,0.1182108626198083,39.0520766773163
36932.36950000006,7.950063896179199,0.6400593471810092,0.09495548961424333,38.790830860534115
41867.093500000075,5.8017492294311515,-0.2255208333333335,0.07291666666666666,67.87968750000005
118869.04530000071,8.60893077850342,-0.6472795497185746,0.06285178236397748,61.792598499062315
59630.01980000019,8.878988838195802,-0.8689013035381725,0.0670391061452514,47.83165735567983
23516.494900000005,5.122239112854003,-0.32536585365853665,0.11707317073170731,29.395658536585362
23679.3862,5.455883979797362,-0.5663414634146342,0.13658536585365855,51.86000000000001
75702.86530000027,7.471735572814942,-0.4170403587443947,0.11808669656203288,57.807055306427756
34992.44600000005,8.62885150909424,0.7293548387096782,0.12258064516129033,43.913935483870944
35819.62290000006,8.736771583557129,0.754088050314466,0.11006289308176101,41.14374213836477
70859.9428000002,8.3868371963501,0.20739549839228263,0.13344051446945338,29.087508038585206
60342.89610000016,5.803227043151855,-0.037769784172661844,0.03776978417266187,30.93165467625898
82387.23910000053,9.197075843811035,-0.1324146981627301,0.03937007874015748,52.90039370078765
58894.383700000115,6.120956993103026,-0.015087040618955645,0.10444874274661509,56.406247582205175
55097.20920000003,5.682614707946779,0.5081632653061237,0.10816326530612247,40.98497959183671
26182.290500000017,4.8435575485229485,-0.40478260869565247,0.08260869565217391,41.417391304347824
25368.481700000004,8.659087181091309,-0.4757709251101323,0.06607929515418502,51.376651982378846
107195.52410000082,9.217189979553222,-0.4680914512922456,0.06262425447316104,68.47395626242587
46730.08840000007,7.417681694030762,0.880459770114943,0.11264367816091954,39.632183908045974
49770.02980000003,9.025267601013184,0.5967320261437916,0.10893246187363835,35.54705882352941
62032.80570000017,9.20429630279541,0.47521663778163,0.11091854419410746,44.414592720970596
178672.05720000056,6.402707862854004,-0.569473046638402,0.054512416717141125,60.426044821320744
35074.0476,9.052537727355958,-0.5978593272171245,0.05504587155963303,63.74804281345565
30326.71780000005,8.895299339294432,-0.2593984962406016,0.09398496240601503,51.73233082706766
62224.475800000226,6.805412101745605,-0.09947089947089953,0.09171075837742504,41.76208112874784
76876.39520000042,9.556035804748536,-0.7997229916897489,0.04709141274238227,72.97797783933555
51437.310600000055,6.461990928649903,0.12653508771929806,0.10964912280701755,47.39175438596492
48327.965199999955,6.875494575500488,-0.4847926267281108,0.0967741935483871,57.657626728110664
40139.69760000011,9.26405849456787,-0.21027027027027057,0.06756756756756757,63.0805405405406
29225.424700000025,10.65547962188721,-0.6225806451612911,0.09274193548387097,45.94641129032257
45935.54070000013,7.667716407775879,-0.21438515081206508,0.06960556844547564,66.92134570765681
58260.6949000001,5.025897026062012,-0.3206165703275526,0.07514450867052024,45.30579961464363
632812.4590000082,5.461113166809082,-0.3708899213724098,0.0725518227305218,48.756997855609846
30663.717600000033,5.338340950012206,-0.13985239852398526,0.09225092250922509,48.93767527675277
103979.40350000074,6.654845619201661,-0.14346405228758208,0.10675381263616557,38.878246187363985
75831.81790000033,5.937082862854004,-0.5380303030303029,0.09696969696969696,50.862575757575904
71967.10900000024,7.587630271911623,-0.47439613526570007,0.10628019323671498,44.129162640901825
226543.54159999816,5.7068281173706055,-0.6857352941176498,0.0985294117647059,46.27754901960817
90568.08770000047,7.0358373641967775,-0.6875308641975307,0.08641975308641975,47.12950617283977
29854.63530000001,8.929467582702639,0.2809160305343508,0.13740458015267176,52.53702290076336
34364.352800000066,9.529474830627443,-0.44454545454545424,0.06060606060606061,48.813030303030274
33593.567400000036,7.8716703414917,-0.9585526315789468,0.049342105263157895,68.14078947368421
58077.14650000018,8.917218589782717,-0.5800759013282724,0.07590132827324478,45.46851992409874
14346.152299999983,4.576812171936036,-0.27656250000000004,0.0390625,51.038281250000004
18929.353199999987,5.29747371673584,-0.037426900584795385,0.07017543859649122,18.80350877192981
40678.66660000006,9.429355430603028,0.4985835694050999,0.14730878186968838,41.21759206798868
68546.02230000029,9.322273445129394,-0.41016666666666673,0.07333333333333333,45.14900000000007
67226.99570000025,5.683410453796387,-0.17128874388254478,0.08482871125611746,53.04424143556299
35293.47620000003,8.657539939880369,0.6706624605678236,0.09779179810725552,37.15681388012617
97359.13530000049,9.256838035583492,-0.325930232558139,0.08604651162790697,41.034930232558295
73450.08530000038,5.858929252624511,-0.628169014084506,0.10954616588419405,52.31536776212842
125944.81390000097,6.04763469696045,-0.13282647584973,0.08586762075134169,46.85769230769253
104736.77420000073,5.872911643981933,-0.3703463203463191,0.0735930735930736,49.75400432900456
42857.309100000064,6.155856132507323,-0.46648648648648633,0.10540540540540541,41.69735135135134
125271.71520000082,6.240887260437011,-0.5211280214861226,0.09310653536257833,47.480402864816774
72206.2296000003,8.768683433532715,-0.6754658385093144,0.07608695652173914,46.81692546583868
17135.37089999998,5.95044002532959,-0.07874999999999996,0.0625,57.89249999999999
24235.961800000016,5.88547306060791,-0.18254716981132066,0.08490566037735849,53.16561320754716
50154.45800000007,6.811152839660645,-0.7757369614512468,0.07482993197278912,62.66192743764179
43975.6102000001,9.00238132476807,-0.5528967254408053,0.07052896725440805,43.64332493702769
35249.72990000003,8.050699043273926,0.9015873015873025,0.13015873015873014,44.768380952380944
35171.58940000002,8.368012428283695,0.7338557993730411,0.10658307210031348,37.3878369905956
65913.23800000022,6.252425575256347,0.4812500000000005,0.14358108108108109,28.82062499999999
71925.4805000004,8.287491416931154,0.4907294832826758,0.11246200607902734,31.53056231003038
629094.0225000068,5.800726127624511,-0.4988455008489007,0.03293718166383701,30.959473684210053
40104.16610000003,5.582066535949706,-0.4248587570621465,0.10451977401129944,39.0079661016949
34457.80300000003,8.873895835876464,0.2796825396825394,0.09523809523809523,35.09590476190475
56054.301600000144,6.301591300964356,-0.5882703777335986,0.05765407554671968,51.154274353876836
27902.764900000024,8.730324745178223,-0.48239999999999983,0.056,45.71239999999999
77671.9907000003,8.941845512390138,-0.7391304347826066,0.07391304347826087,51.648115942029165
35171.72430000003,8.533180427551269,0.6807073954983928,0.13183279742765275,47.336077170417994
52977.91940000003,6.268681526184082,0.2028199566160518,0.13232104121475052,37.787028199566166
60651.43090000016,4.759947395324706,-0.38286778398510235,0.08566108007448789,51.47452513966489
34491.11600000005,8.670304679870608,0.8779935275080912,0.10679611650485438,34.54242718446602
19967.752599999974,9.737643241882324,-0.4198924731182797,0.04301075268817204,86.3241935483871
96528.72180000067,8.021752738952639,0.15594965675057199,0.11098398169336385,33.635480549199215
106835.98110000073,5.864954185485838,-0.4131799163179911,0.06589958158995815,42.64226987447715
33198.4327,7.755816841125489,-0.8335593220338976,0.05762711864406779,65.8050847457627
79273.77490000037,6.316596794128418,0.023407202216066396,0.052631578947368425,32.63240997229917
22805.725200000015,9.464619636535648,-1.2484848484848476,0.07575757575757576,41.079797979797995
48499.86450000011,8.54575176239014,0.24622641509433918,0.13679245283018868,40.582830188679246
35041.46350000007,8.184857749938963,0.7955414012738852,0.10828025477707007,45.52487261146497
40568.53390000005,7.270241355895997,-0.5137157107231921,0.047381546134663347,53.991770573566114
55722.40850000005,5.882005882263183,0.5253759398496253,0.06203007518796992,33.30281954887216
35794.57330000005,8.761849784851073,0.7711538461538466,0.14102564102564102,41.989455128205115
73380.34750000031,7.019069862365721,-0.44525660964230146,0.0964230171073095,50.35847589424589
38547.67990000005,8.738641166687014,0.15905044510385738,0.12166172106824925,38.800890207715135
35634.09450000002,9.087286186218265,0.5750000000000005,0.14423076923076922,47.47057692307692
39506.16410000007,6.05485324859619,-0.3274509803921574,0.11484593837535012,34.9689355742297
24843.039100000005,5.624411582946778,-0.4957943925233649,0.13084112149532712,47.85467289719626
137909.06800000014,5.584965324401855,-0.24749003984063742,0.06772908366533865,56.13443027888477
16546.068699999993,8.60403118133545,-0.3620689655172413,0.1103448275862069,41.0386896551724
50830.10170000005,5.604688453674316,-0.07544247787610613,0.11283185840707965,39.68480088495576
38952.40130000007,9.55229663848877,0.37908309455587436,0.12320916905444126,39.73094555873926
63136.63280000011,6.292610740661622,-0.16618705035971237,0.11870503597122303,43.380629496402925
45315.20430000003,5.4470739364624015,-0.816161616161616,0.08333333333333334,51.79219696969696
34000.75759999996,6.313527488708497,-0.4658146964856237,0.10543130990415336,21.419840255591044
39271.28790000006,8.855522346496581,-0.1560439560439563,0.08791208791208792,36.55826923076923
41378.76390000008,4.818321037292479,-0.33045822102425904,0.043126684636118594,72.90107816711603
35299.110000000044,8.816325569152834,0.9138263665594862,0.14469453376205788,41.772411575562685
128405.52250000073,6.566574668884278,-0.5007950530035328,0.07420494699646643,45.800803886926055
50617.901300000056,9.284494972229005,0.5483122362869205,0.08016877637130801,38.37913502109702
69956.43000000027,6.805412101745605,-0.013875598086124452,0.08452950558213716,54.1639872408295
34968.430800000024,9.055890083312985,0.6289389067524125,0.10289389067524116,50.697781350482295
59086.14190000009,6.490524101257324,-0.7276717557251899,0.07251908396946564,59.80515267175593
40929.132700000046,5.021690940856933,-0.3414364640883975,0.07734806629834254,46.618784530386726
41425.773400000064,9.661054801940917,0.4484375000000001,0.09895833333333334,42.02890625
59908.82580000005,5.4840192794799805,-0.2676136363636364,0.10795454545454546,41.12748106060609
75152.57910000025,7.119902229309083,-0.4715582450832059,0.10287443267776096,37.94649016641465
55792.998899999984,8.24687633514404,0.48605108055009866,0.1335952848722986,37.66489194499017
48418.572300000065,10.034778022766112,0.36420581655481066,0.07158836689038031,42.968903803131994
152239.70670000027,6.0904344558715815,-0.039142857142857215,0.07428571428571429,47.309800000000315
33259.550000000054,8.559225654602052,0.3254180602006689,0.12374581939799331,43.835150501672224
34500.997000000025,5.556375312805175,-0.6634375000000002,0.05625,74.28193750000007
55358.7819,9.526058006286618,-0.9491631799163157,0.09205020920502091,47.30608786610881
67838.6685000002,9.190886878967284,-0.9059829059829027,0.10256410256410256,46.0680341880343
63019.04740000014,9.482928657531737,-0.9622222222222195,0.10370370370370369,34.60631481481483
55248.88560000001,9.42980670928955,-0.97320675105485,0.08860759493670886,50.436708860759545
58360.62590000003,9.223056602478025,-0.8931726907630501,0.09437751004016065,49.16807228915664
38827.16820000004,9.008441352844237,0.6232558139534891,0.1191860465116279,33.43898255813953
23527.98789999998,6.463923454284667,-0.8196172248803834,0.0430622009569378,63.73971291866027
17418.999099999983,5.706941795349121,0.4823899371069179,0.11949685534591195,34.56169811320753
127600.60930000067,6.212240409851074,-0.11876606683804626,0.0805484147386461,45.60892030848365
138116.8394000005,6.1145341873168935,-0.438902340597256,0.05891848264729621,51.77353510895912
25286.381100000006,6.101290702819823,-0.19184549356223168,0.055793991416309016,36.82532188841201
108265.21860000076,5.86131649017334,-0.2499999999999999,0.09221311475409837,41.725829918033064
51456.873500000074,8.534018516540527,0.7485169491525432,0.10805084745762711,44.02355932203388
97532.82610000073,9.343999290466307,-0.5528216704288939,0.07900677200902934,59.237370203160545
40427.96580000003,8.25267848968506,-0.6280104712041881,0.04712041884816755,61.20366492146601
35269.94130000004,8.792149925231932,0.7392405063291146,0.10126582278481013,50.14341772151898
86677.01230000044,6.01171245574951,-0.3900503778337524,0.07556675062972293,43.28198992443339
53355.47740000009,8.045090293884279,-0.1245387453874543,0.04059040590405904,53.97564575645772
37322.11880000002,9.329236030578613,-0.22988165680473424,0.09467455621301776,41.10860946745561
76929.42810000054,7.55881290435791,0.27901591895803207,0.12156295224312591,40.360347322720784
76612.00030000023,6.984454917907715,-0.2942477876106196,0.058997050147492625,47.61594395280248
108268.96330000075,6.483191871643067,-0.23556231003039496,0.08308004052684903,40.96619047619073
44004.374700000066,7.063745307922363,0.6631188118811885,0.10148514851485149,38.369084158415845
55755.28879999998,5.4466760635375975,-0.43146292585170287,0.06412825651302606,40.60120240480961
35078.0083,6.393329429626465,-0.4245398773006141,0.09815950920245399,22.989294478527594
50036.37500000002,9.902811241149902,-0.2896761133603238,0.04251012145748988,54.19493927125507
61379.10700000023,5.333793830871582,-0.36585820895522436,0.08022388059701493,54.47164179104486
34157.407000000065,5.63083438873291,-0.7183050847457629,0.04406779661016949,52.665084745762705
218583.92999999877,5.904911994934082,-0.3618578100674625,0.1302542812662169,41.0861079398032
61252.12560000012,7.219029426574708,-0.4734200743494413,0.07249070631970261,43.129739776951745
47017.95320000014,5.488339042663574,-0.1113207547169812,0.07075471698113207,47.89056603773586
195979.25990000035,6.071563911437988,-0.4610122358175774,0.052280311457174634,44.492113459399704
17114.226699999992,9.62843379974365,-0.8510344827586209,0.14482758620689656,32.497931034482754
74301.23560000032,9.297710990905763,-0.9239197530864177,0.08179012345679013,57.04385802469151
35269.797200000045,8.38251781463623,0.6958860759493678,0.10126582278481014,50.104177215189864
25036.79289999999,5.449802207946777,-0.6468749999999999,0.07142857142857144,66.155
49966.27930000008,5.877629280090332,-0.6020689655172404,0.09195402298850575,44.55425287356322
35299.85800000005,9.073683357238771,0.6527331189710619,0.09967845659163987,34.378488745980704
79291.20500000038,8.290392494201662,0.0011331444759204484,0.10623229461756374,45.787393767705524
108246.80740000097,6.656948661804201,0.14394710071210565,0.08545269582909461,49.16236012207554
64592.69110000014,5.7944738388061525,-0.5157094594594579,0.09628378378378379,54.44037162162177
54174.89830000012,4.9831541061401365,-0.40727272727272734,0.06262626262626263,54.38848484848493
35945.24880000003,8.960734748840334,0.44125000000000025,0.10625000000000001,41.03224999999997
35875.21850000003,8.908321952819826,0.4728125000000002,0.10625000000000001,40.11131249999998
70410.46420000019,9.135637474060061,-0.3639802631578945,0.1069078947368421,37.82351973684214
23856.241000000016,9.13770046234131,0.775961538461538,0.13461538461538464,34.35528846153847
114755.61580000071,5.226538658142089,0.096641074856046,0.07485604606525913,37.893675623800554
34567.758500000054,8.584045982360841,0.7695792880258905,0.1423948220064725,43.60200647249189
71583.22920000034,7.767411994934083,0.49922958397534783,0.10631741140215717,43.75733436055477
94165.01140000059,9.109721183776855,-0.4673587081891581,0.04844290657439446,57.03840830449855
45084.4035000001,8.62130870819092,0.4304020100502514,0.12562814070351758,33.70907035175879
34658.75630000003,8.660118675231931,0.5791666666666668,0.11217948717948717,34.930512820512796
55726.851100000036,8.6768159866333,0.4906250000000008,0.09375,42.938691406249994
78154.66650000036,5.792427635192872,-0.2736311239193086,0.09221902017291067,36.90619596541792
35257.28020000007,6.482737159729004,0.7302547770700635,0.14012738853503184,38.47171974522291
79900.72950000047,5.055680656433105,-0.5120786516853916,0.05758426966292135,48.31448033707875
66317.82470000013,8.9438440322876,-0.8449122807017518,0.10701754385964912,49.75761403508782
76975.14450000034,6.717652702331543,-0.5770467836257309,0.049707602339181284,60.67239766081892
55382.722100000006,8.696349906921387,-0.9680327868852439,0.08606557377049182,39.92850409836068
119826.74030000089,6.195586585998535,-0.1628242074927953,0.1047070124879923,40.92962536023073
130320.66330000073,6.3788354873657225,-0.41571306575576317,0.06746370623398805,53.80010247651613
35090.334300000075,7.560518074035645,0.7471337579617838,0.12101910828025478,36.658980891719736
35181.144200000046,6.575157356262207,0.7095541401273888,0.15286624203821655,34.80229299363056
34557.39420000004,8.447373008728029,0.8828478964401302,0.10679611650485438,38.23980582524269
29685.492699999995,9.037581062316896,-0.3885185185185185,0.07777777777777778,58.89703703703706
93761.15980000058,6.160062217712402,-0.887364620938629,0.049338146811071,64.51468110710017
34649.812200000066,7.920988655090333,0.7057877813504824,0.11575562700964631,40.97270096463022
34533.10730000005,8.189628410339356,0.7912621359223311,0.11326860841423948,33.36864077669903
138639.16560000088,7.287520408630371,0.013126491646777828,0.08353221957040574,32.09723150358014
158454.63710000017,6.317619895935059,-0.3317208016586039,0.07118175535590879,48.544450587422546
34173.60670000002,6.732317161560059,0.6116504854368932,0.1326860841423948,33.232103559870545
70252.60980000022,5.28002414703369,-0.2583465818759939,0.06677265500794913,34.54006359300477
31607.549500000026,6.090718650817871,-0.4570397111913362,0.09747292418772563,40.3823465703971
172654.12749999994,7.495721626281737,-0.21192429022081985,0.07886435331230285,54.64321766561548
35790.53300000005,8.857843208312985,0.7851265822784823,0.13291139240506328,37.17259493670884
35281.590000000026,8.958220481872559,0.6480769230769236,0.14102564102564102,42.639807692307684
35648.03300000002,8.874476051330568,0.6676282051282058,0.16025641025641027,43.04493589743588
35443.84280000003,8.85913257598877,0.6990384615384618,0.14423076923076922,42.43692307692306
35494.87660000003,8.935398674011232,0.6717948717948722,0.14423076923076925,43.42442307692307
184670.31850000028,5.884506797790528,-0.30745486313337117,0.04659289458357601,65.56821199767083
36309.67800000006,9.389836311340332,-0.27888563049853393,0.07038123167155425,50.193548387096754
40368.35770000007,9.207326316833495,0.5384408602150542,0.0967741935483871,42.09220430107527
68019.2323000002,8.18956394195557,-0.3382799325463743,0.10118043844856661,40.76544688026988
49267.39450000006,6.56805248260498,-0.7926605504587159,0.10091743119266056,52.304151376146805
59573.79450000011,7.573534202575685,-1.0022988505747104,0.06704980842911877,49.41819923371658
89096.12060000059,7.7396745681762695,-0.3154791154791153,0.06879606879606878,63.59778869778898
39297.04820000005,7.139739036560059,0.5123943661971835,0.10422535211267604,40.05464788732394
34012.79910000005,6.479326820373536,0.6750809061488678,0.11003236245954692,40.755339805825244
86884.89940000059,8.638199424743654,-0.25142118863049073,0.06976744186046513,41.430000000000156
48543.78210000008,5.383812141418457,-0.41556603773584916,0.09433962264150944,39.86297169811321
117347.69230000084,5.501809883117674,-0.19365853658536553,0.11609756097560976,40.93561951219532
80129.99450000048,5.965843391418457,0.1724137931034494,0.11862068965517242,41.24870344827597
40574.65930000011,9.25774059295654,-0.8499999999999984,0.06417112299465241,58.39812834224604
30251.085500000034,11.093348884582518,-0.5133802816901404,0.05985915492957746,58.85774647887322
35578.845300000045,8.326623725891114,0.7003134796238248,0.12852664576802508,37.30661442006269
30675.30839999999,9.154462242126463,-0.5690140845070424,0.09507042253521125,60.741936619718295
41020.01110000008,6.107770347595214,-0.4258152173913037,0.08967391304347826,49.7408152173913
37734.65660000004,8.891237831115724,0.4985294117647066,0.0911764705882353,40.31682352941176
116596.54280000085,6.2479352951049805,-0.35966542750929137,0.06040892193308551,56.91831784386643
52629.92060000012,5.459749031066894,-0.6710920770877934,0.0792291220556745,55.54220556745193
39202.965300000054,9.195464134216309,0.4982456140350882,0.13450292397660818,31.257631578947354
286786.2207000011,7.374256706237793,0.07969059896866493,0.10908369694565648,49.42856802856039
41580.944800000056,8.084158134460449,-0.3403269754768395,0.11171662125340598,52.54498637602178
23477.129999999986,9.323756217956543,-0.9543689320388352,0.03398058252427184,82.56359223300969
80640.75960000025,6.572429084777832,-0.3418571428571427,0.09857142857142856,35.23328571428578
40692.78520000005,8.735869026184083,0.6510810810810809,0.09729729729729729,45.91891891891891
39201.888700000076,9.578212928771972,0.5931318681318691,0.09890109890109891,47.113736263736264
91518.6819000006,9.196560096740722,0.10467980295566669,0.1059113300492611,46.133497536946
75058.6178000003,9.2668306350708,-0.9986046511627884,0.09147286821705426,49.38514728682183
34688.40100000006,8.868029212951662,0.7820512820512832,0.09615384615384616,35.51766025641023
23252.93719999998,5.700348472595215,-0.17844036697247695,0.09174311926605504,46.58169724770642
25446.709000000003,5.838921928405762,-0.13217391304347825,0.07391304347826087,50.93478260869565
73107.72790000032,5.2830934524536115,-0.32673716012084514,0.08761329305135952,46.54712990936573
67404.03050000024,5.532730293273924,-0.3277070063694266,0.054140127388535034,45.36386942675175
31691.17430000002,4.531056785583496,-0.5604166666666653,0.07638888888888888,73.29756944444446
31637.146700000027,4.520427894592285,-0.5361111111111098,0.07638888888888888,74.52847222222226
30391.490900000033,6.931765174865721,-0.2084805653710249,0.06007067137809187,55.380918727915166
50696.47880000005,6.144545173645019,-0.8716216216216204,0.06981981981981983,63.49076576576589
43746.82070000004,6.343936347961425,-0.2316326530612245,0.11989795918367348,44.85594387755101
146149.10560000085,8.804721260070803,-0.2080999242997728,0.08099924299772898,44.75543527630613
104203.46960000062,6.133177375793457,-0.41542730299666963,0.09100998890122086,44.036304106548435
65848.56660000008,8.856489372253417,-0.48591549295774666,0.051643192488262914,57.98075117370923
18262.45749999998,4.85913143157959,-0.10654761904761909,0.09523809523809523,49.320238095238075
98141.98570000057,5.091091346740721,-0.5111738148984186,0.05756207674943567,63.04334085778808
87790.15740000048,6.577771949768067,-0.31251612903225795,0.10193548387096774,50.675625806451805
36762.60870000002,9.218092536926267,0.7167701863354037,0.13975155279503107,44.770838509316775
35240.08640000004,8.743282890319826,0.7980645161290331,0.11935483870967742,34.18616129032257
50558.35980000008,7.0333364486694325,0.2677631578947366,0.11184210526315791,46.2689254385965
33592.87160000006,8.829477119445801,0.8250836120401344,0.13043478260869565,36.46561872909697
34759.24320000007,8.774614524841308,0.8229773462783174,0.13268608414239483,39.82433656957927
163684.20500000002,7.25250759124756,-0.3645933014354053,0.07792207792207792,44.312987012987335
34839.47840000004,9.180700874328615,0.7731629392971251,0.10862619808306709,41.312492012779536
131445.52940000073,5.979768943786621,0.06971947194719513,0.08828382838283828,33.90661716171633
171196.1934000004,7.273424339294434,-0.22155688622754396,0.09514304723885562,44.79688622754517
47535.338900000104,9.29842014312744,0.32258823529411756,0.11294117647058824,43.6275294117647
39123.610700000034,9.177735328674316,-0.39209809264305134,0.04087193460490463,77.69128065395114
41944.89880000009,5.998923683166503,0.17293814432989663,0.07731958762886597,53.51881443298968
65601.63330000016,5.931626319885253,-0.34589905362776024,0.04889589905362776,60.38943217665644
54083.12900000012,8.925986289978027,0.5341463414634157,0.11585365853658537,36.571585365853636
52350.96919999999,6.558162498474121,-0.14903225806451634,0.08817204301075268,40.6974623655914
212347.79519999973,6.166200828552246,0.09220501868660037,0.10998398291510944,41.16264281900727
47944.993999999984,8.327913093566895,-0.473943661971831,0.09389671361502347,50.460352112676084
114019.65500000096,8.462909889221194,-0.05278564683663832,0.07365439093484419,45.547242681775536
51238.991800000134,9.331105613708495,0.08884120171673796,0.07296137339055794,57.00710300429198
51837.940900000074,5.912642097473144,0.19474835886214428,0.10503282275711161,30.900678336980306
181062.6233999993,5.063694953918456,-0.8591915836101923,0.050941306755260235,30.804988925803375
35396.87710000004,8.36891498565674,0.7368932038834957,0.14563106796116504,42.091974110032346
121140.62890000072,8.366916465759278,-0.6497120921305178,0.08445297504798464,43.15431861804238
58814.42770000009,9.889208412170408,0.4915467625899297,0.07374100719424459,49.41368705035982
61237.53370000012,8.320241355895995,-1.110396975425329,0.09073724007561437,49.12003780718345
280011.05690000014,4.95422306060791,-0.7616783794956696,0.07027697395618024,47.56065729640376
20469.236799999988,8.601968193054201,-0.3483516483516483,0.08791208791208792,40.22252747252746
21681.300500000005,4.876467323303221,-0.4564766839378241,0.0932642487046632,75.99999999999999
35462.109300000055,8.023751258850098,0.903205128205129,0.1346153846153846,39.77189102564102
54814.972900000095,6.422260475158691,-0.5408163265306116,0.05102040816326531,61.90306122448993
32742.00530000003,5.852108573913574,0.6831715210355992,0.09385113268608414,41.17313915857604
120413.38450000095,7.949870491027832,-0.18584905660377304,0.07169811320754717,44.62444339622666
200048.73149999988,5.053861808776855,-0.696876682821758,0.03715670436187399,68.45876144318835
49902.8890000001,7.532439613342286,-0.3510204081632649,0.08390022675736962,51.90251700680277
23138.103700000007,5.540630912780761,-0.16889952153110044,0.07655502392344497,40.27129186602869
54973.306000000026,5.8122644424438485,0.6319361277445118,0.10778443113772454,47.5954291417166
47877.823400000096,5.387392997741699,-0.40863636363636313,0.038636363636363635,58.19477272727287
45384.5844000001,6.012792396545408,-0.17290167865707443,0.0671462829736211,60.74369304556364
211101.68989999976,6.0491125106811525,-0.18146779303062263,0.08236536430834213,44.239355860612775
61524.779400000116,7.861226463317872,-0.7092081031307537,0.06445672191528545,54.555082872928274
80696.93040000029,5.4749250411987305,-0.5448275862068961,0.05241379310344827,54.08758620689673
35513.71470000003,8.470581626892091,0.6488958990536282,0.12618296529968454,42.27892744479494
108625.12540000088,5.6795454025268555,0.03542510121457531,0.09008097165991903,55.28582995951444
57463.583900000005,8.505523490905762,-0.09564356435643567,0.11881188118811882,52.143801980198106
228969.0624999994,5.59991397857666,-0.00856147336983573,0.11448481831757093,43.98971129915415
88105.3990000004,5.401773262023925,-0.7655128205128202,0.06923076923076923,49.02294871794893
35078.52160000004,9.325819206237792,0.8185303514377006,0.13099041533546327,38.7878913738019
36876.255700000016,8.890399742126466,-0.3726224783861671,0.020172910662824207,42.939193083573464
77213.46500000013,5.072163963317871,-0.26571834992887644,0.06543385490753911,51.73812233285935
50508.786600000145,5.660447502136231,0.12068965517241349,0.032454361054766734,47.668154158215074
95795.55210000052,6.403446769714355,-0.4585846867749413,0.05568445475638051,48.882030162413194
100998.78370000084,6.452214622497558,-0.4556298773690072,0.07692307692307693,49.07435897435915
99983.87920000059,5.735133934020996,-0.39439999999999825,0.07885714285714285,42.7538285714287
34260.86100000002,9.042287254333495,0.9151315789473687,0.13157894736842105,39.448388157894726
48670.79930000008,9.431805229187013,0.16606741573033704,0.11910112359550562,42.22968539325841
81853.20400000032,6.92272777557373,-0.5528552456839313,0.06374501992031872,61.01301460823401
39555.04650000001,9.567124366760254,-0.9291066282420747,0.08357348703170028,58.0265706051873
40075.75290000002,5.844605827331542,0.08266666666666675,0.04533333333333333,42.93119999999999
83969.09520000039,8.558258628845216,-0.4755235602094232,0.06806282722513089,52.38798429319392
62281.353000000156,5.411208534240722,-0.09281961471103348,0.09106830122591944,43.74607705779339
171788.57619999943,5.886780357360839,-0.8020737327188966,0.03283410138248848,33.99619815668254
54382.374299999996,5.873934745788574,-0.4381249999999994,0.08958333333333333,59.007708333333454
104923.32900000052,6.762100791931153,-0.45599999999999946,0.1027027027027027,44.48685405405424
34943.162400000096,8.92160243988037,0.6253205128205128,0.10256410256410256,43.42759615384614
63166.447200000206,8.96015453338623,-0.3747440273037543,0.07167235494880547,55.08856655290124
60228.06070000012,8.270794105529788,-1.0266666666666648,0.07777777777777778,79.54407407407446
52739.65400000008,8.906065559387208,-1.0023861171366575,0.0737527114967462,41.47852494577011
167686.37349999993,8.701765251159667,-0.17098065376917837,0.08539026017344896,54.39555036691158
136042.38420000076,6.256688499450684,-0.13072487644151384,0.08401976935749589,47.2434102141683
29930.749300000025,5.8126623153686525,-0.344150943396227,0.09433962264150943,46.24003773584906
103133.16050000071,5.582578086853027,-0.4410617551462606,0.1029252437703142,35.55938244853753
36996.70520000003,7.035951042175292,-0.20734908136482946,0.028871391076115485,64.33175853018379
35322.478500000034,7.98984088897705,0.6868338557993735,0.11285266457680251,32.54673981191221
32206.507100000028,9.856329536437986,0.526027397260274,0.13356164383561642,42.59143835616438
24117.98759999999,4.950187492370604,-0.1324324324324325,0.08108108108108109,55.26806306306303
35082.276000000056,8.962797737121583,0.5980582524271844,0.12297734627831716,46.651844660194165
35054.492400000025,9.17341594696045,0.7386581469648573,0.12140575079872204,36.5476357827476
45509.51220000004,8.30154552459717,-0.5779126213592232,0.05339805825242719,58.72405339805833
39634.830500000025,9.62791805267334,0.5202312138728331,0.1300578034682081,35.53786127167629
36056.33020000003,8.789506721496583,0.6679127725856698,0.13395638629283488,32.93118380062305
161627.25180000032,6.644614601135253,0.2769436997319064,0.07104557640750671,41.77909517426301
133065.58830000024,8.449435997009278,-0.5072847682119199,0.05794701986754967,67.12839403973553
41045.246600000035,9.006765174865723,0.45361111111111113,0.11666666666666667,37.86808333333333
197850.70940000002,7.525618934631349,-0.3080023364485967,0.10280373831775702,40.94979556074796
62033.280900000165,6.298465156555175,-0.13603603603603612,0.08108108108108109,39.397297297297285
41266.5089,8.56696186065674,-0.43901808785529695,0.05684754521963824,73.67315245478053
32818.20100000002,7.885466575622559,-0.42673611111111137,0.09027777777777779,60.813194444444456
92066.60980000068,5.462818336486817,-0.2906137184115527,0.09987966305655836,38.687978339350366
35317.86040000002,8.373492240905765,0.7936305732484089,0.1305732484076433,47.56531847133756
11586.129699999989,6.949953651428221,-0.32621359223301016,0.048543689320388356,69.32912621359222
72564.11410000034,5.798964118957519,0.18635658914728773,0.13023255813953488,38.07875968992252
81223.61360000036,5.290027809143066,-0.14576502732240482,0.0942622950819672,43.19933060109302
84150.58760000038,5.655047798156737,-0.6706507304116859,0.08764940239043825,41.21237715803463
53937.57630000001,5.3102624893188475,-0.691735537190082,0.10950413223140495,56.52458677685967
49879.623400000106,5.415641975402831,-0.7733796296296285,0.04166666666666667,52.73935185185184
82554.4281000004,6.435560798645019,-0.632196452933151,0.04911323328785812,64.08226466575745
108126.01130000077,6.198996925354003,-0.3174180327868845,0.07581967213114754,43.59570696721336
388383.2643000034,5.542108726501463,-0.28153179190751465,0.11358381502890173,43.11521965317942
122854.91370000072,5.566094779968262,-0.2656702898550723,0.06702898550724637,46.60461956521765
53124.03450000005,9.153108406066895,-0.4418650793650793,0.05952380952380952,64.84027777777797
35293.85920000003,8.464972877502444,0.8259375000000008,0.1125,35.02662499999999
26061.7633,6.568279838562011,-0.9280701754385974,0.03508771929824561,58.06447368421052
74059.20470000026,8.71201572418213,-0.42649199417758343,0.06259097525473072,53.48733624454166
35028.72770000005,8.924116706848146,0.9618589743589754,0.12179487179487179,39.88336538461537
37560.7884,7.272344398498535,-0.6332402234636874,0.05027932960893854,58.52013966480445
56902.67850000007,5.812037086486817,0.46278195488721857,0.09210526315789473,50.21409774436096
44239.0784000001,9.037387657165528,-0.22113022113022102,0.06633906633906633,66.67616707616716
35117.65980000004,9.682329368591308,0.8188118811881201,0.1551155115511551,32.864422442244226
58974.24270000009,6.299374580383301,-0.4768642447418728,0.08221797323135754,54.99695984703649
96748.03990000072,5.838353538513183,-0.4119999999999984,0.05333333333333333,50.31334444444467
294361.883500001,5.78594799041748,-0.23912213740458033,0.08206106870229007,47.97868320610711
43966.25210000006,9.0316499710083,-1.0153034300791537,0.079155672823219,43.78469656992087
34720.41410000004,9.06265926361084,0.8426710097719877,0.13680781758957655,35.13651465798044
90965.18760000046,5.880925941467285,0.17396088019559924,0.1136919315403423,34.90074572127147
80490.97400000031,8.114135932922363,-0.7862165963431779,0.06610407876230662,41.58298171589322
59751.17800000012,10.226055717468263,-0.9240223463687134,0.05772811918063314,60.49422718808213
41774.74500000008,9.859488487243652,0.5097989949748756,0.06030150753768844,52.79849246231157
72425.90990000032,5.977040672302246,-0.5066350710900469,0.07582938388625593,39.03285939968411
104484.73340000078,6.49740161895752,-0.379694323144104,0.07423580786026202,52.14596069869016
74035.45210000026,6.33370532989502,0.5362962962962974,0.10666666666666666,38.55511111111116
41249.588800000114,4.686170387268065,-0.7041551246537396,0.06094182825484764,60.79639889196677
53161.86210000003,8.372331809997561,-0.3208421052631582,0.09894736842105263,42.3498947368421
38953.09989999998,9.794246482849118,-0.3903790087463563,0.06997084548104957,35.080466472303186
61830.04440000018,5.656866645812988,-0.4963157894736836,0.054385964912280704,37.10859649122808
43312.34300000008,9.335489463806152,-0.09858823529411746,0.07294117647058823,57.88425882352956
103906.27540000074,8.569669532775883,-0.2624999999999993,0.08662280701754385,42.39660087719316
40658.83300000007,8.942038917541506,-1.1083798882681548,0.06424581005586592,46.81229050279332
44296.31510000005,5.189138603210448,-0.6672413793103474,0.05172413793103449,86.93940886699544
91951.22870000059,5.332429695129394,-0.33924205378973055,0.08924205378973105,49.28007334963341
47711.2928000001,5.073471260070799,-0.6339712918660283,0.07655502392344497,34.605789473684204
210626.97260000103,5.541995048522948,-0.8278571428571458,0.0489010989010989,51.327197802198235
28947.977800000015,9.298484611511231,-0.7052830188679247,0.08679245283018869,38.61928301886792
35213.103900000046,9.237433052062986,0.8141935483870979,0.12580645161290321,52.553290322580644
34889.239100000035,8.687646675109864,0.790342679127727,0.08722741433021806,43.64766355140188
36513.06840000008,8.207744026184084,0.8327160493827173,0.1388888888888889,45.1783950617284
54720.62840000016,9.272052574157716,-0.8777108433734916,0.0642570281124498,55.38493975903629
80759.41790000051,8.875443077087404,-0.6915373765867412,0.07475317348377997,52.53203102961933
236598.90230000005,5.807546806335449,-0.4972908745247171,0.07319391634980989,53.21789923954403
24327.336500000016,4.8658952713012695,-0.3922374429223749,0.0684931506849315,49.883561643835634
83531.81950000048,6.196496009826659,-0.5134952766531709,0.07152496626180838,42.83933873144413
42439.047500000095,6.408562278747559,-0.38968058968058855,0.06633906633906633,62.59540540540545
74483.6225000003,4.965306663513183,-0.44836309523809537,0.06101190476190477,44.48482142857154
77941.19110000033,8.62466106414795,-0.8291605301914562,0.11487481590574375,30.381590574374098
25453.953200000007,8.925986289978027,-0.6970338983050848,0.0635593220338983,87.24406779661017
36888.376699999986,9.096698570251466,0.6892537313432844,0.1164179104477612,41.480328358208936
38507.03360000008,8.935978889465336,0.6336336336336345,0.16216216216216217,50.44900900900899
67105.44420000017,4.442274284362793,-0.5077294685990338,0.05958132045088567,58.7731078904994
49291.86410000011,6.192858314514161,0.4128603104212865,0.106430155210643,51.43350332594239
38734.080900000044,8.47199993133545,0.5170520231213875,0.1416184971098266,45.909046242774565
100123.27300000044,6.118683433532714,-0.3789714285714279,0.10971428571428571,52.24440000000024
64391.679400000176,6.61613826751709,0.1415807560137457,0.12199312714776632,37.319295532646066
45377.36830000007,4.927451896667479,-0.29874371859296517,0.10552763819095479,41.227889447236194
39247.69260000008,5.554726982116699,-0.5777456647398844,0.06647398843930637,56.76965317919073
75543.65060000028,8.272147941589356,-0.7204511278195475,0.07218045112781954,50.71624060150392
35402.856100000026,6.579192924499512,0.7853035143769969,0.12779552715654952,38.427827476038324
35415.921000000024,7.475600624084472,0.7805111821086265,0.13099041533546327,38.471916932907334
35488.10610000003,8.406951332092287,0.773482428115016,0.12779552715654952,42.065846645367394
109714.71380000087,6.520989799499512,-0.18660714285714236,0.0763888888888889,50.109533730159015
393725.285100004,5.941288948059082,-0.7110456966638621,0.0608354359405663,56.346128399214514
60173.90650000012,8.644259452819824,-1.0065259117082512,0.07485604606525911,47.1138195777352
59571.264000000134,8.700540351867676,-0.8954022988505728,0.06896551724137931,51.848467432950315
29899.704499999963,4.823663902282715,-0.5748275862068972,0.03103448275862069,82.37000000000003
59573.33950000016,6.297271537780762,-0.8131178707224332,0.057034220532319393,55.250380228137
16518.310199999993,5.323051261901855,0.3013513513513512,0.08783783783783784,28.595270270270266
34957.50730000005,9.095989418029784,0.7136807817589587,0.1237785016286645,39.92250814332247
35518.441000000064,7.546422004699708,0.7359375000000005,0.1375,33.24440625
110848.73690000073,5.0020246505737305,-0.7447600391772797,0.04701273261508325,59.54534769833537
25006.382100000017,7.573420524597169,-0.30645161290322576,0.11059907834101382,55.71290322580644
107080.35440000081,7.220393562316895,-0.4188008130081298,0.07215447154471544,65.13498983739879
35277.024000000034,9.43676929473877,0.672347266881029,0.12540192926045016,35.17591639871381
48422.57800000012,8.206970405578613,-0.6959523809523805,0.1,53.50933333333336
48721.75250000002,8.72710132598877,0.26791569086651074,0.117096018735363,39.025597189695546
35369.25920000004,9.5261869430542,-0.7621451104100947,0.08832807570977919,59.93564668769717
39964.94200000005,8.116198921203612,0.6600566572237968,0.1274787535410765,27.251841359773376
38963.81090000007,8.088670921325683,0.714245014245015,0.1225071225071225,26.510284900284898
38445.049900000085,9.2261510848999,0.6822857142857152,0.11142857142857143,26.333428571428573
33067.10380000001,6.642795753479004,-0.26338983050847486,0.10847457627118644,32.215999999999994
35173.488399999966,6.859636497497559,-0.19711815561959664,0.040345821325648415,51.88994236311237
41172.119100000105,8.380325889587404,0.48816901408450725,0.14647887323943662,30.311859154929575
74138.61590000044,6.569075584411621,-0.8629518072289136,0.03463855421686747,52.001506024096585
50601.63209999996,6.290337181091309,-0.4369978858350946,0.057082452431289635,62.747378435518165
50915.34880000004,7.30832347869873,-0.8688340807174877,0.07623318385650224,46.75067264573992
25149.662399999997,5.815106391906738,-0.8497674418604656,0.13488372093023257,50.15581395348838
34695.28570000007,7.99332218170166,0.9029220779220786,0.12662337662337664,34.00977272727272
139032.42760000026,6.9035730361938485,-0.5966210780370073,0.05551086082059533,50.942405470635904
19252.614499999974,9.22982578277588,-0.7081395348837213,0.05813953488372093,66.72790697674418
44691.75840000007,8.174220466613772,-0.2556097560975613,0.058536585365853655,61.325121951219636
49248.43709999999,5.850005531311035,-0.44247191011235937,0.047191011235955066,52.095955056179804
38496.12620000005,6.722199821472168,-0.1314705882352947,0.0676470588235294,42.48823529411762
167781.5685000002,6.895047187805176,-0.5491803278688546,0.04413619167717528,64.02698612862584
45384.59020000008,9.504912376403809,0.3126829268292685,0.1,47.151048780487805
27581.886600000016,7.731830787658691,-0.7582978723404259,0.1021276595744681,52.70170212765958
44769.33150000004,8.683585166931152,0.4295165394402038,0.13231552162849874,27.923460559796432
11710.26999999999,8.818259620666506,-0.307766990291262,0.0970873786407767,36.86504854368931
70324.0132000004,5.886837196350096,0.4223809523809527,0.14761904761904762,33.12452380952379
35338.88080000004,8.808267021179201,0.7219047619047627,0.12380952380952381,31.054666666666655
73256.47270000029,5.083190727233886,-0.3275650842266455,0.10107197549770292,60.45548238897422
50499.34399999999,9.432772254943849,-0.5304166666666664,0.0625,61.49187500000009
35203.529000000024,8.904389381408691,-0.618042813455657,0.05504587155963303,72.1495718654435
55504.36970000011,7.099667549133301,-0.3510373443983405,0.0954356846473029,52.14709543568469
133042.06440000108,4.861291313171387,-1.0843170320404756,0.04047217537942665,66.88288364249615
67903.45540000031,9.204876518249513,-0.7074313408723734,0.061389337641357025,61.1911147011311
39156.8523,6.0358690261840815,-0.09661016949152568,0.06497175141242938,41.49209039548021
60539.435600000026,5.409446525573729,0.45082266910420554,0.13528336380255943,40.89069469835464
24667.861100000024,6.1446020126342775,-0.4972350230414752,0.0967741935483871,34.473732718894
113354.77420000076,5.728711128234863,-0.1934458788480636,0.09731876861966236,43.254438927507664
16870.80839999999,5.292699241638183,-0.7459459459459462,0.033783783783783786,51.87027027027026
34811.41530000002,8.311602592468265,0.7958333333333346,0.10897435897435898,37.71413461538461
67646.22410000023,8.43770275115967,0.5255663430420728,0.13592233009708737,33.627378640776705
57414.17280000004,5.302191352844238,-0.4926923076923073,0.05192307692307692,59.22442307692326
23279.97170000001,9.325110054016115,0.3099056603773583,0.08018867924528303,50.39103773584906
81743.85980000025,5.7542318344116214,-0.1574496644295305,0.04563758389261745,38.57612080536921
64642.4972000002,8.042511558532716,-0.5462867012089798,0.06563039723661485,52.30656303972378
99886.90480000059,8.329009056091309,-0.5220636663007686,0.054884742041712405,59.44742041712429
104398.02010000085,5.166289329528807,-0.7352757544224761,0.03954214360041623,61.43007284079122
50801.766800000034,8.681715583801271,-0.9531390134529124,0.07174887892376683,58.74663677130061
64986.7729000002,5.998639488220214,-0.6046551724137929,0.06379310344827586,71.11137931034504
99186.76930000061,6.005005455017089,-0.43891304347825866,0.075,56.7759891304351
49761.154000000046,8.697252464294433,-0.3949308755760357,0.08294930875576037,51.72880184331804
43670.79240000003,6.601530647277833,0.29114583333333294,0.13541666666666669,36.24718749999998
72132.15220000024,5.726096534729005,-0.47278195488721697,0.058646616541353384,56.65609022556408
33179.896000000044,9.25922336578369,0.445172413793103,0.1206896551724138,31.40382758620688
34039.43270000004,8.64251880645752,0.906109324758843,0.08681672025723472,35.3820578778135
175740.02620000025,7.783735466003418,-0.2661989795918353,0.08418367346938777,43.913922193877895
47915.373300000036,9.520836067199706,-0.6618510158013544,0.0654627539503386,64.05643340857797
124395.34940000056,7.055162620544433,-0.418418766290181,0.05994787141615986,57.66500434404896
77886.18140000035,8.667725944519042,-0.7720116618075782,0.07580174927113703,46.69199708454828
36428.59420000003,9.605096244812014,0.347865853658537,0.11890243902439025,56.69548780487804
35693.238700000045,7.581946372985841,0.6940251572327049,0.11006289308176101,30.405723270440244
35795.37730000004,8.52628231048584,0.6616352201257869,0.1069182389937107,30.937138364779873
35853.48230000005,8.56064395904541,0.6566037735849062,0.11635220125786164,30.981509433962255
100230.07570000069,7.201579856872559,0.14679203539823032,0.12057522123893805,40.19253318584084
73299.41630000036,8.577470207214354,0.04654178674351566,0.10086455331412103,45.088487031700396
48759.0663,5.702622032165528,-0.3992974238875879,0.09836065573770492,47.46351288056204
36153.55440000001,8.40475940704346,0.6929663608562697,0.11926605504587155,45.31868501529051
26753.77900000002,8.946229362487795,-0.2037815126050422,0.08403361344537814,45.389537815126054
38725.15920000009,5.628901863098144,-0.8970414201183432,0.02662721893491124,80.77248520710067
27626.922300000013,5.209202766418456,-0.18663967611336027,0.09716599190283401,52.16680161943319
51777.494900000114,4.748465919494628,-0.48336886993603434,0.05756929637526652,49.1198507462687
24677.91550000001,9.00895709991455,-0.31735159817351605,0.0867579908675799,58.33292237442922
50788.80190000017,8.697123527526855,-0.5081967213114759,0.05737704918032787,61.80268442622969
14692.914499999988,9.56596393585205,0.5732394366197181,0.09154929577464789,32.819014084507025
14637.045199999982,9.255355262756346,0.7780141843971631,0.08510638297872339,46.988652482269494
57040.71000000014,6.191266822814941,0.6824561403508785,0.1539961013645224,28.966471734892774
78033.02670000025,6.7493688583374025,-0.5211988304093561,0.0935672514619883,50.288611111111244
64705.71100000012,7.563644218444826,-0.3431506849315067,0.05650684931506849,41.37311643835621
54554.30000000013,5.029932594299316,0.040927419354838616,0.06451612903225806,37.79032258064515
94453.31970000078,6.547704124450684,0.20588942307692326,0.13221153846153844,38.396117788461666
35984.054099999994,9.219897651672362,0.580923076923077,0.12615384615384614,29.539999999999996
62671.10800000018,6.09253749847412,-0.5449999999999985,0.09642857142857142,41.543928571428665
50223.756900000124,10.008539390563964,-0.709955752212388,0.05530973451327434,59.02699115044259
135866.55150000055,6.557366752624512,-0.05553691275167825,0.11325503355704698,35.34741610738269
77451.66000000037,6.745901679992676,-0.17855072463768154,0.08405797101449275,44.79159420289867
60122.784300000065,8.821676445007324,-0.1542307692307694,0.12307692307692308,48.6952115384616
32155.686400000024,8.098212242126465,0.08978873239436606,0.13028169014084506,30.87045774647887
25968.778299999976,9.367014503479005,-0.8472103004291841,0.11158798283261803,60.349785407725314
80679.18200000061,6.28874568939209,-0.4399171270718222,0.07596685082872928,54.60183701657481
28768.477500000026,4.5732313156127935,-0.09463601532567054,0.06130268199233717,45.154022988505744
77970.75360000039,8.14417819976807,-0.49957325746799325,0.06116642958748221,50.53029871977253
22358.017299999985,9.095409202575684,-0.6550505050505053,0.07575757575757576,59.03232323232323
36787.68560000003,8.59158878326416,0.8390909090909093,0.13636363636363635,41.15066666666665
195891.29779999994,8.783317756652831,-0.02892609699768951,0.09699769053117784,45.495866050808644
59763.8871000001,8.896201896667481,-0.1301115241635689,0.09107806691449814,40.49200743494424
27391.241800000018,8.215609169006349,-0.26746987951807255,0.07630522088353414,44.27995983935744
140127.9922000005,5.455088233947753,-0.40890688259109104,0.08340080971659919,48.883497975708806
31028.79330000005,9.515485191345213,-0.8238095238095239,0.08058608058608058,40.717582417582435
62649.27190000018,9.213128471374514,-0.3513043478260873,0.07478260869565218,45.204869565217464
64862.788700000194,8.909353446960449,-0.33724832214765094,0.07214765100671142,45.454530201342344
64463.365200000175,8.996321296691896,-0.3138747884940777,0.07445008460236886,44.05145516074456
34712.88219999999,9.468745613098147,-0.3850299401197604,0.041916167664670656,45.18443113772452
31517.273900000022,9.59258937835693,0.801730103806229,0.13148788927335642,43.99245674740485
37336.899400000024,5.508289527893066,-0.24085714285714346,0.054285714285714284,52.206285714285684
38321.95760000005,5.765599632263183,-0.30747126436781635,0.07758620689655173,51.36327586206897
21253.0633,5.659822273254394,-0.2585106382978724,0.10638297872340424,45.2170744680851
48195.34500000007,6.8539525985717775,-0.3264501160092813,0.08120649651972159,56.21972157772626
110460.3578000008,6.246059608459473,-0.24552083333333305,0.11458333333333334,42.15368750000017
372815.5622000002,4.429201316833496,-0.5162249705535953,0.06890459363957598,50.14228504122515
27129.354000000036,8.707374000549319,-0.08595744680851077,0.10638297872340426,38.69191489361704
231601.30909999995,6.559640312194825,-0.8000000000000047,0.034923757993113626,58.514515494343705
26499.167300000026,8.399601936340336,-0.6052863436123354,0.10572687224669602,24.571850220264306
92165.40660000063,8.056501197814942,-0.513226205191593,0.09023485784919655,43.42496909765158
27659.91710000001,5.508119010925292,-0.3838709677419357,0.09677419354838711,40.02338709677419
51455.37210000008,8.301674461364748,-0.2701075268817204,0.07311827956989247,51.54215053763447
124848.6785000006,6.873618888854981,-0.10722021660649844,0.09747292418772563,43.87375451263564
105382.10290000091,9.14240665435791,0.18752711496746205,0.1301518438177874,36.60750542299364
45371.46880000008,5.282184028625487,-0.7888888888888883,0.050505050505050504,50.13207070707068
82855.65160000036,7.1591779708862315,-0.2585926928281463,0.10825439783491203,34.97795669824095
27452.41109999999,9.29783992767334,-0.18924302788844613,0.055776892430278883,62.9832669322709
56165.699000000044,8.029746818542481,-0.17225433526011608,0.07129094412331406,38.32352601156068
36629.655000000035,8.68738880157471,0.8313846153846158,0.12,38.92159999999999
7619.079499999998,10.807882881164552,-0.08923076923076917,0.10769230769230768,49.198461538461544
20085.613199999978,9.445085716247558,-0.5027173913043484,0.08695652173913043,63.152717391304336
36748.66340000004,8.952934074401856,0.7869158878504681,0.12772585669781933,50.46735202492211
12266.12979999998,11.446313285827639,-0.7186274509803928,0.10784313725490197,63.236274509803906
37277.77620000003,8.618085289001467,0.7826219512195135,0.1524390243902439,28.9698475609756
28315.401600000016,5.047154808044433,-0.2376865671641791,0.08955223880597016,57.191044776119384
36712.54390000007,6.63796443939209,0.7929230769230773,0.12615384615384617,33.67483076923078
32795.913600000036,9.378425407409669,-0.3250000000000005,0.051948051948051945,55.51266233766233
197576.96150000027,5.974937629699707,-0.4137039075399027,0.07870115575123832,41.68354980737504
21209.675600000006,6.925910758972168,-0.9066298342541438,0.09392265193370167,69.35911602209943
117903.18860000077,6.982295036315918,-0.7025316455696213,0.056962025316455694,65.33580470162792
33747.34229999999,8.809491920471192,-0.7615131578947367,0.10197368421052633,60.04049342105259
55394.532800000045,9.178122138977052,-0.6921686746987934,0.07028112449799198,55.167289156626644
128977.48450000072,4.9750261306762695,-0.23581314878892676,0.08044982698961937,47.06722318339131
104192.79630000071,9.143567085266113,-0.6254988913525483,0.10532150776053215,45.095388026607736
35645.72510000004,8.944682121276855,0.8830721003134808,0.10658307210031348,38.02573667711596
64472.622400000204,8.90310001373291,-0.22906976744186033,0.07475083056478404,52.37857142857156
30992.931400000027,5.566094779968262,-0.19061371841155234,0.09747292418772563,38.54953068592058
186206.24820000067,9.039772987365723,-0.6234529702970288,0.08477722772277227,48.45745668316863
9160.4033,10.28098278045654,-0.40124999999999994,0.1,31.652499999999993
42685.74450000007,8.678814506530763,0.4877237851662406,0.09718670076726343,52.30488491048591
49983.64570000005,9.299645042419431,-0.8409411764705863,0.1011764705882353,48.33764705882353
55315.2718000001,6.647286033630372,-0.05793650793650802,0.06746031746031746,52.683928571428666
45317.92170000004,9.31963024139404,-0.7696202531645561,0.07594936708860758,62.212911392405104
34917.29480000001,9.461267280578614,-0.4648148148148145,0.08333333333333334,66.03583333333334
48607.163000000095,9.210356330871583,-0.10293501048218084,0.04402515723270441,54.86813417190788
78180.64270000027,9.32330493927002,-0.919849624060148,0.10977443609022555,40.83294736842118
35927.409300000094,4.78273983001709,-0.6023668639053247,0.05917159763313609,75.24260355029595
122831.75700000058,9.303448677062985,-0.1919540229885057,0.060123784261715295,56.39354553492525
25576.177900000017,8.734257316589353,-0.36090909090909085,0.09999999999999999,48.965454545454534
27687.060100000002,9.486345481872558,-0.615040650406504,0.07723577235772358,52.265040650406526
123561.4699000006,6.9712114334106445,-0.7502722323048987,0.07441016333938294,53.00999092559015
28302.552200000024,9.825191307067868,-0.6734126984126987,0.0873015873015873,67.54646825396826
48502.372300000054,8.638715171813967,-0.7620853080568709,0.0995260663507109,35.784360189573476
129541.90950000077,8.079774284362792,0.006266318537859286,0.10704960835509139,47.63649260226309
156355.56570000062,7.204308128356933,-0.5440912232204556,0.05597788527988943,51.594125777470985
29412.87260000001,8.208259773254394,-0.7369003690036892,0.04797047970479705,77.72250922509224
33003.118500000055,9.239109230041503,-0.41103448275862087,0.04827586206896552,50.113103448275865
87946.91250000047,5.391144371032715,-0.31245235069885674,0.09021601016518424,49.358703939009075
50646.104100000084,9.750665855407714,0.012043010752687813,0.1010752688172043,45.61634408602151
79547.82840000068,5.112292289733887,-0.8646090534979416,0.05486968449931413,68.19574759945169
73168.02210000023,7.5729658126831065,-0.5207812499999996,0.09999999999999999,36.26689062500004
34499.93230000001,6.2661237716674805,-0.4788273615635182,0.09120521172638436,35.66872964169382
138909.82430000074,5.604233741760253,-0.7860655737704937,0.031420765027322405,30.616734972677925
33393.93000000002,5.535856437683105,-0.03521594684385372,0.09302325581395349,39.07578073089701
133936.59040000048,8.986586570739746,-0.31448911222780374,0.05862646566164154,53.67336683417115
53411.459200000085,6.383098411560058,-0.451391862955032,0.14775160599571735,29.467301927194864
48642.66790000002,6.2002473831176745,-0.8560747663551401,0.05373831775700934,47.87338785046728
86454.2385000005,8.863580894470214,-0.3027166882276842,0.07632600258732213,44.73248382923689
94971.93830000074,5.695573997497559,-0.8217090069284052,0.08314087759815242,40.771593533487504
35876.91370000002,9.659829902648926,0.8168284789644024,0.15210355987055016,34.56928802588995
35607.95310000005,8.408820915222172,0.6996825396825406,0.13650793650793652,48.66647619047617
44460.11170000006,8.500108146667483,0.4567774936061382,0.10997442455242967,42.436061381074154
32995.65790000004,9.22834300994873,-0.17986577181208063,0.07382550335570469,32.376174496644275
22126.5617,10.092735099792481,-0.45876288659793824,0.061855670103092786,39.68814432989689
40094.40160000001,9.451790428161619,0.02375690607734811,0.11878453038674033,39.74839779005524
47347.3860000001,5.154921531677245,-0.4206730769230767,0.06971153846153846,39.30168269230769
32645.31780000001,4.986564445495604,-0.1427631578947369,0.08223684210526316,42.964473684210525
61160.66100000015,6.028025245666503,-0.3093922651933704,0.08103130755064457,37.773130755064464
98200.24790000063,7.763546943664552,-0.08846153846153898,0.08857808857808858,38.28589743589751
25402.840100000005,7.080001258850097,-0.26592920353982313,0.10176991150442477,44.23451327433627
78394.7351000003,9.099470710754396,-0.7883889695210449,0.05805515239477503,63.24660377358517
38963.05950000006,9.209260368347167,0.21453488372093027,0.12209302325581395,44.627936046511614
59104.511200000125,5.976188087463378,-0.08298676748582233,0.12476370510396975,33.54293005671077
39648.127800000046,8.33519802093506,-0.3575000000000004,0.08055555555555556,46.018611111111106
44794.475600000085,8.556260108947757,0.5029776674937978,0.10669975186104219,43.1970223325062
79231.46240000047,8.930563545227052,0.28233657858136313,0.1015299026425591,40.14272600834498
28620.711199999983,7.653051948547364,-0.461764705882353,0.04044117647058824,75.18529411764705
68808.8501000001,7.180435752868653,-0.284168012924071,0.0420032310177706,45.93941841680144
28671.96239999999,8.740962028503418,-0.6129277566539929,0.06844106463878327,67.40346007604563
35090.67720000001,8.81510066986084,0.8694533762057881,0.135048231511254,30.801061093247583
26974.92820000005,8.822901344299318,-0.463485477178424,0.024896265560165977,43.40626556016598
274371.9211999998,5.638507652282715,-0.37017262143717294,0.090726615816941,42.44783621035763
57846.97830000012,5.608780860900879,-0.20155945419103335,0.0935672514619883,45.97758284600394
112914.71840000078,7.735468482971191,-0.28228460793804433,0.08615682478218781,42.26962245885793
152995.95880000028,7.984296607971192,-0.3847905951506229,0.10727406318883173,32.96429831006636
118390.27030000066,6.6698511123657225,-0.3844859813084101,0.07196261682242991,51.65571028037411
96121.32250000058,5.059204673767089,-0.258429561200924,0.07159353348729793,59.51304849884557
95447.64050000053,5.289288902282714,-0.5435698447893568,0.07427937915742794,76.50101995565458
149713.02080000026,5.94833698272705,-0.39839203675344403,0.11868300153139358,43.38363705972461
50741.916800000094,5.806523704528809,0.5925274725274732,0.14285714285714285,40.658307692307694
42447.28850000002,5.1905027389526355,-0.4926701570680629,0.06544502617801048,41.303926701570674
52642.0326000001,4.950130653381346,-0.5446764091858035,0.05636743215031316,40.63653444676407
40040.35200000002,5.404103660583496,-0.2782857142857148,0.09428571428571429,36.794571428571416
45183.01340000011,4.590055656433106,-0.2777517564402812,0.042154566744730684,58.70374707259961
52318.32370000008,5.526648521423339,0.48511904761904834,0.08134920634920635,41.65537698412698
142645.8797000009,8.821676445007324,-0.0559043348281018,0.06278026905829596,53.007488789237975
51853.239400000064,6.534119606018066,-0.25745140388768933,0.12742980561555076,36.04580993520517
186890.13189999893,9.831251335144039,-0.6365591397849474,0.04086021505376344,37.61677419354891
51223.130400000155,9.158136940002443,0.23584905660377492,0.0859538784067086,55.859979035639526
16401.78069999998,9.095409202575684,-0.9956204379562046,0.0802919708029197,50.95255474452555
176439.9728000004,6.669055366516114,-0.2972222222222214,0.07530864197530865,51.120993827160866
181653.59440000015,6.011371421813963,-0.47468827930174484,0.09164588528678304,48.14938902743179
34799.22220000002,9.000511741638185,0.626537216828479,0.11326860841423948,40.35954692556633
56179.759800000065,5.0459611892700185,0.16756756756756747,0.10424710424710423,44.71662162162166
53382.96140000003,6.231963539123535,0.062370062370062374,0.0893970893970894,47.178607068607086
65033.47100000018,8.230436897277833,-0.07520391517128874,0.06199021207177815,36.79265905383363
59039.23870000004,9.48163928985596,-0.9606361829025818,0.09940357852882703,50.355487077534846
572011.5066000085,5.14128017425537,-0.11021276595744686,0.07659574468085106,44.07534690101643
135487.4590000008,8.57392444610596,-0.48098765432098745,0.07160493827160493,47.86420576131719
240850.8581999986,4.785979652404785,-0.37014993184916145,0.07314856883234894,33.60700136301717
21443.842499999995,4.861859703063964,-0.1793814432989691,0.11340206185567012,56.56597938144329
87708.63220000052,5.593548011779785,-0.2421836228287843,0.06947890818858561,44.32555831265521
31308.884300000023,7.867028617858888,0.6723636363636366,0.15636363636363637,35.92985454545454
49049.9744000001,4.881128120422363,0.27177777777777806,0.08,44.00135555555555
53587.561000000045,5.648909187316894,0.011637080867849967,0.08086785009861933,47.16473372781069
596334.1781999943,6.199792671203612,-0.2331829225963269,0.051371051718153427,46.810541478651835
40795.02570000004,9.345933341979983,-0.10459459459459479,0.08108108108108109,40.10648648648645
44637.529900000045,5.67994327545166,0.5551219512195125,0.10243902439024391,25.086097560975606
35077.796900000016,9.360051918029786,-0.18899371069182383,0.09119496855345911,53.92578616352202
34883.60680000002,7.56353054046631,-0.051910828025477675,0.12101910828025479,47.94203821656053
39675.74680000002,9.933885002136229,-0.08706896551724169,0.1206896551724138,48.760632183908044
103636.75810000088,5.677215003967285,-0.18370370370370306,0.07724867724867723,44.057693121693326
17951.289200000003,4.949732780456542,-0.33525641025641023,0.1217948717948718,42.29551282051282
223660.56489999968,6.566176795959472,-0.3200098087297697,0.08729769494850417,45.374178518882196
43500.19970000004,7.1112058639526365,-0.19153846153846157,0.11538461538461539,27.152820512820508
52579.85040000011,7.428992652893067,0.4528541226215649,0.12896405919661735,30.03999999999999
180427.36579999997,5.1159868240356445,-0.341289522628642,0.08865468071915684,46.687048977061686
26817.104500000012,5.101436042785643,-0.5687224669603529,0.13215859030837004,48.61894273127753
113742.7224000005,6.841277503967285,-0.29663699307616137,0.10385756676557864,37.01812067260156
24145.77160000002,11.615800666809083,-0.9303921568627451,0.10294117647058826,51.45392156862743
59270.99480000016,4.275622367858888,-0.8058608058608047,0.04212454212454213,53.537014652014754
93302.93060000052,5.753890800476075,-0.38275030156815365,0.06875753920386007,46.77068757539219
98977.81010000058,6.352746391296387,-0.3787570621468915,0.06892655367231637,48.72259887005666
17519.518600000014,8.243910789489746,0.2823529411764713,0.005347593582887701,75.60160427807487
73301.32240000027,8.934625053405764,0.5455098934551001,0.1126331811263318,37.34385083713859
56264.54790000011,8.674881935119632,0.5571984435797672,0.11673151750972763,38.84651750972762
53052.73240000001,8.186662864685058,0.014618644067796626,0.11016949152542374,37.471631355932196
57999.92310000004,5.233302497863768,-0.46954813359528436,0.10216110019646366,41.934400785854635
67637.59810000024,5.2920740127563475,0.5923688394276642,0.10015898251192368,28.64866454689984
44307.96150000003,6.231451988220214,-0.4952755905511807,0.09973753280839895,42.07874015748034
45664.04670000004,5.588261985778809,-0.5972081218274108,0.09644670050761421,43.52870558375637
40923.27989999999,7.534656333923341,-0.3605633802816907,0.09577464788732395,49.34929577464787
60877.203600000204,8.552134132385255,0.12463768115942021,0.1068840579710145,39.41001811594205
75791.21810000019,6.370480155944825,-0.4646248085758038,0.10260336906584991,45.81107197549781
40531.7424,5.504708671569824,-0.3618644067796611,0.09887005649717515,42.648587570621466
40360.6364,5.693243598937988,-0.3276836158192096,0.09887005649717515,38.533898305084755
40050.13200000001,5.34317226409912,-0.3209039548022603,0.0903954802259887,40.77824858757063
40450.45940000002,5.339705085754394,-0.36366197183098614,0.09577464788732394,44.67633802816902
91680.25780000055,6.07048397064209,-0.18518518518518554,0.06828703703703703,60.747453703703975
55299.2252,6.020806694030762,0.059171597633135585,0.05719921104536489,36.32270216962527
565169.1551000054,5.179873847961424,-0.3091504565303752,0.0815799920603414,50.68935291782337
51756.27490000015,8.127803230285647,-0.49358178053830165,0.02277432712215321,67.47991718426516
59589.13290000014,7.811843681335449,-0.4926415094339622,0.06792452830188679,54.229264150943514
59635.08520000015,7.10046329498291,-0.509433962264151,0.06981132075471698,55.85096226415106
59534.93330000015,7.825704383850098,-0.522264150943396,0.06792452830188679,54.229264150943514
57563.36440000007,6.275161170959472,0.5849162011173195,0.074487895716946,39.083445065176896
79306.62410000028,5.6197507858276365,-0.5379834254143625,0.08287292817679559,40.033149171270864
38288.00270000004,8.810845756530764,0.6397694524495684,0.09798270893371758,48.708357348703146
213617.0571999983,7.148435401916504,-0.21133971291865905,0.06746411483253588,57.44077511961769
80122.72220000051,8.890528678894043,0.4066572237960353,0.1430594900849858,28.858101983002825
30874.11350000003,9.557325172424317,-0.6824137931034477,0.041379310344827586,55.97206896551722
33064.096199999985,9.776840019226071,0.0593959731543624,0.1342281879194631,18.893288590604016
97798.34500000057,6.211501502990722,0.025291375291374856,0.11305361305361306,36.48033799533809
60583.145400000096,8.88885250091553,-0.6413284132841315,0.055350553505535055,61.96662361623628
111747.28550000087,5.224492454528807,-0.016683119447186864,0.07798617966436328,36.70444225074058
14478.326699999981,5.095922660827636,-0.20078740157480304,0.11023622047244094,31.159055118110235
98146.6331000009,8.677138328552246,-0.6151982378854625,0.06497797356828193,62.67424008810602
72502.85780000032,9.151625633239746,0.22365591397849457,0.09370199692780339,42.274531490015505
134683.16770000066,5.653285789489746,-0.16754098360655748,0.06721311475409836,42.87985245901665
134195.5690000006,5.445482444763183,-0.13057377049180358,0.06639344262295081,43.587549180328175
39035.383600000096,8.636071968078614,-0.5103151862464185,0.060171919770773644,59.71260744985672
129527.29660000051,8.560257148742679,-0.44834276475343426,0.039611964430072755,63.34324979789862
137526.74230000045,8.104465675354007,-0.583898973954223,0.048145224940805045,66.09662194159472
136874.7555000006,5.660106468200683,-0.16484312148028962,0.06436041834271923,43.00806114239771
34801.6335,9.180249595642092,0.7861290322580653,0.1064516129032258,33.54164516129032
34741.5517,8.964667320251465,0.8164516129032267,0.10967741935483871,36.5094193548387
109283.80040000073,8.513517570495605,-0.7725229826353405,0.056179775280898875,53.393983656792905
107186.31490000075,6.367183494567871,-0.15728368017524572,0.15005476451259586,44.55877327491804
121483.16560000082,6.299829292297363,-0.5786050895381716,0.08671065032987747,46.53761545711616
41894.677300000076,9.277661323547363,0.416486486486487,0.13513513513513514,36.16005405405405
76688.81480000023,5.375399971008301,-0.3830132939438697,0.10044313146233383,40.92914327917294
202786.27869999956,5.635552024841308,-0.5559145673603517,0.05585980284775465,54.38566265060274
102001.95650000076,5.745649147033691,-0.44868708971553484,0.08205689277899345,55.48645514223221
53480.791300000026,8.40198726654053,0.7071868583162226,0.12114989733059547,34.697227926078014
140501.13610000056,6.114932060241698,-0.8191524042379821,0.07171964140179299,57.313463732681655
33008.814000000035,5.548133659362793,0.11711409395973156,0.07718120805369127,48.83255033557045
140956.84740000003,6.408846473693848,-0.33881889763779316,0.08661417322834646,39.25772440944912
34443.50790000003,7.569441795349122,0.7200636942675165,0.09872611464968153,41.64337579617833
37413.75960000006,7.50140552520752,-0.06126126126126127,0.1021021021021021,44.64777777777778
58841.6418000001,8.668306159973145,-0.42446601941747564,0.0854368932038835,54.89961165048559
61871.08980000031,7.890817451477051,-0.36206261510128923,0.0865561694290976,60.31252302025801
35368.79140000005,7.6500394821167,0.8349206349206355,0.10793650793650794,58.7063492063492
43007.878400000125,8.962604331970216,-0.21465968586387435,0.11256544502617802,43.01785340314137
40379.926200000074,8.810587882995605,-0.22737430167597766,0.1005586592178771,39.41201117318436
48228.38980000009,5.211248970031736,-0.2882217090069284,0.08314087759815242,50.3281755196305
47409.563800000135,6.151820564270018,-0.21747126436781625,0.08505747126436781,52.65885057471267
52200.327900000135,8.121678733825682,-0.06989473684210551,0.07157894736842106,52.11578947368429
115281.62090000107,6.295680046081543,-0.014230769230769645,0.07403846153846154,49.149625000000256
133351.94030000066,5.677556037902832,-0.47857740585774067,0.07615062761506275,55.049205020920816
30170.438899999986,8.92592182159424,-0.6411347517730496,0.0851063829787234,56.2801773049645
45244.07490000008,7.253303337097169,0.18564356435643542,0.11138613861386139,47.65544554455443
80956.01670000052,5.139688682556151,-0.511420982735724,0.05179282868525896,63.1015936254983
99145.61050000048,5.500843620300292,-0.3724941724941713,0.10023310023310024,40.780221445221535
46509.700500000115,7.09159641265869,-0.7422434367541765,0.06205250596658711,54.63627684964203
65420.97670000016,6.0697450637817365,0.3495697074010342,0.10843373493975904,41.8399311531842
96411.59650000068,6.016202735900878,0.008602150537634556,0.12664277180406214,42.01292712066917
39365.529600000045,5.866829872131347,-0.3026392961876835,0.10850439882697947,46.972756598240466
35502.9284,9.262446784973143,0.1009345794392524,0.08722741433021806,41.328380062305285
37220.78090000006,5.3885297775268555,-0.05970588235294115,0.08235294117647057,37.509999999999984
49404.1336,5.952940940856934,0.06629955947136551,0.08810572687224669,38.176431718061664
34713.89710000004,8.896395301818849,0.6812903225806458,0.12258064516129032,41.9910322580645
74583.78150000017,8.358471107482913,-0.5111940298507459,0.05223880597014925,63.921656716418155
45079.68130000006,7.573022651672364,-0.10187793427230094,0.06103286384976526,49.56338028169012
49241.923600000024,6.057069969177246,-0.47606263982102864,0.0894854586129754,52.37093959731546
34480.293700000024,9.86232509613037,-0.08241042345276875,0.12052117263843648,47.56843648208467
50949.482100000045,9.446826362609862,-1.100686498855833,0.10297482837528604,41.535491990846715
34745.976500000055,9.211001014709474,-1.0245098039215672,0.08496732026143791,29.756535947712436
73163.89860000029,5.727801704406739,-0.47796874999999933,0.0671875,42.3571875000001
32668.618600000038,9.522189903259278,-0.2656565656565661,0.06734006734006734,42.35521885521886
74144.13500000037,5.692391014099121,0.33641791044776176,0.10746268656716418,33.89791044776122
57619.5053000001,5.610486030578613,-0.30811881188118734,0.0910891089108911,50.199801980198075
57075.68240000016,8.728132820129392,-0.2976967370441462,0.08061420345489444,35.33531669865643
99546.20820000049,5.4797563552856445,-0.3579069767441851,0.10232558139534884,42.00165116279083
31932.96750000003,8.938493156433108,0.12619047619047571,0.08843537414965986,64.36874149659864
36092.31100000002,8.94932384490967,-0.06822429906542052,0.09657320872274143,42.2283800623053
115858.64480000093,8.547041130065917,0.014825581395348432,0.09011627906976744,43.49661821705441
61699.84190000011,8.46806735992432,0.38731884057971033,0.08876811594202899,44.66324275362325
60024.927200000035,6.571576499938964,0.3091240875912412,0.09854014598540146,41.54635036496349
38737.55870000001,6.147955513000488,-1.0505988023952089,0.05688622754491018,47.12694610778442
67216.5767000002,9.123324012756349,-0.29322033898305055,0.08983050847457627,51.312050847457726
47911.500000000065,6.3147779464721685,-0.07365967365967364,0.09790209790209792,57.74291375291379
269829.6684000005,6.366103553771972,-0.06455852156057484,0.0919917864476386,47.83940041067794
60902.439900000056,9.408725547790528,-0.9225988700564953,0.06779661016949153,44.468738229755225
143231.20930000063,7.510215568542481,-0.9689375506893785,0.05596107055961071,50.4273398215737
36387.99480000007,8.686679649353028,0.6739263803680986,0.11656441717791412,48.13932515337422
41435.23100000007,9.546043205261231,0.309217877094972,0.13966480446927376,55.612346368715066
65895.1855000002,9.27656536102295,-0.26454388984509447,0.07745266781411358,46.41086058519796
34362.2341,9.727908515930174,-0.7427609427609427,0.10774410774410774,38.6888888888889
255940.8098000003,5.888201332092284,-0.05455345358556984,0.1007479102507699,44.27906731192287
63357.16920000006,8.6349760055542,-0.2196043165467629,0.10071942446043165,44.94316546762593
35282.85280000001,8.658184623718263,0.752201257861636,0.11949685534591195,34.41113207547168
134207.3723000005,8.81787281036377,-0.05985401459854042,0.08840227088402271,49.19360908353636
49468.80420000004,8.226955604553225,0.6617204301075281,0.11397849462365592,30.332258064516143
47622.397200000014,5.93145580291748,0.42260273972602763,0.11187214611872145,39.17034246575342
116378.18960000084,6.551171302795409,-0.19266409266409248,0.09845559845559845,42.25370656370675
47694.99480000007,9.866708946228027,0.22365339578454363,0.07494145199063232,41.24147540983607
20417.295099999996,5.630891227722167,-0.08121546961325957,0.09944751381215469,31.39171270718232
82560.71000000037,5.9819856643676745,0.09259259259259278,0.09876543209876544,45.84213991769559
34845.53669999999,7.598486518859864,-0.19902280130293157,0.09771986970684038,34.77394136807817
47670.28670000009,9.55629367828369,0.2787951807228912,0.1397590361445783,48.25739759036146
155233.7632000004,8.301738929748538,-0.4782322863403965,0.0723155588020453,51.27751643535458
79252.92760000043,8.913092613220215,0.4877464788732409,0.12535211267605634,33.412154929577504
20658.3466,10.298776054382323,-0.25775401069518705,0.0802139037433155,60.21609625668447
31946.17440000004,6.6958833694458,0.6250814332247565,0.06840390879478828,49.78859934853418
33004.13590000005,9.257676124572754,0.20618892508143297,0.0749185667752443,37.96742671009772
34605.32440000001,8.650319480895995,0.7961290322580655,0.10967741935483871,36.26845161290322
114487.34160000073,5.757244300842285,-0.1450241545893722,0.09178743961352656,40.891024154589545
32852.79550000006,4.795017051696779,-0.043812709030100254,0.09698996655518395,40.938127090300995
36667.766800000034,6.113624763488769,-0.16253869969040266,0.07739938080495357,47.83653250773993
34368.697300000014,9.109140968322755,-0.38104575163398735,0.07516339869281047,52.692483660130726
91868.36220000085,6.5022897720336905,-0.03233532934131671,0.08982035928143713,40.61856287425165
90470.96470000065,6.465117073059082,0.0035236938031598087,0.08140947752126367,39.772174969623485
50043.98300000012,6.534574317932129,-0.3624434389140269,0.13122171945701358,42.45117647058822
22540.734400000016,9.785607719421385,-0.2625615763546801,0.08374384236453203,52.63103448275861
36159.69630000006,10.117104148864744,0.66813880126183,0.14195583596214512,35.17006309148265
576153.3270000035,5.990227317810058,-0.01840648477659086,0.10162119414788454,43.21017595887635
133985.12320000053,6.267203712463378,0.13219063545150495,0.09531772575250835,42.24650501672261
138342.2663000005,5.678465461730957,-0.17351973684210523,0.11759868421052631,47.995008223684515
57559.6762000001,5.647942924499512,-0.38155893536121654,0.07604562737642585,38.42340304182509
465728.8712000074,5.713648796081543,-0.10129625265142435,0.09497996700447797,38.84491397596069
56997.70710000013,8.805301475524903,0.25378640776699085,0.0970873786407767,44.3392233009709
36977.62550000005,6.194790840148925,-0.4188059701492532,0.050746268656716415,46.26
37062.7477,9.122356986999513,0.5875000000000007,0.13414634146341464,43.951554878048775
6676.7071,10.16481075286865,-0.7732142857142857,0.125,32.10892857142857
42507.88850000006,6.351609611511231,-0.40664893617021247,0.08776595744680851,50.400824468085084
174761.70909999998,6.308014106750489,-0.32695822454307905,0.10443864229765012,42.80609660574444
56910.79290000012,8.9031644821167,0.5295748613678388,0.088724584103512,38.619408502772636
33047.54620000003,7.578706550598145,-0.26354166666666673,0.09375,46.368750000000006
36201.191,9.659636497497559,0.30461538461538423,0.1076923076923077,24.680923076923076
16988.632999999998,9.842791175842283,-0.29103448275862065,0.1103448275862069,42.6551724137931
35385.24740000004,9.097085380554201,-0.30700636942675175,0.08598726114649681,41.8987898089172
52247.14950000007,8.307347679138186,0.586974789915967,0.11554621848739495,23.953214285714278
40745.97140000004,9.024365043640138,-0.13571428571428562,0.07417582417582418,30.651648351648365
20727.70830000001,6.300284004211425,-0.10893854748603338,0.08938547486033518,42.89162011173184
34043.23110000002,5.744853401184082,-0.24645161290322581,0.07741935483870968,37.15806451612902
35577.805500000024,6.4041856765747065,-0.33157894736842103,0.08049535603715172,40.62291021671826
33381.827500000014,8.969566917419435,1.015436241610739,0.14093959731543623,37.29600671140939
42592.491600000045,8.796146965026857,-0.5268421052631581,0.06315789473684211,50.09002631578946
94102.15470000071,8.588107490539553,-0.6166666666666664,0.06619385342789598,55.6630023640664
77092.43360000034,8.38954486846924,-0.14977908689248892,0.08394698085419736,44.216936671575894
71986.65660000037,5.552964973449707,-0.21693037974683557,0.11392405063291139,41.79370253164572
24204.89300000002,10.321339988708491,-1.0201923076923083,0.07692307692307691,50.183221153846134
260732.73539999992,5.182147407531737,-0.3460008288437624,0.08868628263572316,40.259357646084
58327.43370000015,5.673577308654786,-0.6289719626168221,0.10841121495327102,57.57014953271043
29484.039199999992,8.806268501281739,0.2037878787878783,0.1477272727272727,32.11181818181819
114117.60290000086,5.577064704895019,0.0771980676328501,0.08695652173913043,36.92241545893736
46671.27990000004,9.789927101135252,-0.8267772511848331,0.04028436018957346,46.65094786729857
15807.361799999993,10.501013374328611,-0.5188811188811193,0.05594405594405595,22.286013986013977
35528.067200000056,6.35342845916748,0.17187500000000028,0.071875,54.55781249999999
50184.43550000007,9.15278606414795,-0.252597402597403,0.0670995670995671,26.947619047619035
50140.27370000007,9.103145408630368,-0.2573593073593078,0.0670995670995671,27.026406926406917
50469.563200000055,9.109785652160646,-0.30561555075593977,0.06479481641468683,35.134773218142534
34558.923700000065,8.292842292785647,0.8131832797427659,0.10610932475884244,38.17115755627008
34681.99010000005,8.460395622253419,0.7707395498392288,0.10610932475884244,41.168906752411566
15797.523899999986,10.561807060241698,-0.6441176470588239,0.11029411764705883,20.857352941176465
21642.519300000007,5.993069267272949,-0.3921875000000001,0.07291666666666666,34.082291666666656
112894.80620000086,5.327825736999511,0.01124144672531743,0.07917888563049852,32.54291300097765
70224.87030000029,8.244297599792482,-0.11050156739811937,0.09404388714733543,55.64766457680266
20907.441300000006,6.883906745910645,-0.701714285714286,0.14285714285714285,57.83091428571427
20878.446900000006,6.883338356018067,-0.7454022988505746,0.12643678160919541,60.987988505747104
20876.435400000002,8.047282218933105,-0.6885057471264371,0.14942528735632182,48.38166666666665
20737.9091,6.995026969909667,-0.8040229885057472,0.13793103448275862,54.88735632183909
138825.17950000046,5.392622184753418,-1.049262295081974,0.039344262295081964,51.393450819672445
93569.13970000045,6.503426551818847,-0.7460510328068051,0.054678007290400975,48.07364520048616
121372.75530000096,4.900169181823729,-0.25923566878980775,0.07006369426751592,58.367443130118694
129543.94410000058,8.361501121520998,-0.41538461538461363,0.06482281763180639,56.53744165946456
39607.003099999994,5.2421693801879865,-0.020903954802259907,0.09322033898305085,32.862203389830505
134762.27640000067,7.880373573303222,-0.5118713932398997,0.06924979389942292,50.15755976916766
57099.72790000007,5.563707542419433,0.5139312977099249,0.0782442748091603,27.23246183206106
35183.589600000036,7.983200645446778,0.7085443037974687,0.12025316455696203,41.61968354430378
32659.04030000004,8.748182487487792,-0.39554794520547987,0.05821917808219178,29.304486301369863
89276.67590000047,6.831671714782716,-0.5092071611253183,0.09079283887468031,49.12407928388762
21508.210499999994,8.215093421936036,-0.5293193717277488,0.06806282722513089,47.39534031413612
89365.80140000043,5.637370872497558,-0.3599486521180998,0.10012836970474967,47.18333761232367
85512.92600000041,5.543416023254394,-0.44666666666666593,0.10266666666666666,37.61401333333342
21878.449599999993,4.707314491271972,-0.5168421052631581,0.12631578947368421,31.923684210526307
100886.72870000069,8.718527030944824,-0.8286857142857136,0.06514285714285714,49.49520000000015
34296.539500000006,8.842564201354982,0.7677419354838715,0.11612903225806451,30.95583870967741
129633.3126000006,7.378746986389159,-0.3297089041095881,0.08732876712328766,43.89077054794545
20081.920199999997,9.035582542419434,-0.3645714285714286,0.09142857142857143,24.300571428571416
82965.73960000032,8.569991874694825,0.2974967061923592,0.08036890645586298,40.123873517786656
47844.965900000105,5.254617118835449,-0.02729357798165156,0.08486238532110092,48.94816513761468
129381.41570000035,4.713794136047363,-0.7188888888888889,0.07521367521367521,42.02641880341902
203701.7579999999,8.460137748718264,-0.6052574525745286,0.053116531165311655,55.022227642276704
34399.26590000002,8.24287929534912,0.011146496815286587,0.07324840764331211,59.374840764331196
150585.3097000006,6.370536994934082,-0.6887565152643345,0.03425167535368578,59.95122859270324
10738.67269999999,4.388675117492675,-1.0560439560439565,0.03296703296703297,80.06373626373627
24704.013500000012,8.282720756530765,-0.4074418604651163,0.10232558139534884,36.08046511627907
35965.439900000034,9.127514457702638,-0.17801857585139313,0.10835913312693499,43.30934984520123
35001.570100000026,8.984910392761233,0.7826923076923084,0.1185897435897436,49.75451923076922
101281.28550000065,5.273658180236816,-0.249401523394994,0.0837867247007617,35.48337323177382
21530.860599999996,8.763912773132326,-0.1163461538461538,0.03365384615384616,30.124999999999993
87386.10520000051,5.977609062194825,-0.5366265060240959,0.05060240963855422,63.6000000000003
30333.566000000006,9.559774971008299,-0.0759717314487632,0.0706713780918728,41.43286219081272
34505.61440000002,8.037934303283691,0.6967637540453078,0.11003236245954694,31.04766990291261
44277.66530000006,8.399601936340336,-0.1860696517412938,0.07960199004975124,39.88358208955223
57146.23770000009,5.265416526794433,-0.16621880998080626,0.08253358925143954,61.7157581573898
114707.44990000085,5.693641471862793,-0.5716683119447176,0.11154985192497532,41.09408687068131
46657.18090000003,6.264645957946779,-0.14466019417475737,0.11650485436893204,43.15366504854367
20374.391000000007,6.059173011779785,0.027374301675977684,0.08938547486033518,41.14469273743016
46098.92880000001,7.202773475646972,-0.044139650872817925,0.11221945137157108,43.78783042394015
96741.25570000059,8.984330177307132,-0.36055045871559643,0.09288990825688073,45.246915137614856
60148.56000000003,8.9774320602417,-0.7660194174757264,0.1029126213592233,47.13320388349517
125010.62250000077,8.702667808532716,-0.15511463844797188,0.07936507936507936,43.8530864197533
21097.245600000002,8.718591499328614,-0.1881720430107526,0.06989247311827956,48.515591397849455
36828.67740000001,9.491760826110841,0.08789808917197436,0.18152866242038218,27.698152866242033
30076.842000000022,8.711435508728027,0.5501805054151621,0.148014440433213,18.890649819494573
70043.45730000033,9.133445549011231,0.43670295489891225,0.10730948678071539,49.18646967340598
69357.70050000021,7.162758827209472,0.3466453674121406,0.09744408945686901,34.230191693290756
198036.58970000024,4.832360267639159,-0.46881298992161285,0.06942889137737962,43.550968645017136
20455.269100000005,6.741809272766114,-0.2802197802197801,0.06593406593406594,45.16153846153846
66298.17800000013,9.111397361755369,-1.0149647887323923,0.08978873239436619,53.75316901408466
20877.754300000008,5.954987144470215,-0.22934782608695678,0.07065217391304349,38.838043478260865
35268.82120000006,9.255548667907714,0.7131410256410261,0.1217948717948718,41.86285256410256
105632.60840000064,4.880389213562012,-0.43281412253374807,0.06334371754932502,50.87424714434085
29091.0504,8.929338645935061,-0.21283018867924522,0.0830188679245283,54.20037735849054
18470.14879999996,9.87960262298584,-0.2965317919075145,0.04046242774566475,77.82947976878613
61247.1681000002,6.010859870910643,-0.17939609236234483,0.09591474245115453,48.360923623445984
47546.13170000007,5.919917488098144,-0.20366132723112168,0.07093821510297482,43.53340961098398
163078.77390000012,5.571778678894042,-0.34279835390946345,0.08436213991769548,42.24513717421155
49704.3611000001,8.195172691345213,0.19177777777777766,0.08,53.70844444444449
26733.3193,7.569669151306154,0.024193548387096787,0.07258064516129033,33.53588709677421
30311.38460000004,8.3296537399292,-0.34659498207885325,0.05376344086021505,44.16594982078855
53902.947400000034,5.187319755554198,0.15858585858585822,0.11717171717171718,32.89761616161615
27812.82560000001,6.005175971984862,-0.1745967741935485,0.06854838709677419,55.71092741935485
50494.37280000013,6.233839225769043,-0.28549450549450534,0.07032967032967033,57.557802197802275
78567.61570000039,8.454335594177248,0.2614406779661016,0.0847457627118644,45.86653954802276
20510.537299999996,6.596813011169434,-0.09333333333333321,0.08888888888888889,34.66000000000001
32678.175299999988,5.700803184509279,0.007395498392282932,0.04180064308681672,65.08135048231509
36695.01680000007,8.5111967086792,0.6590909090909092,0.12121212121212122,46.43999999999998
20529.4165,6.302443885803222,-0.20444444444444418,0.08888888888888889,46.46722222222222
114165.16540000093,6.226393318176269,0.0417881438289599,0.08163265306122448,32.769582118561885
41849.05060000009,6.1938814163208,-0.311917098445596,0.04404145077720206,63.35339378238347
68959.52540000028,6.588628196716309,-0.7839228295819944,0.06109324758842444,60.88231511254041
36227.98270000004,9.02900676727295,0.6845679012345683,0.10802469135802469,41.281574074074065
36100.79850000004,9.02900676727295,0.6739938080495361,0.10835913312693499,42.650588235294116
79000.37210000037,6.060196113586425,-0.3897471910112352,0.07443820224719103,46.11109550561806
78804.95470000031,8.72020320892334,0.2425141242937854,0.12005649717514125,35.329562146892705
36632.39470000003,9.361985969543458,0.6506172839506174,0.11728395061728397,46.93398148148146
35558.327100000024,9.441411018371582,0.7198738170347008,0.10725552050473186,49.218990536277595
54812.19330000004,7.113593101501464,0.11873684210526289,0.15578947368421053,45.9526736842105
25860.916000000034,9.461976432800295,-0.26506550218340624,0.06986899563318777,25.644148471615708
39760.08140000009,9.367465782165528,0.3184357541899441,0.09497206703910616,65.63215083798886
35552.329500000014,6.099699211120604,0.7044642857142868,0.09226190476190477,40.93363095238095
36079.99040000006,8.169643211364747,0.6160237388724046,0.08605341246290801,45.736795252225505
560692.6499000029,6.073496437072753,-0.7840140023337188,0.042590431738623105,65.66352392065122
19299.693799999997,4.637857246398925,-0.3847058823529414,0.08823529411764705,24.095294117647054
33309.403400000054,9.296743965148927,-0.7565068493150675,0.08561643835616438,86.35273972602744
416464.38040000404,7.283939552307129,-0.8120988283239915,0.04228222109016811,69.10542791645251
31051.983200000068,8.594425392150882,0.16826568265682673,0.12915129151291513,31.643210332103322
22614.95570000002,9.256709098815914,-0.28449999999999986,0.065,47.03899999999999
20909.775799999996,8.27608051300049,-0.31141304347826093,0.08695652173913043,57.6804347826087
23495.33230000001,5.7214357376098635,-0.15211267605633788,0.08450704225352113,23.910798122065728
35408.63510000003,10.075070762634276,0.006289308176100648,0.11320754716981132,37.96855345911948
33116.6926,9.79411754608154,-1.1743421052631557,0.05921052631578948,41.64769736842104
22155.314499999993,9.94426441192627,-0.2597014925373134,0.05970149253731344,41.45522388059702
40981.286900000094,8.823223686218263,0.23397790055248588,0.1270718232044199,32.906933701657444
20696.523500000003,6.312731742858888,-0.26243093922651917,0.09392265193370167,28.409392265193357
19783.798799999993,9.850140571594238,-0.0668508287292817,0.10497237569060773,39.46353591160219
19387.31759999999,9.850140571594238,-0.08474576271186436,0.10734463276836159,39.966666666666654
20600.520800000006,6.841732215881348,-0.24640883977900538,0.08287292817679558,28.2806629834254
75490.98790000036,6.27783260345459,-0.48192419825072774,0.05685131195335277,55.021282798833965
73209.76280000036,6.25185718536377,-0.461236802413272,0.055806938159879346,53.456711915535585
73068.75240000036,7.028107261657714,-0.473152337858219,0.05429864253393665,53.58476621417812
73125.75730000036,6.411347389221191,-0.46757164404223134,0.05429864253393665,54.62307692307707
21486.73290000001,9.16864528656006,-0.23854166666666657,0.06770833333333333,49.59062499999999
41076.160800000085,7.8721216201782225,0.2939726027397261,0.12602739726027395,40.464136986301355
51251.05450000009,5.8081151962280275,-1.0924611973392453,0.08647450110864746,61.52911308204005
120952.55940000052,8.938751029968266,-0.33114186851210975,0.050173010380622836,60.3457006920419
97744.94110000052,8.514097785949708,-0.44177215189873514,0.06214039125431531,50.31956271576544
97407.12800000046,6.728224754333497,-0.5347222222222224,0.06365740740740741,56.60034722222243
98063.1184000005,7.037883567810058,-0.4332183908045982,0.06206896551724138,58.2527586206899
172118.6276999997,6.438459587097167,-0.7114613180515784,0.03724928366762178,29.363954154728223
43901.005800000035,9.23917369842529,0.29856801909307906,0.06205250596658711,49.26467780429593
27898.67010000001,8.116908073425293,-0.3156862745098042,0.07450980392156863,55.91019607843135
33916.36450000002,6.728452110290529,-0.046753246753246755,0.09415584415584416,36.282467532467535
37892.65430000001,6.788587760925293,-0.09861495844875345,0.07202216066481995,45.19113573407201
35327.58140000004,8.54355983734131,0.7555910543130995,0.11501597444089456,39.73900958466452
38682.69740000004,8.843466758728027,0.778097982708934,0.11239193083573487,37.17668587896252
18323.89249999998,8.61370143890381,-0.06250000000000006,0.045454545454545456,66.73750000000001
35970.04220000003,7.492993354797363,0.1295731707317073,0.10060975609756098,42.002134146341454
30771.051400000015,6.5921522140502935,-0.3312727272727278,0.08363636363636363,53.48109090909088
110247.86220000086,5.5123819351196275,-0.10630630630630633,0.07807807807807808,47.330540540540774
39256.523299999986,9.597295570373536,-0.41616438356164354,0.07945205479452055,65.23397260273978
101126.47690000056,6.376618766784667,-0.24841182913472004,0.08981380065717415,47.391139101862215
30203.9223,4.845035362243652,-0.7029197080291967,0.072992700729927,66.97810218978101
129294.85310000062,5.102800178527831,-0.09957662997459782,0.08975444538526672,34.06800169348027
100224.33490000074,5.967093849182128,-0.2794310722100649,0.07549234135667396,38.63754923413576
243629.45990000118,5.184705162048339,-0.3058595433003041,0.04868591124515295,54.78587246876381
39331.996200000074,10.26370525360107,0.37327823691460194,0.06887052341597796,43.51818181818181
51943.305599999774,6.883963584899903,-0.8292592592592573,0.01111111111111111,30.81351851851852
52074.677300000054,8.670820426940917,0.559583333333334,0.10833333333333334,36.766291666666646
116610.90420000066,6.3215417861938485,-0.2078020932445286,0.08277830637488107,40.40733587059959
166672.60500000013,5.5443822860717775,-0.5453008789722795,0.1068289384719405,54.27734956051418
107982.48670000081,5.931342124938964,-0.20771604938271634,0.09465020576131687,43.31616255144053
42730.60920000009,6.7933053970336905,0.34908136482939656,0.09711286089238845,31.43097112860891
69056.89350000024,9.361212348937986,-0.8061564059900146,0.08153078202995008,52.01281198003335
53594.39000000009,8.385934638977051,-0.029462365591397772,0.13333333333333336,30.575053763440863
83266.94080000039,7.225679588317871,-0.29827127659574454,0.08111702127659574,40.86849734042565
18153.1089,6.066107368469238,0.027272727272727046,0.07272727272727272,50.36127272727271
51535.97289999998,9.416268348693851,-0.8380630630630614,0.09234234234234234,47.96013513513516
65873.22540000013,9.456367683410647,-0.9164048865619517,0.08202443280977312,47.04240837696346
57601.5824,9.324594306945801,-0.8537074148296572,0.0841683366733467,41.20961923847696
61930.6625000001,9.407113838195801,-0.8311567164179078,0.09701492537313433,46.11977611940305
60892.33460000003,9.286686897277832,-0.9056818181818159,0.08333333333333334,47.52767045454552
70969.83270000028,9.404921913146975,-0.8661290322580619,0.08548387096774193,47.28209677419369
87284.73910000044,7.860194969177247,-0.01921568627451032,0.09673202614379085,48.818588235294285
71171.70170000025,9.288878822326659,-0.8899838449111442,0.08723747980613894,44.68014539579979
68735.73400000017,9.449018287658692,-0.9415126050420142,0.08403361344537814,41.63749579831941
68486.12030000021,9.399248695373537,-0.9336177474402706,0.10580204778156996,41.34351535836185
78151.56300000039,9.502720451354982,-1.03234421364985,0.0919881305637982,51.47464391691407
59151.41940000001,9.388095664978025,-0.8918128654970737,0.08771929824561403,52.40389863547765
65778.85030000017,9.234789848327637,-0.9554174067495534,0.08348134991119005,57.82932504440508
49577.31220000006,5.714444541931152,-0.13159090909090915,0.12045454545454545,46.818863636363645
35834.330099999956,8.850171470642092,-0.38029411764705917,0.07058823529411763,55.84679411764703
46167.83630000006,9.280691337585449,-0.7701234567901225,0.09876543209876543,59.60641975308649
74575.50320000024,6.621537971496582,-0.4531981279251168,0.1107644305772231,38.44184087363501
111270.10760000076,5.5467126846313475,-0.4544827586206886,0.05812807881773399,56.62790147783283
100453.51570000063,9.29900035858154,-0.7017241379310333,0.09885057471264369,43.61163218390818
113281.42440000077,5.415471458435058,-0.13757575757575796,0.10707070707070707,46.87779797979817
86873.88020000051,9.741640281677245,-0.9331557922769628,0.09187749667110519,45.58135818908138
58142.52469999997,8.649159049987794,0.5467307692307697,0.11730769230769231,39.73367307692307
95182.36860000064,6.078782463073729,0.20452920143027417,0.11918951132300357,43.01004767580465
59686.50410000007,8.432094001770022,-0.33827392120075045,0.10131332082551595,48.602645403377196
76697.8523000003,8.69834842681885,0.3029619181946407,0.08603667136812412,49.36418899858969
160608.88659999988,8.55116710662842,-0.621150389454762,0.04194128220491312,32.37603954463784
34802.303500000045,8.767523002624515,0.7967845659163988,0.1189710610932476,40.094244372990346
47439.97920000006,8.62401638031006,0.4628235294117644,0.13176470588235295,46.16190588235293
15990.36469999998,11.713212394714354,-0.622857142857144,0.06428571428571428,79.02714285714285
59764.71990000013,5.692959403991699,0.1364839319470698,0.10775047258979206,48.6677126654065
67367.81010000035,7.643048286437988,0.06029173419773168,0.08752025931928686,28.48200972447325
42810.313300000074,9.587625312805173,0.44083769633507847,0.10471204188481675,47.02617801047119
47160.41320000012,5.984316062927246,-0.5645011600928078,0.06496519721577726,49.43781902552205
53834.28790000017,6.188879585266113,-0.8232653061224479,0.0653061224489796,64.40102040816339
34249.253000000004,5.6009370803833,0.7512345679012354,0.05864197530864197,49.938580246913546
105715.75420000075,5.221423149108886,-0.19744952178533492,0.07438894792773645,39.964622741764224
49302.70410000006,7.844271278381349,-0.23536036036036026,0.10135135135135136,40.418490990990975
77008.22170000024,8.387481880187988,-0.22923299565846564,0.07814761215629522,43.155282199710655
56243.29890000003,8.948356819152835,-0.8567404426559343,0.054325955734406434,58.118913480885425
38740.296800000055,9.47686862945557,0.4951149425287359,0.09195402298850575,39.36701149425288
46328.03300000005,8.481605720520019,-0.24757281553398097,0.07766990291262135,46.47575242718446
57941.73170000005,6.126299858093262,-0.11174168297456005,0.12133072407045009,42.474187866927615
35189.538300000044,6.48415813446045,0.783061889250815,0.14332247557003258,40.231074918566755
113977.58890000057,6.7395925521850595,-0.2980178394449947,0.10307234886025768,50.720346878097395
20590.5607,5.436274528503417,0.021229050279329684,0.08938547486033518,40.592178770949715
63321.00460000012,8.718591499328614,-0.7578571428571415,0.07857142857142857,53.823589285714434
46458.15009999999,6.591868019104004,0.16997578692493873,0.11380145278450363,41.33803874092009
43481.794400000064,8.376780128479005,-0.26891191709844575,0.08031088082901554,45.18290155440414
49183.938200000055,5.866716194152831,-0.5424999999999996,0.045454545454545456,36.587045454545446
73999.6053000002,8.855135536193849,-0.634384384384383,0.07357357357357358,53.594594594594845
72180.54400000023,8.88124523162842,-0.6740340030911887,0.07418856259659969,53.132302936630836
74004.60370000018,9.01591968536377,-0.645345345345344,0.07357357357357358,53.220120120120384
123618.78660000057,9.038805961608887,-0.4393017009847788,0.07609668755595345,48.33061772605227
74077.72730000019,9.113395881652831,-0.663213213213212,0.07357357357357358,52.76996996997022
74181.92100000019,9.045317268371583,-0.6309309309309294,0.07357357357357358,53.92087087087112
74038.7043000002,8.98955211639404,-0.6352852852852839,0.07507507507507508,55.0935435435438
74109.7458000002,8.993613624572756,-0.647297297297296,0.07357357357357358,52.71216216216242
74137.7540000002,8.947841072082522,-0.6399399399399387,0.07507507507507508,53.31726726726754
73587.26220000023,9.261479759216307,-0.5800599700149911,0.06896551724137931,52.5496251874065
34608.392400000026,8.47625484466553,0.7421725239616622,0.13418530351437702,25.831629392971244
105878.5146000007,5.7054639816284185,-0.33252885624344086,0.07974816369359916,53.35928646379879
84759.89800000054,7.668625831604005,0.14941634241245144,0.09987029831387807,53.52066147859939
21626.556500000002,5.952202033996582,-0.2174358974358974,0.0717948717948718,31.384666666666664
54289.49710000008,5.000319480895995,-0.03891213389121343,0.12133891213389121,34.41556485355647
167551.0987999998,8.88827228546143,-0.583586448598131,0.054906542056074766,32.09176985981344
117360.7100000008,9.325238990783692,-0.9291949563530565,0.05237633365664404,62.04297769156206
112264.19060000098,5.473788261413574,-0.014215686274510107,0.07450980392156863,33.33264705882368
66295.1838000002,8.96292667388916,0.3756711409395979,0.1023489932885906,48.366828859060476
43934.30970000003,9.944586753845215,-0.18307692307692316,0.10769230769230768,55.07592307692312
64567.04650000021,5.598151969909667,-0.3543209876543211,0.07583774250440917,42.17938271604942
33541.21760000002,7.554777336120606,0.586241610738255,0.13087248322147652,43.139999999999986
55698.799100000106,7.516069984436036,-0.351814516129032,0.0907258064516129,49.76048387096778
70254.56810000027,8.55026454925537,-0.21461038961038958,0.11525974025974026,41.04516233766236
55937.13940000014,7.733308601379394,-0.5992322456813812,0.046065259117082535,74.23685220729399
38638.50510000003,9.583434867858884,-0.5753424657534241,0.057534246575342465,77.10465753424668
54810.82290000016,7.7212018966674805,-0.668836291913215,0.04536489151873767,61.98856015779112
51220.68590000014,8.143340110778809,-0.6376321353065536,0.04439746300211417,56.70591966173368
45733.09010000002,8.752824211120608,-0.1203007518796993,0.12280701754385964,33.963684210526324
79283.88470000046,6.021375083923339,-0.15864022662889535,0.08781869688385269,51.16218130311631
82759.48030000033,5.518975257873534,-0.8669344042838031,0.05756358768406961,71.51099062918364
79320.57480000035,5.128946113586425,-0.286321381142098,0.08366533864541832,51.7119654714479
28272.22990000001,9.52747631072998,-0.19404761904761902,0.07936507936507936,59.292460317460296
39380.416500000014,5.331974983215332,-0.03926553672316389,0.0903954802259887,28.353418079096052
42012.188700000064,5.106608390808105,-0.2388140161725069,0.11590296495956873,45.60485175202154
17222.081299999983,10.530991172790525,-0.45430463576158936,0.06622516556291391,51.00264900662251
54731.13520000006,5.680739021301269,-0.5797131147540974,0.08401639344262295,40.952069672131145
28047.539899999996,7.523459053039551,-0.4450000000000004,0.06153846153846154,32.17153846153848
31543.449799999977,6.740501976013184,0.5349315068493148,0.11643835616438356,22.67773972602738
55799.136300000064,6.755280113220215,-0.11532258064516134,0.1189516129032258,34.276854838709674
35227.49990000004,9.032036781311035,0.6192926045016078,0.1189710610932476,43.018392282958175
24576.61010000001,10.10840091705322,-0.5406542056074772,0.08878504672897197,44.09906542056074
24518.50760000001,10.028846931457519,-0.5205607476635521,0.08878504672897197,42.507009345794394
75224.51410000032,5.960727882385254,-0.8141337386018224,0.06990881458966566,56.57051671732545
82645.70170000035,7.844142341613771,-0.3690600522193205,0.03524804177545693,45.461357702350035
314773.02600000263,4.732607841491699,-0.3803914835164838,0.0679945054945055,42.746535027472774
48313.51960000006,8.043736457824707,0.06894977168949737,0.1004566210045662,53.20710045662106
24946.826299999993,5.1278093338012685,-0.4513761467889911,0.11926605504587157,63.55371559633026
165280.63820000045,6.668486976623536,-0.3927595628415294,0.09631147540983606,42.26163251366142
28024.316900000013,11.035133934020994,-0.5276264591439692,0.054474708171206226,26.889105058365743
15549.938499999987,9.848786735534667,-0.5785185185185184,0.05185185185185185,38.50740740740741
40431.32910000003,8.312182807922365,0.715616438356167,0.12602739726027395,33.4948219178082
70681.10140000035,6.988263130187988,-0.2983206106870229,0.08549618320610686,53.0638167938933
43087.30570000001,8.578695106506348,-0.10779220779220809,0.09090909090909091,41.792753246753236
34856.20140000002,8.922376060485842,0.7396825396825407,0.12063492063492065,34.38799999999999
75693.20380000019,5.820221900939941,-0.2683257918552038,0.09351432880844646,43.31736048265466
52683.445999999996,6.280560874938964,0.1637113402061854,0.06597938144329897,37.9800206185567
23147.212399999997,8.247649955749512,0.7564220183486238,0.10091743119266056,43.943623853210994
52800.42470000005,4.996397590637206,-0.17396694214876102,0.05785123966942149,48.755185950413264
54340.795500000066,5.905196189880371,-0.17459349593495957,0.11788617886178861,34.78823170731706
37517.1556,5.893828392028809,-0.4608955223880603,0.08656716417910448,65.5185373134329
75806.00510000027,7.026061058044433,-0.5674140508221216,0.11808669656203288,44.35699551569524
94768.71300000067,6.111180686950683,-0.3643274853801161,0.10058479532163742,38.66901754385982
49187.701000000074,9.22834300994873,-0.7227171492204892,0.08463251670378619,61.499109131403195
20328.773999999998,6.245434379577637,-0.5955307262569839,0.05027932960893854,31.903910614525127
109911.05020000094,9.915382575988769,-0.3839613526570045,0.063768115942029,60.86434782608733
34730.74869999998,8.663922309875488,0.676205787781351,0.13183279742765275,40.72131832797425
33439.39140000002,8.947841072082522,0.2421221864951766,0.10289389067524116,32.16977491961414
90555.06740000047,7.712050819396972,-0.3774114774114783,0.08669108669108669,45.88681318681339
40175.39630000002,5.104562187194824,-0.3084745762711869,0.08757062146892655,45.54237288135592
107456.17050000092,6.180012702941894,-0.33038728897715985,0.05163853028798411,61.07180734856039
40356.55320000001,5.687161827087402,-0.34915254237288185,0.09322033898305085,37.549717514124296
57479.52070000006,6.052238655090332,0.16633663366336626,0.11287128712871287,31.401029702970288
21717.477799999997,9.673239326477052,0.3111650485436888,0.03398058252427184,43.660194174757265
68491.91640000026,5.8501192092895495,-0.46239460370994834,0.07925801011804384,51.92377740303551
86517.14790000055,6.6964517593383786,-0.4999999999999992,0.09163346613545817,48.941713147410546
30822.083300000028,6.310173988342286,-0.029670329670329714,0.10256410256410256,36.92421245421246
70627.97160000021,8.77596836090088,-0.3158478605388267,0.0729001584786054,61.80871632329655
35512.45030000005,9.658089256286619,-0.6054487179487177,0.08012820512820512,54.20608974358975
197611.21120000043,8.561288642883301,-0.2740328253223899,0.1025791324736225,41.56627198124298
29597.989099999984,9.15981311798096,-0.671428571428571,0.07692307692307693,73.13699633699632
127060.34900000053,9.01314754486084,-0.5714801444043316,0.10018050541516246,47.42148916967535
112933.86170000077,4.887437248229981,-0.21491658488714427,0.10107948969578018,37.41208047105022
29610.90160000002,9.768136787414548,-0.4642857142857147,0.08270676691729324,47.84398496240602
98081.19540000065,6.175863456726074,0.13469626168224266,0.12032710280373832,45.87350467289732
21587.7586,8.927597999572757,-0.32083333333333347,0.07291666666666667,29.207291666666666
95566.72470000079,8.503138160705568,0.09850917431192642,0.10321100917431192,37.32225917431202
71799.88250000027,9.315310859680174,-0.8503215434083573,0.09485530546623794,52.95644694533774
100790.41690000077,9.543980216979982,-0.8429398148148134,0.09490740740740741,46.62476851851869
38866.51950000005,9.207455253601072,0.6025495750708217,0.0934844192634561,50.66515580736543
92966.92210000056,6.661154747009278,0.17578313253012026,0.09759036144578313,49.888204819277306
34826.100600000034,9.025654411315916,0.7711538461538466,0.10576923076923077,32.83717948717948
85531.90790000038,6.667293357849122,-0.501047120418847,0.08769633507853403,43.55082460732999
58267.248700000026,7.167988014221191,0.3616981132075467,0.12075471698113208,35.040566037735836
51530.73050000001,9.233371543884278,-0.4699373695198325,0.06471816283924843,57.862233820459494
58026.304800000056,5.531934547424315,-0.6085343228200366,0.053803339517625226,71.56011131725441
137455.61680000025,6.116296195983886,-0.07818322981366464,0.06366459627329193,39.41809782608722
36990.681100000016,5.279910469055174,-0.11107871720116616,0.06997084548104957,53.352769679300245
30674.491899999986,9.125064659118653,-0.39645390070921965,0.07446808510638298,49.989042553191496
45343.77190000002,9.966763877868651,0.2905339805825243,0.09951456310679613,52.19614077669907
33211.91589999999,8.123225975036618,0.01592356687898092,0.054140127388535034,46.32006369426751
60334.558800000144,9.070782279968263,0.6404805914972291,0.12569316081330867,43.85974121996311
31303.668400000024,9.338841819763182,-0.2612099644128114,0.08540925266903915,58.87117437722418
22455.916499999992,4.980596351623535,-0.6302564102564109,0.07692307692307693,37.13179487179487
23155.00360000001,6.726008033752441,-0.3862068965517241,0.09852216748768472,46.51871921182267
50902.25660000004,8.704086112976075,0.4030634573304155,0.11597374179431072,35.59148796498905
64613.3623000002,8.440797233581545,0.3410745233968806,0.1369150779896014,31.23937608318889
114535.08180000074,5.500275230407714,-0.2196377502383218,0.09342230695900858,46.80601525262179
52087.05140000005,8.846819114685058,0.7523012552301263,0.12343096234309622,42.76780334728032
61251.22360000022,5.723311424255372,-0.26878504672897235,0.08971962616822429,48.80280373831783
60937.91310000018,6.4600015640258786,-0.3323475046210718,0.08872458410351203,46.31072088724591
74808.84980000049,9.431160545349119,-0.11844077961019515,0.07946026986506746,50.96193403298371
58057.97050000014,7.640263175964355,0.38226415094339616,0.10377358490566038,40.83890566037735
21390.27310000001,5.963342475891113,-0.2066326530612244,0.05102040816326531,48.92244897959182
48287.74150000008,5.472935676574706,-0.0845433255269321,0.09836065573770492,39.039110070257614
34561.557000000044,8.70228099822998,0.8440729483282686,0.0851063829787234,31.29604863221884
161881.09940000018,5.6099744796752935,-0.29566689234935595,0.08056872037914692,36.77739336492912
71443.97730000038,5.435990333557128,0.07010463378176364,0.056801195814648736,45.462182361734044
66359.84970000021,8.248616981506348,-0.012141652613828168,0.11467116357504215,39.76441821247894
55015.97049999999,5.54949779510498,0.13579999999999984,0.096,44.189820000000054
27012.518400000037,8.928307151794435,-0.3290456431535269,0.07468879668049792,48.34564315352696
44441.660500000035,8.861646842956542,0.4728643216080411,0.135678391959799,40.15806532663316
35349.598500000044,8.650899696350098,0.723343848580442,0.11041009463722398,38.81895899053627
38415.28290000003,9.853492927551269,0.3187845303867407,0.06629834254143646,53.68591160220992
60215.8534000002,7.5863229751586925,-0.27291280148423036,0.09647495361781075,52.66589981447133
57661.03130000001,6.992923927307129,-0.9593625498007945,0.06573705179282868,60.83187250996034
34295.56510000003,8.674752998352051,0.8009646302250804,0.11254019292604502,45.47723472668809
146750.62510000024,8.17834644317627,-0.064615384615384,0.09999999999999999,43.14256153846176
51114.987200000025,9.282496452331543,0.27396963123644325,0.10629067245119306,31.63904555314534
61410.750800000154,9.356764030456542,-1.0171428571428545,0.10095238095238096,48.41529523809531
37610.825500000035,6.48023624420166,0.07008797653958955,0.10263929618768328,46.212023460410556
29643.51439999999,5.655957221984862,0.006666666666666692,0.03508771929824561,39.574385964912274
47218.70390000003,5.16566410064697,-0.4468384074941449,0.08665105386416862,46.75388758782201
48848.58640000011,7.440985679626464,-0.2021645021645025,0.08441558441558442,45.91428571428572
104647.59610000066,5.61031551361084,-0.36116504854368786,0.11326860841423947,48.428824163969985
53923.632100000104,6.841845893859863,0.5364919354838725,0.10887096774193547,37.88752016129031
24393.228200000016,6.118115043640136,-0.4208333333333332,0.0787037037037037,39.793055555555554
24488.195100000015,5.64407787322998,-0.43532110091743126,0.0779816513761468,31.66100917431193
257360.58299999975,5.536936378479003,-0.5831009716941294,0.05407689057879172,56.4296282213776
89985.3853000005,6.714469718933105,-0.5560759493670882,0.06962025316455696,41.051025316455814
96097.60530000058,4.624954795837403,-0.4180985108820144,0.06758304696449026,36.8479954180987
122668.13480000067,5.054941749572753,-0.26216712580348955,0.08448117539026628,43.48606978879728
96753.30710000056,6.0829885482788075,-0.31600467289719547,0.08528037383177571,55.30889018691614
66050.13120000028,9.011600303649903,-0.7603448275862058,0.08103448275862069,46.626379310344895
74285.41170000029,6.141589546203612,-0.1401734104046247,0.05202312138728324,46.77153179190767
21602.894999999975,6.510588264465332,-0.5623036649214654,0.07853403141361257,75.28481675392668
23249.65899999998,6.919601631164551,-0.4529126213592232,0.07281553398058253,74.34174757281554
31641.23710000002,10.19253215789795,-0.06597938144329889,0.07216494845360824,44.66735395189004
21634.23019999999,11.727653312683106,-0.7239361702127666,0.05851063829787234,43.653723404255324
42624.95690000005,8.690096473693849,-0.21775456919060082,0.12010443864229767,31.855613577023483
35018.53510000005,9.044221305847167,0.7433121019108284,0.11146496815286625,47.43509554140127
15382.529099999985,9.58504657745361,-0.39999999999999997,0.12408759124087591,28.27299270072991
314790.8985000022,5.572233390808105,-0.11965811965811882,0.06393162393162394,55.76284444444476
57847.16860000012,6.61511516571045,-0.032023575638506954,0.1237721021611002,42.22188605108055
443209.1279000066,5.319697761535645,-0.2954840319361296,0.07834331337325348,47.634580838322975
49867.770600000025,9.103145408630368,-0.8599531615925045,0.10070257611241218,47.010538641686175
66393.9822000002,8.268150901794435,-0.38856655290102443,0.10750853242320818,48.80686006825947
102883.38880000066,8.043994331359862,-0.5557268722466953,0.06277533039647577,52.10848017621173
44035.02850000006,6.427148628234862,-0.16862244897959203,0.10714285714285714,47.89341836734693
108581.19240000067,7.2582483291625985,-0.6509473684210523,0.10105263157894737,50.64674736842134
194104.9699000004,6.780175590515137,-0.5303048065650637,0.09671746776084408,49.78413247362281
51571.74760000005,7.967986106872559,-0.24132231404958673,0.07851239669421486,52.1702685950414
57166.332500000106,9.347222709655764,-0.6141453831041251,0.08251473477406679,67.94326129666032
133106.89970000074,5.130026054382324,-0.7733558178752122,0.05480607082630692,56.00961214165307
16587.95349999998,8.439121055603028,-0.12933333333333333,0.08,41.84473333333333
105322.52070000063,5.622479057312011,-0.1292016806722682,0.10084033613445378,45.614831932773384
111023.21200000096,4.914322090148924,-0.5999035679845702,0.0665380906460945,64.68159112825501
75384.20760000014,7.80494556427002,0.2224637681159426,0.08260869565217391,37.879144927536366
21904.3766,8.978205680847168,-0.197883597883598,0.08465608465608465,37.65820105820106
48338.55490000003,9.675753593444824,0.6665934065934085,0.10989010989010989,45.21626373626372
206940.44120000018,5.709897422790529,-0.5739784946236564,0.08440860215053764,50.19657526881751
25303.86490000002,8.559676933288575,-0.299537037037037,0.14351851851851852,47.60787037037038
89657.29220000056,4.985427665710449,-0.3305454545454544,0.07272727272727272,61.67490909090938
57059.914700000125,6.162335777282714,-0.1617142857142858,0.10095238095238095,35.23773333333333
15420.09109999999,9.214353370666505,0.29124087591240866,0.1386861313868613,57.27080291970803
468824.99450000864,6.055080604553221,-0.29435208380779215,0.0585288089273514,46.02499202914992
87738.07580000054,6.53872356414795,-0.2952029520295199,0.059040590405904064,49.21217712177143
41187.54460000004,9.000511741638185,0.03413333333333336,0.07999999999999999,38.67786666666667
57420.45380000017,6.187458610534668,-0.3717601547388777,0.0793036750483559,59.73210831721482
40483.64510000009,6.095493125915527,0.26839378238341954,0.054404145077720206,59.14067357512963
83367.1720000003,6.3810522079467775,-0.5051700680272108,0.09251700680272108,58.37605442176899
31187.37750000001,8.646064567565919,-0.7315412186379928,0.043010752688172046,74.97526881720428
73782.56470000028,7.924663352966309,0.4225114854517621,0.13782542113323124,31.677503828483918
39947.85309999998,8.995612144470215,-0.30166204986149625,0.0886426592797784,54.91468144044321
21848.5562,6.368036079406737,-0.34293193717277487,0.11518324607329844,46.506335078534036
38870.956700000046,9.470550727844238,0.661449275362319,0.13623188405797101,44.574000000000005
23805.595400000006,4.678951835632325,-0.22262443438914034,0.0497737556561086,69.14307692307689
24399.56850000003,6.06241283416748,-0.1525345622119816,0.09216589861751152,51.42811059907833
43132.42100000005,8.369624137878418,-0.4678391959798992,0.0879396984924623,45.67236180904522
217173.6641999989,7.015489006042479,-0.5340101522842617,0.07918781725888324,63.18000507614252
57882.6962000001,5.856485176086425,0.20309477756286246,0.08897485493230173,52.82228239845273
37547.6328000001,8.253452110290528,-1.311746031746031,0.10476190476190475,52.125396825396805
49499.51800000011,5.821188163757324,0.002247191011235971,0.09438202247191012,52.862247191011264
59709.27750000004,9.375653266906738,-0.9005813953488349,0.08914728682170542,30.658720930232572
343484.9559000056,9.2668306350708,-0.47290281734726475,0.045900601456157014,64.9737923393469
74446.10260000038,8.188983726501466,-0.1729689807976369,0.06942392909896603,58.19556868537691
71307.3594000003,6.505984306335448,-0.8481259370314843,0.0464767616191904,59.83283358320866
87919.08590000054,5.928898048400878,-0.399875156054931,0.0536828963795256,47.73359550561818
135654.46930000058,8.539820671081543,-0.671345029239766,0.05179615705931495,41.46516290726841
144603.76550000056,6.42567081451416,-0.6327102803738346,0.06619937694704049,56.94174454828697
104061.21750000067,8.221475791931152,-0.642902208201891,0.03890641430073607,61.381608832807906
29397.95490000001,7.2044786453247065,-0.49671532846715316,0.032846715328467155,61.68029197080291
92848.49280000063,6.836787223815918,0.36420047732696914,0.0847255369928401,47.04128878281647
36675.14729999999,9.109140968322755,-0.6338150289017334,0.06358381502890173,82.6864161849713
175494.25190000003,8.462587547302245,-0.6218786464410734,0.044924154025670945,28.316166861144016
69304.1204000003,6.746299552917481,-0.39042386185243333,0.06907378335949765,51.22874411303001
42934.88940000003,4.6011960983276365,-0.6999999999999987,0.09523809523809523,59.21058201058203
11738.035599999992,9.010762214660645,-0.23431372549019616,0.18627450980392157,85.07352941176468
139145.32060000056,6.04058666229248,-0.25959595959595994,0.06837606837606837,45.687264957265285
32668.05450000006,8.45201473236084,-0.09036544850498347,0.07308970099667773,68.26049833887042
53819.139500000034,5.323619651794433,-0.4350318471337578,0.1337579617834395,20.3584076433121
50478.99440000001,9.29713077545166,-0.41324200913242043,0.1324200913242009,47.26554794520547
127615.47760000071,6.637850761413575,0.09286956521739204,0.09043478260869565,40.758182608695876
79235.04220000032,9.21744785308838,-0.23610315186246392,0.07306590257879655,53.85964183381108
37832.25700000003,9.423488807678222,-0.23085714285714318,0.054285714285714284,49.011428571428574
115509.15360000085,6.123230552673339,0.01559191530317589,0.08180943214629452,31.661607314725863
153602.96600000022,6.958763694763183,-0.269446391030132,0.06306937631394534,56.6588086895589
22749.60890000003,9.733388328552245,-1.553723404255318,0.0797872340425532,84.8622340425532
24325.589100000016,5.981644630432128,-0.3632558139534885,0.07906976744186046,44.97023255813954
35021.45319999999,9.905841255187987,-0.028571428571428453,0.12698412698412698,30.00317460317461
15805.193499999987,9.198236274719239,-0.27499999999999997,0.07142857142857142,51.39071428571428
104281.48880000057,6.763067054748535,-0.35859124866595493,0.0864461045891142,54.09679829242286
33515.259700000024,8.72439365386963,-0.6000000000000005,0.06418918918918919,59.4733108108108
54006.22260000006,6.472733497619628,-0.5724946695095944,0.14072494669509594,35.45742004264391
68417.22380000012,7.120356941223145,-0.2644518272425251,0.1345514950166113,37.09735880398674
55688.104699999996,9.076971244812015,-0.3826335877862593,0.05725190839694656,56.20839694656505
34711.46310000006,9.13918323516846,-0.7493333333333329,0.07666666666666666,50.49636666666668
34731.48920000006,9.084514045715334,-0.7403333333333331,0.08,51.27936666666668
34764.50920000005,9.372236442565917,-0.7766666666666665,0.07666666666666666,50.17633333333333
34696.337600000064,9.009343910217286,-0.7636666666666664,0.07666666666666666,47.10500000000002
34733.45570000006,9.363210868835449,-0.8276666666666661,0.07666666666666666,48.96100000000001
111295.72690000082,6.401798439025879,-0.5244312561819995,0.04055390702274975,55.410593471810415
50473.42900000002,8.41172199249268,-0.5791304347826075,0.05434782608695652,53.2200000000001
52492.81550000003,7.867093086242677,-0.48886509635974273,0.08993576017130621,63.90021413276245
27032.63710000001,7.6464017868042,-0.09920948616600782,0.03557312252964427,45.639130434782594
37138.335400000055,8.327268409729005,-0.6435294117647056,0.044117647058823525,68.95588235294117
23383.311300000027,9.13499279022217,-0.9729064039408868,0.08866995073891626,54.609950738916275
64029.487200000185,8.818195152282716,-0.4713532513181014,0.11599297012302284,46.190369068541344
55138.543100000104,8.44717960357666,-0.30195312500000016,0.041015625,62.264453125000244
64105.300500000194,6.385144615173339,-0.6494017094017088,0.058119658119658114,57.45435897435924
56052.89700000004,8.26789302825928,0.6079611650485445,0.08349514563106797,38.59399999999998
42585.558800000064,9.932917976379393,0.3829145728643228,0.09045226130653267,48.25253768844221
72658.34670000031,5.88933811187744,-0.19609375000000004,0.1140625,46.4733125000001
28976.978200000027,5.5564889907836905,-0.008646616541353305,0.07142857142857142,32.8390977443609
276902.35150000104,5.9923303604125975,-0.5207243460764599,0.06116700201207244,50.93239839034238
66602.5839000002,6.299715614318848,-0.24655436447166817,0.07197549770290965,53.075513016845576
33892.405500000044,5.449006462097167,0.046026490066225216,0.08940397350993376,48.685463576158945
51727.4437000001,4.761084175109862,-0.14758909853249483,0.05241090146750524,58.2672955974844
21415.65930000002,7.626394462585449,-0.24999999999999997,0.08602150537634409,42.48602150537634
80650.89930000034,6.207977485656738,-0.33849431818181774,0.09375,47.62190340909108
56143.38090000016,6.253619194030762,-0.4148076923076926,0.05961538461538462,46.230384615384644
14187.335799999986,9.037967872619632,-0.3957983193277312,0.15126050420168066,57.575630252100844
75274.83780000027,4.724195671081542,-0.22119402985074604,0.08955223880597014,57.010910447761404
66654.5438000004,5.198630714416503,-0.29803278688524565,0.09180327868852459,50.65950819672139
35694.31880000001,8.78086795806885,0.6825949367088615,0.12658227848101267,38.942120253164546
35419.31680000006,9.946714210510255,0.7669902912621367,0.12944983818770228,23.889676375404523
132492.28500000067,6.0853189468383775,-0.1777682403433477,0.10987124463519313,45.220351931330704
33721.028999999995,9.693675804138184,-0.004377104377104209,0.10774410774410774,34.81447811447812
42319.26790000005,4.750057411193848,-0.26351706036745426,0.08398950131233596,52.24595800524935
40263.447600000065,5.886211967468261,-0.39943661971831046,0.07323943661971831,38.16340845070423
41052.517600000065,5.58041820526123,-0.27583333333333354,0.08888888888888889,38.01697222222221
73360.49930000035,5.55211238861084,-0.5174962292609354,0.08597285067873303,58.37512820512838
84503.8616000005,8.873573493957519,0.3544502617801064,0.10471204188481675,35.95916230366501
55213.939800000146,5.93407039642334,-0.35996131528046327,0.056092843326885876,65.0266924564799
76093.17490000035,9.066591835021974,-0.7818873668188715,0.0928462709284627,41.19558599695597
46926.184700000034,9.476352882385257,-0.8477832512315261,0.09605911330049262,48.82120689655173
70108.3968000002,8.474772071838384,-0.2630400000000003,0.09759999999999999,39.8998720000001
36343.207300000046,8.248101234436035,0.5483180428134556,0.12538226299694188,41.930336391437294
96622.18840000046,5.997047996520995,-0.14274285714285728,0.06628571428571428,47.32870857142876
47221.626300000025,9.282560920715333,-0.9249999999999982,0.07281553398058252,41.32160194174761
34645.01600000002,9.369013023376464,-0.48753993610223684,0.09265175718849841,47.18977635782749
76088.34740000035,6.171714210510253,-0.15907046476761666,0.08995502248875561,46.53854572713656
35046.76400000004,8.179764747619632,0.9458598726114664,0.1337579617834395,38.202579617834395
148931.4582000004,6.719755744934083,-0.4055596738324673,0.07857672349888806,51.08043736100854
31202.966800000013,6.304831123352051,-0.3093862815884479,0.1407942238267148,28.59241877256316
55163.87490000011,8.80633296966553,-0.07317073170731728,0.10772357723577236,38.42398373983739
47684.15270000003,5.357779884338378,-0.054047619047619226,0.09761904761904763,43.11071428571429
38797.75240000009,8.651350975036621,0.7552023121387283,0.12427745664739885,50.41101156069364
163709.54950000026,6.328987693786622,-0.5403991741225063,0.06951135581555402,49.97076393668307
28163.97970000003,6.708331108093262,-0.24801587301587308,0.05952380952380952,37.1452380952381
68134.19700000016,8.546074104309085,-0.8291525423728794,0.08983050847457627,42.59508474576285
97621.26100000054,5.557114219665528,-0.11343283582089587,0.07347876004592423,46.03043628013796
70142.76740000016,9.174318504333495,-0.8192868719610994,0.06807131280388978,36.362074554295
67213.9537000001,9.251422691345212,-0.8035897435897412,0.07179487179487179,32.859145299145304
51543.16960000011,8.001380729675294,-0.35538793103448235,0.0711206896551724,58.12588362068978
46359.9145000001,8.972919273376466,-0.23932038834951483,0.0703883495145631,47.2541504854369
34891.825200000014,6.8312170028686525,-0.7700000000000002,0.11333333333333333,37.93633333333334
71341.95610000024,8.60132350921631,-0.25877742946708493,0.10188087774294671,39.70173981191227
96735.19750000062,5.1982328414916985,-0.22058479532163752,0.10526315789473684,45.01964912280722
99350.01120000063,8.612025260925293,-0.17706935123042564,0.07494407158836688,42.00146532438493
34332.59650000003,6.843323707580566,-0.4393333333333336,0.10333333333333333,30.501700000000003
61392.49220000006,8.458783912658692,-0.7895522388059685,0.07276119402985075,46.30093283582101
69520.62010000019,8.719300651550292,-0.48369028006589726,0.1301482701812191,36.13283360790774
28032.697600000032,4.778420066833497,0.13647058823529415,0.09803921568627452,43.48988235294117
27804.570400000026,5.436786079406737,0.13976377952755906,0.08661417322834647,47.62917322834645
41060.58860000006,9.439799308776855,0.5540389972144857,0.1392757660167131,35.58055710306406
92218.17520000046,4.986450767517089,-0.25084134615384557,0.08533653846153846,30.7242908653847
12587.35039999999,9.518450736999512,-0.4777777777777779,0.11111111111111112,50.465740740740735
14674.591599999985,6.827863502502441,-0.28837209302325584,0.10852713178294573,60.864341085271306
138619.15020000067,4.519518470764161,-0.34375503626107945,0.08460918614020951,54.06664786462565
49752.80180000002,9.074134635925294,-0.6847417840375587,0.07981220657276995,48.711032863849766
29810.88680000003,9.235756874084473,-1.0734848484848483,0.07954545454545454,81.0977272727273
96902.04120000052,7.428935813903809,-0.8724672228843862,0.07032181168057211,47.555315852205204
38970.95230000004,9.53708209991455,0.507100591715977,0.14201183431952663,45.11636094674555
80842.1137000006,7.150197410583496,0.14438502673796788,0.09893048128342247,51.04643048128365
309261.9244000028,5.287470054626463,-0.20785638108780594,0.06825453252755065,51.643199431212494
9667.352799999993,6.543668556213379,0.366279069767441,0.08139534883720931,17.1046511627907
71672.17550000024,7.007531547546387,0.558966565349545,0.12006079027355623,35.193784194528895
33985.51830000004,9.504525566101073,0.8130584192439875,0.14432989690721648,41.71274914089347
39580.370999999985,8.29600124359131,-0.261388888888889,0.12222222222222223,43.50305555555554
45345.66010000007,7.038508796691894,0.4696078431372552,0.11519607843137256,42.4845588235294
75778.83670000036,9.094893455505371,-0.4555236728837873,0.054519368723098996,61.260989956958674
49355.061300000154,6.191721534729004,-0.5368303571428567,0.06473214285714285,60.87008928571441
90246.11500000057,6.515476417541504,-0.0038944723618089534,0.08542713567839195,43.55452261306545
57442.91520000007,7.2131750106811525,0.42851637764932615,0.11560693641618497,46.11236994219659
92448.46920000057,7.535849952697755,-0.10485678704856832,0.0958904109589041,39.16962640099634
94197.58110000058,8.150367164611819,-0.12419753086419795,0.09999999999999999,40.57497530864205
60010.706400000025,8.922440528869632,-0.5723684210526313,0.07142857142857142,36.55678571428571
46298.61240000002,6.4951280593872065,-0.038755980861243926,0.09569377990430622,28.516291866028713
33565.13320000003,9.567317771911618,0.23026315789473656,0.09539473684210525,41.503322368421024
68491.3793000004,8.664438056945801,-0.3846787479406921,0.07084019769357497,42.31187808896217
35822.6321,9.029135704040527,0.8141509433962276,0.11006289308176101,39.88962264150944
54465.43430000003,6.160630607604979,-0.2427083333333335,0.12708333333333333,45.292333333333346
38410.61260000008,8.06816997528076,-0.8165714285714275,0.05142857142857142,54.3522857142857
48870.36299999999,9.02410717010498,0.6908675799086765,0.08904109589041095,57.54155251141554
141783.71600000077,6.578851890563965,-0.8034969737726988,0.02824478816408877,25.212172158709002
25861.479600000024,8.205487632751463,-0.2337719298245614,0.11403508771929825,50.64824561403508
41737.363800000036,9.120745277404787,0.5316076294277932,0.15803814713896458,32.77198910081743
50978.419600000074,8.371300315856935,0.0508403361344537,0.05042016806722689,45.26281512605044
40042.63540000006,9.012954139709475,-0.20085714285714304,0.11428571428571427,44.547714285714264
27676.506299999994,7.613207817077638,-0.18623481781376539,0.10121457489878542,45.96032388663968
28887.397999999997,8.795373344421389,-0.023420074349442394,0.0892193308550186,32.31003717472118
28809.31260000001,6.484556007385254,0.004089219330854998,0.08550185873605949,30.418587360594803
73679.64360000033,5.869842338562011,-0.40029455081001497,0.047128129602356406,38.16599410898384
43944.76910000005,9.06388416290283,-0.7320105820105816,0.10317460317460317,34.244708994709
104154.83220000062,5.62486629486084,-0.525162689804771,0.07049891540130152,47.778449023861356
57304.15050000009,6.187799644470215,-0.30248091603053356,0.07824427480916031,27.359351145038172
71195.85000000027,8.80272274017334,-0.8896272285251197,0.09238249594813615,47.28591572123185
49976.40690000008,6.7117414474487305,-0.1311258278145696,0.07726269315673288,45.9644812362031
29668.843600000022,10.520353889465333,-0.4003921568627459,0.07058823529411765,37.496078431372545
82145.33470000043,6.240830421447753,-0.370619235836626,0.077733860342556,55.00093544137045
69765.98760000023,6.558844566345214,-0.14393700787401612,0.09133858267716535,49.51198425196858
76036.32830000052,5.6562414169311515,-0.17827298050139284,0.06545961002785516,50.236086350975114
613382.6751000024,6.0703134536743155,-0.2399112688553689,0.06299911268855368,39.40082342502144
36873.06210000006,10.116781806945799,0.7122257053291546,0.13166144200626959,29.818557993730405
35522.19320000007,9.788702201843261,0.6993527508090621,0.13915857605177995,32.22624595469255
34277.78730000005,10.05624599456787,0.6913043478260873,0.137123745819398,27.63448160535116
35598.426400000055,10.049347877502441,0.6559870550161818,0.14563106796116507,27.879644012944983
34557.37870000005,9.830928993225097,0.8287625418060209,0.13377926421404684,31.87163879598662
48885.86300000006,6.037858390808105,-0.2572429906542058,0.09345794392523366,48.30864485981307
38133.295600000085,9.377329444885255,0.5598187311178247,0.13897280966767372,40.902507552870105
65416.928600000116,8.529570198059083,-0.9130124777183574,0.10873440285204991,42.79308377896624
72862.77100000033,9.028233146667482,-0.9968102073365224,0.10207336523125998,49.567639553429196
44517.963200000035,8.275758171081545,-0.23604060913705627,0.08121827411167512,48.29852791878171
86452.20520000056,9.041320228576659,0.28381962864721494,0.1246684350132626,32.60770557029185
38729.0772,8.832184791564941,0.842939481268013,0.1239193083573487,42.24991354466858
56917.70220000019,8.762172126770018,-0.8773622047244083,0.021653543307086614,66.25885826771669
30283.495200000023,9.031005287170409,-0.7789272030651343,0.09195402298850575,42.04176245210728
226589.03619999962,6.921306800842285,-0.8120000000000046,0.0745,52.527755000000326
16653.951899999993,8.348349571228027,-0.20405405405405388,0.11486486486486487,14.981756756756758
16655.921399999992,8.042060279846194,-0.22297297297297278,0.11486486486486487,14.695945945945947
50407.32180000008,5.044028663635253,-0.5485260770975054,0.11337868480725623,49.55464852607711
30777.43930000003,5.555522727966308,-0.7172284644194747,0.0749063670411985,40.82434456928839
54302.639200000136,9.650868797302245,-0.6634920634920625,0.04563492063492063,61.80535714285723
57000.59500000009,8.727874946594238,-0.7365234374999992,0.0859375,74.97675781250028
34439.04600000006,8.533631706237792,0.8701923076923083,0.09935897435897437,30.397147435897427
90634.99180000057,6.165632438659667,-0.10392405063291087,0.10253164556962024,54.68181012658244
19849.81219999998,4.712543678283691,-0.6184782608695658,0.02717391304347826,52.13586956521739
42507.69750000001,8.559225654602052,0.6256684491978616,0.16310160427807485,41.838556149732604
16536.854999999978,9.38035945892334,-0.1945945945945945,0.08783783783783784,27.714189189189185
212452.64959999966,6.422146797180175,-0.23421330517423367,0.08025343189017951,40.92651003167931
34094.00400000001,9.642487907409667,0.4987301587301588,0.08571428571428572,41.26673015873015
155539.5532000004,7.024185371398924,-0.14438848920863306,0.08920863309352517,42.61029496402905
79967.69590000027,5.869103431701659,-0.3372126436781607,0.10057471264367818,46.220718390804734
20762.129000000008,10.724718666076662,-0.6670454545454548,0.11363636363636365,45.17840909090908
16432.804999999993,8.604417991638186,-0.1890410958904109,0.13013698630136986,18.384931506849313
39746.29880000002,8.7505033493042,-0.24651810584958228,0.06406685236768803,31.972980501392755
171516.30040000047,6.693098258972168,-0.28370565045991986,0.08541392904073589,47.347969776610014
23423.280899999987,8.353249168395998,-0.7377990430622013,0.05263157894736842,42.61966507177032
17896.1911,5.936173439025879,-0.21257861635220118,0.09433962264150943,24.395597484276724
18499.6724,5.51800899505615,-0.7384146341463417,0.07926829268292684,55.24268292682927
18558.742899999997,5.730984687805176,-0.75609756097561,0.07926829268292684,54.7829268292683
51007.31960000007,9.577697181701659,-0.3752860411899312,0.13958810068649885,49.466613272311214
42546.91840000011,5.4135957717895495,-0.17800511508951414,0.06649616368286444,65.72608695652181
126054.76870000012,6.281470298767091,-0.5420404573438878,0.09674582233948989,63.479357959543094
81514.20130000042,5.482598304748534,-0.7412398921832869,0.057951482479784364,38.33221024258773
160658.4905000005,8.86673984527588,-0.016353514265832043,0.07863604732080723,39.36960334029252
119529.80550000061,9.516323280334472,-0.6267225325884532,0.05493482309124767,50.03407821229084
79423.3501000004,8.017820167541505,-0.09237288135593227,0.06497175141242938,40.915988700565116
128768.03830000055,5.398817634582519,-0.14982905982905986,0.08547008547008547,44.18308547008569
99995.34520000068,6.820985984802246,-0.5569550930996704,0.08433734939759036,52.185761226725354
111331.15810000084,8.868222618103026,-0.7265531062124251,0.035070140280561116,57.555310621242754
182176.33420000027,6.398103904724121,-0.36593886462882,0.07860262008733625,39.6375733000626
42944.98060000005,5.5294904708862305,-0.1768617021276598,0.0797872340425532,37.07050531914891
58454.35230000007,8.341451454162598,-0.5029182879377432,0.07782101167315175,46.83603112840476
98615.33310000073,7.28911190032959,-0.6061433447098977,0.07622298065984073,51.24565415244614
56904.799900000085,9.012567329406739,-0.36755725190839683,0.061068702290076333,60.283225190839886
333364.18650000205,5.81584529876709,-0.05175324675324574,0.07305194805194805,40.3599090909094
73217.8736000004,9.029135704040527,-0.2925037481259361,0.08545727136431784,60.15518740629709
85513.56060000052,7.029130363464354,-0.5877284595300256,0.08485639686684074,47.85092689295054
54497.04220000003,9.000447273254395,-0.818609406952963,0.07157464212678938,42.01840490797549
69504.79480000028,5.230346870422362,-0.4945337620578772,0.09163987138263666,43.99519292604507
213862.8483000008,5.283263969421386,-0.627184466019419,0.07820927723840346,50.041272923409224
231705.00819999992,7.861033058166504,-0.3698813056379817,0.09149357072205735,43.3178684470824
26055.885500000022,8.239784812927248,-0.2349137931034482,0.06896551724137931,60.624568965517234
27367.96600000003,8.78480052947998,-0.45081967213114765,0.06557377049180327,54.86885245901637
65009.063100000145,8.822385597229005,-0.7155052264808341,0.08188153310104529,70.71116724738694
48948.48170000007,5.18930912017822,-0.36218678815489763,0.04555808656036446,48.13986332574029
43309.32190000005,9.731905555725099,0.25051282051282026,0.10256410256410256,34.86282051282052
81534.15450000032,8.680039405822754,-0.104741379310345,0.14367816091954022,42.617198275862144
57709.13980000008,6.638703346252441,-0.4170254403131119,0.13307240704500978,25.25772994129158
57706.175600000075,6.6016443252563475,-0.39647749510763247,0.1350293542074364,23.556751467710374
66133.52330000015,8.34551296234131,0.5139495798319332,0.12268907563025211,36.05210084033612
27084.316200000023,6.362636375427246,0.19128630705394187,0.0954356846473029,33.550663900414925
54536.74680000021,7.748086738586426,-0.5607920792079207,0.027722772277227723,71.09504950495072
51886.95790000012,5.789130973815918,-0.021398305084745644,0.0826271186440678,34.427542372881355
54000.889600000024,8.74631290435791,-0.38255319148936195,0.14680851063829786,25.909425531914888
56121.522200000014,9.03377742767334,-0.0517102615694167,0.11468812877263582,39.34267605633803
7304.380200000004,8.006280326843264,-0.19677419354838674,0.20967741935483872,65.69838709677416
17257.999399999993,10.553684043884278,-1.1068965517241385,0.06206896551724138,48.52344827586207
17256.026499999993,10.553684043884278,-1.0779310344827593,0.06206896551724138,45.49310344827586
55498.316000000144,9.897911643981931,-0.3166666666666664,0.0655430711610487,49.064606741573144
542299.9817000058,5.0204973220825195,-0.21352549889135813,0.03159645232815965,39.494150036954565
8304.685599999997,7.6520288467407225,-0.12133333333333325,0.05333333333333333,42.63599999999999
85399.10490000038,5.841934394836425,-0.6899728997289957,0.0907859078590786,62.03460704607068
70564.42350000027,6.043883323669434,-0.4642633228840116,0.09090909090909091,33.046880877742936
31498.833599999984,7.207832145690918,0.1274576271186439,0.07457627118644067,54.90545762711864
15674.039299999988,8.785251808166507,-0.2181159420289854,0.14492753623188406,44.00442028985507
41183.45740000007,9.309057426452636,0.541873278236915,0.14325068870523416,46.83143250688702
33537.68289999999,5.358689308166503,-0.6445161290322583,0.04516129032258065,51.368709677419346
105128.89840000085,8.957124519348145,-0.9948990435706685,0.04782146652497343,55.69543039319901
33926.34200000006,9.019143104553223,0.762962962962964,0.12794612794612795,39.56329966329966
27980.124000000014,9.212999534606933,-0.008300395256917018,0.09090909090909091,47.420948616600775
34643.3377,10.236757469177245,-0.6308411214953265,0.040498442367601244,71.38629283489098
76153.25730000039,5.205906105041502,-0.6272334293948114,0.05475504322766571,55.53890489913564
35705.928800000045,9.034551048278807,0.904430379746836,0.11392405063291139,38.29053797468352
35723.96720000005,9.034551048278807,0.8962025316455702,0.11392405063291139,39.68104430379744
38034.859599999974,6.522353935241699,-0.19672619047619072,0.10119047619047619,26.490803571428565
50227.4286,6.024671745300293,-0.2506578947368424,0.043859649122807015,39.55440789473683
193513.13109999866,5.162481117248533,-0.3262806236080168,0.07293986636971048,37.56582405345245
96913.6279000005,8.707245063781738,-0.7111731843575414,0.05921787709497207,58.54290502793324
102582.1784000007,8.054373741149902,-0.11960352422907512,0.10572687224669602,39.98470264317193
131149.57470000163,4.0500284194946286,-1.6268255188316518,0.011529592621060724,82.26541122213749
51518.89610000011,5.564787483215332,0.6665943600867689,0.1561822125813449,42.92952277657264
289922.0947000006,6.498652076721191,-0.41001912045889105,0.08221797323135754,35.849682600382735
27768.597300000023,6.306877326965333,-0.204564315352697,0.11618257261410789,27.578008298755176
34837.66390000002,8.498625373840333,0.5819620253164556,0.10443037974683544,42.31234177215188
71246.55550000018,8.80272274017334,0.30874999999999997,0.115625,33.079546875000005
19246.9549,7.0242422103881825,-0.10581395348837207,0.05813953488372092,28.872093023255804
21494.343100000002,6.237761116027832,-0.25257731958762913,0.056701030927835044,21.604639175257724
56025.32640000011,8.079000663757324,0.5986166007905147,0.12055335968379446,37.820592885375476
70783.3964000002,5.871661186218262,-0.26650485436893206,0.09708737864077671,43.732055016181285
34395.57240000005,8.810652351379396,0.701294498381877,0.1262135922330097,38.62915857605177
35490.412300000025,7.827573966979982,0.9153354632587865,0.13418530351437702,37.685079872204476
28291.850300000013,8.824061775207518,0.6362264150943402,0.1018867924528302,33.051396226415086
18658.020299999993,5.092455482482909,-0.2946428571428571,0.08928571428571429,49.26071428571428
53245.48500000006,9.324336433410647,-0.13822314049586804,0.10537190082644628,32.54219008264463
61500.84430000015,6.68343563079834,0.04876760563380252,0.07394366197183098,37.76711267605637
61409.473900000165,6.652685737609864,0.013356766256590467,0.07381370826010544,39.02762741652026
26855.45020000001,7.152641487121582,-0.301639344262295,0.06147540983606558,36.384016393442636
70909.80690000029,6.223721885681152,0.5238993710691833,0.13836477987421386,35.29658805031447
106163.69990000068,7.921633338928223,-0.146813186813187,0.13406593406593406,37.291241758241924
86692.07420000051,9.303448677062985,-0.6762913907284755,0.08741721854304635,42.49805298013257
105190.47170000066,8.165968513488771,-0.9034103410341043,0.07590759075907591,53.023212321232364
83342.55130000037,5.085975837707519,-0.5561141304347814,0.06657608695652173,54.92717391304367
65400.67310000014,9.055761146545407,-0.6631399317406129,0.04778156996587031,63.48054607508553
102670.1298000009,8.673785972595216,-0.9293736501079918,0.05075593952483802,58.76609071274333
260920.5609000001,5.568027305603027,-0.26170668953687853,0.10034305317324185,36.519048027444605
94955.19350000062,6.899707984924317,-0.1482717520858168,0.10846245530393325,42.87845053635293
31642.109100000023,9.153753089904786,-0.3861209964412814,0.07829181494661921,47.265907473309596
21658.53800000001,5.746899604797363,-0.24051282051282058,0.10769230769230767,46.71179487179486
48423.66480000006,7.609229087829591,-0.16241134751773068,0.1252955082742317,42.337659574468084
41525.62940000001,9.524833106994631,-0.3178660049627776,0.06203473945409429,67.45186104218382
57767.15290000006,6.466879081726074,-0.4356164383561646,0.1350293542074364,23.576516634050883
38926.834800000026,5.218297004699706,-0.18133704735376066,0.07799442896935933,59.51147632311979
27512.4093,7.101941108703613,-0.04959999999999998,0.08399999999999999,49.132000000000005
37808.26860000003,6.512463951110839,-0.025301204819277317,0.12048192771084337,37.72530120481926
63000.7063000001,9.095924949645994,0.022603978300180634,0.1193490054249548,40.03781193490057
32668.1264,6.420612144470215,-0.25363321799307986,0.1107266435986159,33.793079584775086
96330.6437000006,9.139956855773928,-0.6600698486612316,0.04889406286379511,51.74448195576274
128695.5108000008,8.618278694152835,-0.22366412213740375,0.06446140797285835,54.08227311280778
133013.1279000005,6.425613975524903,-0.40262295081967187,0.06721311475409836,54.90344262295109
130537.00300000058,6.354224205017089,-0.26443478260869446,0.10434782608695652,48.58106956521769
11174.885999999993,6.269534111022949,-0.08399999999999994,0.08,27.226
41795.59290000009,8.854619789123536,-0.3028947368421054,0.047368421052631574,45.51052631578945
65749.64760000011,7.719951438903809,-0.32075471698113284,0.10120068610634647,38.53279588336197
54211.67440000011,5.157877159118651,0.22886178861788614,0.10365853658536585,43.72117886178863
34979.75460000004,9.07574634552002,0.9153846153846164,0.11858974358974358,30.271185897435892
48442.409600000145,8.737867546081542,-0.07130242825607057,0.0772626931567329,36.044172185430455
51640.50439999998,5.70984058380127,-0.17991169977924973,0.09933774834437087,43.1026710816777
16359.59439999999,8.15771656036377,-0.2749999999999999,0.10135135135135134,30.51216216216216
28680.299000000043,10.850045204162598,-0.9453815261044177,0.040160642570281124,51.77313253012046
86908.15460000047,6.7208356857299805,-0.15486842105263202,0.09473684210526316,42.86278947368441
25205.29310000001,6.316880989074707,-0.40585585585585604,0.0945945945945946,52.45180180180182
161041.9582999999,7.708583641052246,-0.6178041543026704,0.035014836795252226,36.64997032640985
72332.05870000033,5.0651159286499015,-0.48669724770642153,0.0581039755351682,32.10261467889907
131138.99560000084,7.243640708923341,-0.3339160839160833,0.10926573426573427,43.26541083916109
78181.10770000046,8.50358943939209,-0.33704225352112643,0.08873239436619718,44.28267605633816
117747.13820000069,8.911094093322756,-0.31939163498098855,0.0988593155893536,38.685750950570494
36493.86980000002,8.697059059143069,0.650609756097561,0.13414634146341464,43.98512195121949
83876.97600000052,5.331690788269043,0.02890624999999969,0.08854166666666667,46.0636848958335
118171.34900000096,6.224062919616699,-0.20270270270270166,0.08204633204633205,45.6039864864867
305408.69110000244,5.903093147277832,-0.7086556169429155,0.06629834254143646,49.9850570902398
79647.8130000003,9.333748817443851,-0.9967647058823519,0.09264705882352942,39.06058823529419
39420.48200000004,7.576489830017091,-0.5436046511627908,0.09011627906976744,47.87790697674419
77718.31240000042,9.231953239440916,0.19496402877697847,0.08345323741007193,48.307496402877874
92757.6558000003,7.290987586975096,-0.37243902439024434,0.08170731707317073,56.79367073170754
98877.98450000073,7.930529975891113,0.01228668941979509,0.11035267349260525,42.68170648464179
45418.47060000002,6.423283576965332,-0.10852130325814527,0.13283208020050125,38.14461152882205
35187.105599999995,9.041255760192868,-0.24140127388535082,0.08917197452229299,40.46305732484079
54937.94790000006,9.388933753967283,-0.7294845360824739,0.07216494845360824,43.93569072164953
35467.13500000005,9.166517829895021,0.8092948717948725,0.13141025641025642,33.2465064102564
35177.79540000004,8.962539863586429,0.7964743589743586,0.1217948717948718,36.42724358974358
263911.96700000064,5.762985038757324,-0.1384320409032806,0.1077971878994461,42.6750234341716
35962.871700000025,8.981493568420412,0.7149681528662426,0.12738853503184713,36.35449044585986
34901.226300000024,8.663342094421388,0.7155339805825247,0.12944983818770228,44.12268608414238
79124.98590000047,7.442577171325683,-0.4517492711370253,0.10204081632653061,37.43995626822164
44955.99110000001,5.726039695739748,-0.3009546539379475,0.07398568019093077,51.52100238663486
35009.565700000036,8.912125587463382,0.7650485436893206,0.1326860841423948,36.2877346278317
35118.20260000003,9.040675544738768,0.6044871794871799,0.12179487179487179,37.331089743589736
145939.70470000026,5.376025199890138,-0.31682872101720194,0.08526551982049364,41.22431563201228
28988.54420000001,5.527444267272949,0.5626415094339623,0.13584905660377358,37.723132075471696
146806.5641000004,5.982269859313964,-0.3840978593272168,0.08944954128440367,45.82928899082591
119806.43700000088,9.282238578796388,-0.30680076628352365,0.13409961685823757,35.050507662835386
46407.4434000001,8.27698307037354,-0.6106770833333323,0.15885416666666666,40.09065104166666
45019.70220000005,6.85491886138916,-0.5026809651474531,0.18766756032171583,37.048847184986606
54704.70620000009,6.019669914245605,-0.1875510204081635,0.0979591836734694,38.19373469387756
42528.942600000104,6.596585655212404,-0.30427807486631014,0.11764705882352941,41.11981283422459
258030.3059000005,8.36279048919678,-0.517838696861346,0.04131903059197457,72.62404449741749
47645.078600000095,6.486829566955566,-0.13404255319148967,0.10874704491725769,36.922505910165484
78838.88550000037,5.715410804748536,-0.46923076923076784,0.08853410740203194,51.91089985486232
78668.96320000032,6.052579689025879,-0.2889212827988338,0.09037900874635568,44.96622448979609
91925.13990000074,7.8485906600952156,-0.47499999999999887,0.07692307692307693,43.45013221153865
23804.834500000023,5.968799018859863,-0.3127358490566039,0.0660377358490566,59.45707547169814
166365.36160000018,6.472335624694824,-0.38834231805929886,0.09770889487870621,48.759993261455776
136202.1556000008,8.991808509826662,-0.501062091503268,0.08333333333333334,55.14356209150357
95049.79420000063,6.107997703552246,-0.42780373831775514,0.04556074766355141,41.83726635514038
21630.821400000015,8.2642183303833,-0.16224489795918354,0.056122448979591844,37.695408163265306
31320.54110000003,6.152616310119628,0.013541666666666756,0.0625,33.95
58904.70620000007,6.730100440979004,-0.26534839924670406,0.0847457627118644,51.0120527306969
65087.52630000009,8.16957874298096,-0.34991181657848336,0.13580246913580246,31.392116402116397
44824.31300000007,6.120104408264159,0.732019704433498,0.12315270935960591,31.977118226600986
60460.78600000011,6.884418296813965,-0.860183486238529,0.056880733944954125,53.068440366972595
41712.16420000002,9.398668479919433,-0.4772853185595572,0.13019390581717452,54.006121883656505
105829.25640000071,6.229576301574707,-0.49731759656652275,0.07296137339055794,47.185214592274825
136445.86590000067,5.898148155212403,-0.9163920922570015,0.06013179571663921,60.58714991762804
78642.09450000047,8.821740913391114,0.17067238912732494,0.1072961373390558,39.739213161659585
116485.41860000072,4.872715950012206,-0.33857965451055566,0.07773512476007677,49.40297504798487
60347.73340000027,4.703847312927246,-0.5826492537313431,0.055970149253731345,51.39945895522398
38361.37260000009,8.385418891906738,0.8466472303207013,0.1370262390670554,33.098833819241975
32612.375900000035,8.9898099899292,-0.3634868421052638,0.05592105263157895,60.35361842105263
50707.41340000005,9.21796360015869,-0.1868921775898521,0.05919661733615222,48.3697674418605
34958.968100000064,6.423169898986816,0.7140575079872203,0.10862619808306709,31.89840255591053
56375.11889999999,9.461460685729982,-1.0051759834368497,0.08902691511387163,53.001283643892435
30591.21300000004,9.634107017517088,-0.9099236641221373,0.08778625954198473,46.030190839694654
34400.80940000001,8.649739265441895,0.8796116504854371,0.1132686084142395,28.78673139158575
56800.85460000011,9.187341117858885,-0.5130522088353413,0.10441767068273093,43.65847389558235
59025.15190000011,8.828896903991701,-0.2783625730994154,0.14035087719298245,25.029649122807008
77809.93640000043,7.814164543151856,0.17594202898550695,0.1217391304347826,42.37291304347837
37495.27709999999,8.612605476379397,-0.4975830815709978,0.10876132930513596,37.62537764350452
55927.56220000006,8.5447847366333,-0.7584521384928712,0.09572301425661914,42.4631364562118
146749.48390000034,5.451677894592284,-0.23265306122449014,0.05366591080876795,53.1438548752838
35808.081500000124,8.308830451965335,-0.20919881305638038,0.047477744807121657,52.37863501483679
35086.74670000006,10.685715293884279,-0.317378048780488,0.05182926829268293,79.90670731707328
35534.246900000006,8.872541999816896,0.7949044585987274,0.1337579617834395,40.337292993630555
43517.5715000001,9.262833595275879,0.040355329949238475,0.10913705583756345,47.83939086294414
42263.43410000009,8.850429344177247,-0.032620320855615115,0.11764705882352941,56.9775935828877
127499.56780000083,6.691449928283691,-0.11447721179624613,0.08757819481680071,38.59072386058997
52917.01330000005,5.3193567276000975,-0.3362869198312236,0.07594936708860761,42.44662447257383
78947.48830000043,7.6682279586792,0.23881215469613246,0.11464088397790055,45.11215469613275
110057.58770000053,8.762301063537599,-0.819687499999999,0.06041666666666667,56.217916666666845
16871.164999999983,9.613735008239747,-0.5256578947368423,0.0855263157894737,62.21249999999999
35341.66030000002,9.115458869934084,0.6441640378548901,0.1167192429022082,48.772302839116705
22624.384000000013,9.013083076477052,0.21407035175879402,0.1407035175879397,29.69597989949748
32579.98070000001,9.221380424499511,0.2996677740863787,0.11627906976744186,31.652558139534882
154791.3863000002,5.579281425476074,-0.4008046817849305,0.0958302852962692,48.021682516459734
52857.36420000011,8.472451210021976,0.32902542372881377,0.09957627118644069,39.735402542372896
12353.059499999987,9.711726951599118,-0.6689320388349513,0.11650485436893204,55.730097087378624
53976.65220000009,5.772533988952636,-0.3861635220125788,0.11949685534591195,27.893542976939194
32735.910099999997,9.27721004486084,0.19700996677740867,0.11295681063122924,33.34458471760798
218679.0161,5.465546607971191,-0.447190426638918,0.09001040582726327,45.59485952133227
40270.21230000004,9.393446540832517,0.41142061281337067,0.11420612813370473,57.32738161559885
15988.52979999999,8.612927818298342,-0.15563380281690128,0.1056338028169014,37.54999999999999
74822.11050000027,9.0475736618042,-0.3148545176110262,0.1225114854517611,41.08301684532934
149455.3962000003,6.226336479187012,-0.0002228826151561147,0.0950965824665676,43.89682763744449
82649.46150000038,8.906258964538573,-0.7361227336122714,0.07670850767085077,39.63542538354264
58949.91380000015,6.949044227600097,-0.3529750479846443,0.0710172744721689,43.326679462572
152578.61810000055,8.66862850189209,-0.5540099361249128,0.07026259758694109,62.66210078069587
20094.785399999993,7.363570976257324,-0.3543478260869565,0.07065217391304349,39.53858695652174
34405.55200000004,8.023815727233888,0.7498381877022658,0.12297734627831716,40.25278317152103
91868.16840000068,8.940620613098147,-0.6579804560260574,0.03691639522258415,32.60477741585252
82198.97480000036,8.594103050231933,0.47839673913043534,0.13043478260869565,41.012513586956636
36706.13320000007,8.793116950988772,0.7006153846153852,0.12615384615384614,31.313261538461532
21863.1495,9.962960243225098,-0.3536458333333332,0.057291666666666664,27.971354166666664
52248.43060000001,6.156879234313963,-0.44179431072210096,0.10722100656455143,63.81509846827141
51325.66590000006,9.171610832214355,-0.11042128603104226,0.12195121951219512,36.6929046563193
20818.235099999973,11.263932228088382,-1.1021164021164014,0.031746031746031744,73.69365079365076
36578.879600000066,7.6292932510375975,0.715384615384616,0.12307692307692308,28.832953846153845
123401.38330000064,6.766193199157715,-0.2980428704566632,0.1071761416589003,36.98520037278675
16082.547199999986,9.437091636657716,-0.3972222222222222,0.09722222222222222,35.79937499999999
42793.014899999995,4.685431480407714,0.04040404040404047,0.10101010101010101,45.30583333333333
32834.046200000026,6.085375785827636,-0.34636678200692045,0.08996539792387544,47.592733564013855
58702.2505000001,6.852020072937012,-0.6423357664233568,0.07846715328467152,72.88813868613173
88277.5526000004,5.673349952697754,-0.3395561357702351,0.14099216710182766,43.348328981723384
125683.66010000052,9.280820274353026,-0.3159090909090911,0.10454545454545455,52.18411818181844
84281.7841000005,7.9960298538208,-0.6159895150720842,0.049803407601572744,76.13158584534762
87711.46290000045,6.212922477722167,-0.29381578947368425,0.15,38.73422368421064
134340.6118000009,6.078611946105956,-0.1365833333333321,0.06666666666666668,48.84175000000026
100576.18250000066,6.338195610046387,0.17203482045701832,0.06528835690968443,35.55193688792178
17778.744099999978,11.260966682434084,-0.9261146496815292,0.06369426751592357,41.93248407643312
101363.4343000007,8.906581306457518,0.18450549450549464,0.1010989010989011,36.820890109890236
94130.80860000057,6.253221321105957,-0.5541516245487362,0.06498194945848376,38.43092659446461
16844.206699999995,8.893752098083496,-0.33288590604026835,0.12751677852348994,58.55771812080536
126253.77780000113,8.100984382629395,-0.04819700967458075,0.09410729991204925,49.990510114336324
31556.998299999992,8.5736665725708,-0.1427586206896551,0.06206896551724138,43.153793103448265
75596.9222000003,6.466651725769043,0.33471196454948304,0.08124076809453472,40.36218611521426
65401.68080000007,8.003508186340333,-0.25957820738137105,0.1054481546572935,45.94834797891043
54386.220500000054,8.923472023010255,-0.4072463768115948,0.12836438923395443,26.103726708074518
54248.67250000011,8.675268745422365,-0.16361746361746382,0.11642411642411642,42.57403326403325
36153.65990000007,5.645612525939941,-0.5958990536277603,0.050473186119873815,44.884227129337525
9989.560199999996,9.272826194763184,0.07692307692307672,0.09890109890109891,35.49901098901099
42333.761800000066,5.007083320617675,-0.05486486486486486,0.1,45.42108108108107
76328.44170000023,7.099440193176269,0.10060606060606031,0.1303030303030303,34.989409090909156
42046.85540000009,8.687904548645019,-0.09739583333333339,0.07552083333333334,61.95705729166672
15625.997999999987,9.2750825881958,-0.04592592592592593,0.13333333333333333,19.60592592592592
41860.39580000006,8.745345878601075,-0.326666666666667,0.08533333333333333,33.22026666666666
58409.50170000016,5.457759666442871,-0.10886075949367131,0.06509945750452079,55.6904159132009
18696.21099999999,9.275018119812014,-0.6487804878048785,0.09146341463414634,58.33841463414634
180927.51589999985,5.703190422058106,-0.6498485766202302,0.06299212598425197,49.84554815263512
41992.72280000005,4.206847190856934,0.059536082474226856,0.10824742268041238,44.77809278350515
41976.680300000044,4.1608076095581055,0.065979381443299,0.10824742268041238,46.12938144329897
41975.73860000004,4.224012565612793,0.06494845360824746,0.10824742268041238,46.12938144329897
42425.28939999997,4.363495445251465,0.01907216494845369,0.13144329896907217,41.69458762886598
23009.754000000004,5.762075614929199,-0.43333333333333335,0.11940298507462686,29.59253731343283
66689.57700000021,6.02319393157959,-0.306429780033841,0.0829103214890017,40.82538071065992
101025.63350000053,9.231888771057129,-0.7955223880597019,0.09644087256027555,52.0104592422505
46636.654000000075,6.133120536804199,0.17875894988066865,0.11217183770883055,46.723174224343666
37204.7922,9.95090465545654,0.41826086956521735,0.0927536231884058,36.71855072463768
46562.968499999995,9.095602607727052,-0.3305489260143201,0.06682577565632458,52.40692124105013
65042.66060000014,9.190113258361816,-0.5432337434094902,0.13532513181019332,45.05502636203873
48673.884600000034,9.09702091217041,-0.3338775510204083,0.06326530612244899,61.921224489796
54755.55740000018,5.696540260314941,0.17525354969574033,0.09127789046653144,33.10547667342799
86603.50460000051,9.2880407333374,-0.6922875816993438,0.050980392156862744,50.62222222222236
56554.30220000014,9.229310035705566,-0.24733727810650902,0.08086785009861933,66.19802761341242
28818.162200000013,5.353460121154785,-0.456488549618321,0.10305343511450382,65.40881679389311
21538.78040000002,8.666114234924319,-0.27204301075268816,0.08064516129032258,47.97473118279571
47366.923200000034,6.158300209045408,-0.3160671462829738,0.12230215827338128,26.896666666666665
81184.27750000039,8.210064888000488,-0.36573033707865116,0.0800561797752809,59.00029494382049
61420.62190000017,6.725894355773925,-0.15283687943262417,0.06382978723404255,22.13867021276597
41346.14620000013,10.218383979797363,0.3669354838709682,0.08870967741935484,39.361559139784944
47967.37560000008,9.38448543548584,0.021698113207546974,0.07311320754716981,44.33749999999999
35304.832800000055,9.071169090270995,0.7712460063897765,0.134185303514377,44.749552715654936
35271.70230000005,9.23040599822998,0.7172523961661342,0.13099041533546324,44.13581469648561
83298.40170000042,5.112064933776855,-0.48524590163934284,0.07240437158469945,63.846748633880054
193491.26840000003,8.258416175842285,0.19583828775267598,0.1272294887039239,41.953073721760106
88337.97170000039,8.864225578308105,-0.8735873850197098,0.08541392904073587,44.74993429697785
136375.51240000039,5.11610050201416,-0.3779470729751392,0.08740978348035285,45.681884522855185
50816.50930000009,8.512743949890137,-0.27133620689655247,0.08189655172413793,39.73064655172413
19576.4838,9.51922435760498,-0.45857988165680474,0.11242603550295857,26.90828402366863
37849.03850000001,9.455980873107912,-0.4544959128065396,0.051771117166212535,71.53079019073583
51546.92080000012,8.561224174499515,-0.3284188034188037,0.08119658119658121,61.38316239316254
55882.760700000115,8.71104869842529,-0.22108559498956173,0.12317327766179542,50.07747390396665
34776.852700000054,9.510005378723147,-0.24819672131147574,0.09836065573770492,45.0561639344262
32380.924000000003,9.70212116241455,-0.5461290322580635,0.06451612903225806,66.36777419354837
56217.00890000011,5.266553306579589,0.3528957528957548,0.11776061776061778,39.768938223938214
53488.653899999976,9.359987449645995,-0.7601731601731588,0.07792207792207792,44.39502164502166
61707.57370000003,9.256128883361814,-0.8186915887850448,0.08785046728971962,36.225065420560746
89257.36350000044,6.515703773498536,-0.5049429657794666,0.07097591888466413,64.25259822560228
52662.34510000006,8.539498329162598,-0.09914712153518168,0.09168443496801705,39.30961620469084
68308.79960000019,8.671980857849121,-0.2270450751252091,0.1018363939899833,49.210517529215494
39040.50919999999,7.533917427062988,-0.1761494252873564,0.07183908045977011,35.66609195402299
62021.843000000175,5.362383842468262,-0.4081669691470059,0.09618874773139746,54.35517241379324
164185.49760000058,5.7184232711792,-0.7830564784053156,0.03787375415282392,68.60977408637912
80639.83830000031,6.598120307922364,-0.26802244039270673,0.08976157082748948,46.80044880785434
69810.37650000027,9.071684837341309,-0.2996865203761748,0.05956112852664577,29.446708463949815
42746.9052000001,7.029357719421386,-0.5806282722513085,0.07853403141361257,42.61520942408375
75994.75410000035,10.181637001037597,-0.8938115330520376,0.04219409282700422,67.01322081575289
91769.5929000005,8.757852745056152,-0.5483636363636354,0.07757575757575758,51.565600000000266
52351.83570000015,8.989100837707518,-0.7492842535787312,0.065439672801636,51.192433537832386
47313.686900000095,6.489103126525879,-0.7695067264573987,0.07399103139013453,65.42421524663692
37686.93720000002,6.407539176940918,-0.21588235294117666,0.0823529411764706,45.61
116398.22430000083,8.239784812927248,-0.592596153846154,0.08076923076923076,53.58415384615421
26658.934100000028,6.218720054626464,-0.47046413502109724,0.0759493670886076,33.95025316455696
55349.415900000095,8.541303443908692,-0.8190763052208817,0.07429718875502009,50.88694779116478
40425.90680000003,5.183966255187986,-0.19571428571428576,0.11714285714285715,43.222942857142854
67352.70380000022,8.71407871246338,0.22663398692810433,0.09640522875816994,53.2001960784315
36822.53700000002,7.5334058761596685,0.7981927710843391,0.10843373493975904,36.27292168674699
174205.2374000001,8.568251228332521,0.0884142394822007,0.09708737864077671,38.75477669902941
48495.479100000055,7.759511375427247,-0.7443661971830978,0.07981220657276995,42.62514084507042
73058.4350000002,8.485602760314944,-0.8503888024883337,0.08553654743390357,40.00482115085548
62115.43990000015,8.934431648254396,-0.813114754098359,0.08561020036429873,39.246448087431745
19728.823900000007,9.470937538146973,-0.5600000000000002,0.07058823529411766,39.205294117647064
67623.50790000026,9.10443477630615,-0.9062925170068,0.09523809523809523,53.807482993197404
61157.77460000015,9.398410606384278,-0.912994350282483,0.08851224105461393,53.841845574388046
23772.715800000005,6.085716819763182,-0.5971014492753628,0.07246376811594202,46.26763285024155
26763.032300000017,9.830284309387206,-0.975510204081631,0.05714285714285715,55.029387755102036
81082.43860000042,6.033254432678221,-0.5717948717948709,0.05802968960863698,52.529298245614285
15513.04159999999,10.241721534729002,-0.18676470588235278,0.05147058823529412,38.427941176470576
34332.544,9.874896430969237,1.047491638795989,0.14715719063545152,34.39337792642141
36652.11530000003,8.633815574645997,0.8009259259259268,0.15123456790123457,40.36641975308641
48232.12700000003,6.64057903289795,-0.13026004728132395,0.10638297872340424,39.937352245862876
45729.586200000114,8.983234214782716,-0.7048611111111105,0.07407407407407407,69.80833333333351
44372.75170000008,8.806461906433107,-0.45738916256157575,0.0665024630541872,38.353448275862064
31330.446000000004,8.754113578796389,-0.5637010676156577,0.042704626334519574,64.62811387900355
55239.25240000008,9.16516399383545,-0.3414583333333334,0.10208333333333333,43.23833333333333
95302.68240000008,6.514169120788575,-0.6094562647754137,0.06855791962174941,64.08156028368823
54626.05420000008,6.532016563415527,-0.5555323590814192,0.08768267223382045,49.86367432150318
16761.984699999994,6.303125953674317,-0.2953333333333333,0.06666666666666667,46.167333333333325
187176.95249999993,6.045190620422363,-0.6755077658303504,0.04181600955794504,50.669952210275085
48305.822900000145,8.816132164001466,-0.5345733041575488,0.07439824945295405,64.94225382932181
86750.76360000046,8.872606468200683,-0.785384615384615,0.04743589743589744,77.56282051282082
35896.09080000001,7.907127952575684,-0.0608562691131498,0.07033639143730885,43.51253822629968
64534.84400000019,8.825866889953613,-0.7852836879432618,0.08865248226950354,55.94081560283708
56559.207900000125,5.255753898620605,0.018147448015122802,0.05482041587901701,37.50833648393194
36494.26569999996,9.364113426208494,-0.600568181818182,0.07102272727272727,66.95596590909093
26832.46190000003,6.404242515563964,-0.5063291139240509,0.07172995780590719,49.058270042194096
38697.377200000075,9.144340705871585,0.5553892215568869,0.15568862275449102,27.958502994011983
29483.4379,7.536532020568848,-0.0761194029850746,0.08208955223880597,31.399253731343286
52253.21440000004,8.558645439147952,-0.1528907922912206,0.12419700214132763,26.97884368308351
37731.82930000005,8.290972709655765,-0.5549253731343283,0.03880597014925373,27.889552238805962
34224.91550000002,5.86592044830322,0.044701986754966866,0.11920529801324503,37.707980132450324
35483.380000000056,9.217254447937012,0.8089171974522302,0.1305732484076433,45.64780254777068
34662.22800000003,8.714852333068848,0.8926984126984138,0.11746031746031746,39.856825396825386
84790.06620000055,6.691165733337402,-0.31560468140442155,0.06892067620286085,45.057607282184804
73089.69590000027,9.08264446258545,-0.8936507936507931,0.0746031746031746,57.83446031746044
10851.32979999999,6.565608406066894,-0.3793814432989691,0.061855670103092786,58.80206185567009
35430.842000000026,8.397023200988773,0.8337579617834403,0.1496815286624204,32.394936305732486
93385.02130000066,6.753290748596191,0.18697183098591547,0.09389671361502347,43.59260563380297
35385.73960000002,7.1638387680053714,0.7787037037037043,0.10185185185185185,39.89012345679009
57953.1622000002,5.864613151550292,-0.20747663551401843,0.07102803738317756,34.44149532710279
41615.88080000007,9.138796424865724,-0.3486486486486486,0.0891891891891892,41.72891891891891
38625.37520000004,9.11906909942627,0.6168639053254447,0.14497041420118345,41.17017751479288
37745.52170000003,8.675333213806152,0.6459701492537313,0.12238805970149252,36.67797014925374
62749.09720000015,5.530627250671387,-0.20645724258289702,0.06806282722513089,57.46980802792334
78727.87940000034,9.13002872467041,-0.45912305516265833,0.06082036775106082,50.570579915134516
37139.4433,7.009293556213378,-0.4474285714285715,0.09714285714285714,55.93314285714284
67243.24699999989,9.047057914733887,-0.4442389758179222,0.04551920341394026,32.40697012802277
49147.333100000105,8.934367179870609,-0.48283898305084716,0.07627118644067797,55.55911016949161
30174.822000000004,11.444379234313967,-0.050342465753424666,0.0410958904109589,80.00684931506854
60328.86810000005,4.776373863220214,-0.04243478260869578,0.059130434782608696,49.44208695652182
139676.13020000077,4.75932216644287,-0.5965627498001616,0.06474820143884892,65.91919264588368
68530.02960000013,9.1925630569458,-1.001525423728812,0.08135593220338982,45.70576271186449
65668.16250000012,6.481259346008301,0.019864176570458105,0.09507640067911716,45.12855687606117
162119.51190000057,5.313445472717285,-0.054178272980501596,0.08704735376044567,44.75802228412285
74877.03430000032,5.18675136566162,-1.0840667678300482,0.018209408194233688,101.93216995447702
68065.09030000027,8.435510826110843,0.017491749174917255,0.08415841584158416,42.9183333333334
36850.514500000034,9.120809745788574,0.7516819571865451,0.13149847094801223,41.33889908256879
39182.61240000002,7.169465827941894,-0.2086455331412104,0.08645533141210375,39.100288184438035
51847.185300000005,5.474072456359862,-0.2528907922912208,0.10920770877944325,23.328693790149888
134846.0356000007,5.6373140335083,-0.3147909967845645,0.08038585209003216,52.06197749196178
163804.8202,9.310024452209472,-0.4272028385570659,0.04612655233589592,32.76652868125404
62641.18890000014,7.215448570251465,-0.09379432624113483,0.09397163120567376,48.439007092198665
44123.98040000008,5.511131477355955,-0.3310606060606064,0.0404040404040404,53.11212121212123
20834.542500000014,5.0298189163208,-0.3702702702702701,0.07567567567567568,45.030270270270265
54640.09560000005,4.954166221618652,-0.34624746450304256,0.07707910750507099,49.52012170385403
61473.7807,7.822352027893067,-0.8534926470588219,0.07352941176470588,58.1858639705884
97717.18380000051,5.319697761535645,-0.14496567505720817,0.06864988558352403,48.81934782608716
51580.34700000007,9.40214977264404,0.727233115468411,0.10021786492374728,35.97716775599128
40778.09200000007,9.350639533996581,0.6179271708683483,0.1400560224089636,43.498347338935574
57862.31150000013,5.84545841217041,-0.592954990215264,0.0684931506849315,47.60802348336602
4283.908499999999,11.438899421691897,-1.2441176470588238,0.08823529411764706,131.2970588235294
28935.96930000001,7.692839241027833,0.0395604395604396,0.047619047619047616,24.868131868131865
55625.78070000015,8.609317588806153,-0.12233201581027679,0.09683794466403162,46.47588932806331
42286.49750000003,5.900705909729004,-0.3731707317073172,0.1111111111111111,41.97723577235772
62458.40250000017,6.077759361267089,-0.29688073394495285,0.11192660550458716,46.92994495412859
54021.35290000005,8.252227210998537,0.420533880903491,0.13757700205338808,37.97213552361393
200329.0688999997,8.929274177551271,0.08935558112773373,0.11565017261219794,46.50226697353317
109001.48570000079,6.689574241638184,-0.4655532359081404,0.06367432150313153,48.74927974947835
162607.8810000006,6.6642240524292005,-0.3768641114982564,0.08362369337979095,37.84203484320579
68895.46820000013,5.63629093170166,-0.5098746081504695,0.05015673981191223,34.84388714733545
69331.15860000026,7.177764320373536,0.46807131280389047,0.15559157212317665,25.138330632090756
31913.498400000044,9.173931694030763,-0.4003508771929829,0.05263157894736842,41.16526315789474
64596.44420000015,9.153237342834473,-0.22155887230514124,0.05140961857379768,59.4242288557216
28247.70210000001,4.91551570892334,-0.23802281368821313,0.06083650190114068,33.67604562737642
35924.749200000035,9.286557960510255,0.7603125000000002,0.10625,29.215624999999996
88483.43720000057,5.826928901672363,0.12466747279322817,0.0532043530834341,40.20061668681999
93072.66940000078,8.320821571350098,0.2027348394768133,0.11296076099881093,41.60322235434022
55005.2407000001,8.682876014709475,-0.5157894736842096,0.07142857142857142,45.9518796992482
48308.31740000008,8.702409934997558,-0.5709172259507831,0.0894854586129754,47.26398210290829
19809.612999999998,6.936255455017089,0.05138121546961334,0.06629834254143648,45.64309392265192
43357.484400000074,8.467035865783693,-0.5738035264483629,0.0730478589420655,49.8476322418136
36332.649500000036,8.623565101623537,0.7111445783132538,0.10843373493975904,30.821415662650608
71994.9157000002,9.15826587677002,0.11797752808988801,0.12199036918138041,45.83536115569837
38855.5767,7.490662956237793,-0.1784090909090909,0.07954545454545454,51.83892045454546
83282.59550000039,5.585249519348144,-0.34070680628272265,0.07984293193717278,38.38026178010479
72063.40060000023,8.767909812927247,-0.0782270606531884,0.104199066874028,32.24421461897355
101716.6657000008,9.132929801940918,-0.41161290322580507,0.07956989247311828,43.159150537634666
38387.06300000007,5.991250419616699,-0.675903614457831,0.10240963855421686,45.89551204819278
46564.08230000003,4.977242851257324,-0.12311435523114347,0.10462287104622871,40.38077858880778
26583.26080000002,5.508062171936035,0.01859504132231392,0.07024793388429752,51.16904958677685
49606.61970000012,8.094988822937015,-0.22748917748917816,0.07142857142857142,34.41019480519478
89999.09160000047,6.249924659729005,-0.1049321824907524,0.09494451294697905,48.61048088779305
103285.69310000079,8.93829975128174,-0.3416842105263159,0.07578947368421052,42.261726315789716
65350.11260000015,4.854470634460449,-0.5198961937716263,0.13494809688581316,46.85778546712817
108319.06890000083,8.493532371520995,-0.22382934443288244,0.09885535900104059,44.33477627471403
85395.97140000049,8.03819217681885,-0.14162436548223375,0.06598984771573604,41.75228426395955
54041.34060000014,8.38528995513916,-0.367535070140281,0.06613226452905813,39.43426853707413
51142.12560000011,6.887203407287598,-0.31777301927194906,0.07066381156316917,37.746895074946444
64037.75530000012,9.051957511901854,-0.9001785714285695,0.07321428571428572,45.43464285714295
27324.49679999999,9.43941249847412,-0.11295546558704454,0.08097165991902833,41.203238866396774
18756.2247,10.129095268249511,-0.8290697674418601,0.046511627906976744,73.83604651162791
28001.62090000001,8.564318656921387,0.19128787878787892,0.07575757575757576,28.45265151515152
46206.057800000024,7.906354331970215,-0.3817500000000004,0.10500000000000001,38.87925
61449.70670000006,9.01649990081787,-0.32052238805970185,0.11380597014925373,36.90041044776118
42474.33780000004,9.594716835021973,-0.2795811518324609,0.09424083769633508,39.80916230366491
547837.381300004,5.655218315124511,-0.3352621359223331,0.058640776699029125,66.77136116504643
20061.21030000001,4.475240898132324,-0.5779069767441861,0.09883720930232558,43.28837209302325
81640.39970000037,9.493565940856932,0.1307162534435262,0.11294765840220386,52.95155647382941
56929.83100000006,7.784122276306153,-0.36015936254980113,0.07768924302788845,53.023306772908484
61148.00460000007,9.321370887756348,-0.18066298342541479,0.10865561694290976,38.23683241252301
208363.7936999995,8.268150901794435,-0.21691253951527734,0.07744994731296101,46.490684931507204
168598.27240000013,5.725243949890138,-0.44511278195488785,0.1291866028708134,43.11587149692438
32120.87150000002,9.910676383972167,-0.6518272425249165,0.06312292358803986,56.29966777408637
57758.16840000017,4.3690088272094725,-0.2755339805825244,0.08932038834951456,57.470485436893306
70110.76250000023,8.752953147888185,0.022617124394183882,0.11470113085621972,29.482407108239094
35347.538500000046,8.675075340270997,0.7920127795527162,0.14376996805111822,27.8549840255591
44522.078700000064,4.950187492370604,-0.39423558897243133,0.047619047619047616,56.238596491228094
57223.59680000013,6.081397056579589,-0.4240776699029127,0.08349514563106797,44.54312621359225
80855.12900000042,6.558333015441894,-0.361989100817439,0.0653950953678474,46.16352861035443
55541.216600000094,5.977779579162598,-0.17125984251968496,0.08464566929133858,47.45809055118113
47747.17460000007,7.528290367126465,-0.2248847926267282,0.07373271889400922,51.892442396313356
106435.93520000088,6.70241985321045,-0.15578300921187355,0.08597748208802457,49.23916069600848
55279.73690000008,7.036689949035644,0.103765690376569,0.11506276150627615,48.91847280334731
106346.71280000053,7.2245996475219725,-0.6221985058697979,0.08110992529348987,50.128068303095226
40278.63940000009,9.49098720550537,0.338274932614555,0.0862533692722372,49.384097035040426
38828.26220000002,9.439605903625488,-0.6417391304347819,0.06956521739130435,88.10985507246394
35453.860900000036,8.308185768127444,0.7217948717948726,0.13461538461538464,38.52666666666665
58370.99560000011,6.7146402359008786,-0.034410646387832845,0.09695817490494296,48.95121673003808
35757.320200000046,8.800982093811037,0.815605095541402,0.15286624203821655,34.69815286624203
20120.10329999998,10.133801460266113,-0.8227272727272731,0.06818181818181818,49.20744318181817
18897.548499999964,10.153464317321777,-0.8509090909090915,0.09090909090909091,44.190363636363635
70909.74490000015,7.013783836364746,-0.35238095238095285,0.11587301587301588,49.94257142857152
52554.60970000013,9.290555000305176,-0.47020833333333295,0.058333333333333334,67.90375000000023
35155.919900000044,9.187792396545408,0.7328990228013037,0.1465798045602606,44.326156351791504
133597.08070000057,8.40533962249756,-0.030555555555555943,0.09343434343434343,37.523409090909304
30514.758599999983,6.6205717086792,-0.129090909090909,0.08727272727272727,46.43203636363633
30650.91159999998,6.817803001403808,-0.15563636363636354,0.08727272727272727,46.260763636363606
62919.35430000011,9.018305015563964,-1.0327205882352921,0.08088235294117647,47.012867647058954
54833.65370000002,7.187995338439942,-0.3394059405940594,0.06336633663366337,52.25328712871302
36420.00300000004,9.042931938171385,0.6193750000000013,0.134375,34.03878125
34812.24850000004,8.78899097442627,0.7612377850162878,0.13029315960912052,30.251205211726372
21347.914400000012,9.045059394836425,0.021717171717171725,0.025252525252525256,37.29191919191918
17489.73899999999,5.37750301361084,0.23273809523809502,0.04761904761904762,37.588095238095214
96459.22400000066,5.784583854675293,-0.3692913385826765,0.06749156355455568,48.84286839145128
44067.53860000004,4.759663200378417,-0.2941772151898736,0.05063291139240506,43.17215189873418
44033.547000000035,4.79183406829834,-0.29265822784810147,0.05063291139240506,39.38253164556963
44037.51110000004,4.763187217712402,-0.2987341772151902,0.04556962025316456,41.49544303797469
43963.454200000044,4.757673835754394,-0.2908860759493674,0.043037974683544304,42.18354430379747
44067.537100000045,4.763187217712402,-0.3050632911392408,0.04556962025316456,41.280506329113926
49405.08420000008,4.791606712341309,-0.38058690744921,0.08577878103837472,48.280158013544074
63002.08090000028,5.228414344787596,-0.25899653979238707,0.07958477508650519,49.25086505190322
25369.9464,8.743798637390139,-0.07330508474576262,0.05508474576271187,49.578813559322036
52727.98640000007,8.145532035827639,0.12903930131004374,0.12227074235807861,35.062052401746705
37143.32560000008,9.504396629333495,0.49,0.12424242424242425,48.01884848484849
18545.34049999999,8.800208473205569,-0.084375,0.14375,37.803812499999985
94957.21360000054,7.22778263092041,0.08966346153846136,0.12379807692307693,41.09843750000011
60555.9191000001,5.630322837829589,0.06807339449541212,0.08807339449541285,43.22477064220184
85668.18140000047,6.076054191589355,-0.4145888594164446,0.09018567639257295,45.046445623342336
63514.38260000015,8.602999687194828,-0.18556338028169056,0.07922535211267606,35.49948943661972
46105.140000000116,7.5817758560180675,-0.15595238095238118,0.07142857142857142,57.83071428571441
54803.01460000017,4.758867454528808,-0.7480392156862731,0.049019607843137254,67.288823529412
41625.44400000004,6.4321504592895495,0.2973404255319144,0.10904255319148937,23.864893617021274
51156.23419999999,6.271296119689941,-0.2230107526881723,0.10967741935483871,29.527118279569905
23306.43700000002,9.809718894958493,-0.6514563106796117,0.06796116504854369,63.209271844660186
52950.45470000013,5.231938362121581,0.24423480083857466,0.11530398322851151,38.384297693920324
180825.32340000017,5.314695930480957,-0.985579345088165,0.0743073047858942,52.06147355163763
19329.94200000001,6.702192497253418,-0.22171428571428572,0.10857142857142857,49.05428571428571
19394.83640000001,7.5645536422729505,-0.24742857142857144,0.10857142857142857,49.931428571428576
18914.259799999993,9.692644309997558,0.4312138728323695,0.10404624277456649,48.20462427745664
51960.09439999999,5.268315315246581,-0.30277185501066123,0.1044776119402985,30.849253731343282
66157.13859999987,9.678590202331542,-0.556029411764705,0.05588235294117648,25.954279411764688
46935.73830000005,5.319981956481934,-0.16433566433566427,0.07925407925407925,59.009580419580516
45285.79760000006,8.853265953063964,-0.7399509803921563,0.049019607843137254,65.55294117647082
43112.7433000001,9.035002326965333,-0.56972972972973,0.10270270270270271,55.753243243243254
47092.09360000004,8.463167762756349,0.2678403755868545,0.10093896713615023,31.895563380281686
36554.29320000006,9.465651130676271,-0.4171091445427727,0.06489675516224189,76.75224188790571
35230.99340000003,8.965505409240723,0.8799363057324848,0.12101910828025478,40.77519108280254
51592.069100000255,7.829572486877442,-0.2501968503937008,0.03543307086614173,44.73208661417328
149524.9285000006,8.410497093200686,0.0787169811320758,0.09735849056603774,44.76606037735883
40619.776300000034,7.1995336532592775,-0.08766756032171581,0.08847184986595175,39.175361930294905
31082.638000000006,6.308070945739748,-0.9040740740740737,0.0962962962962963,58.24185185185181
54922.980600000126,5.639303398132324,-0.2164658634538154,0.0783132530120482,53.24417670682741
60203.23610000021,7.343563652038575,-0.5387155963302752,0.08440366972477065,59.3297431192662
48245.94830000003,5.196243476867674,-0.03455377574370713,0.08924485125858123,35.740045766590384
34918.78730000002,9.728875541687014,-0.3729903536977495,0.08038585209003216,51.183279742765265
35395.60700000002,5.44400463104248,0.5532163742690054,0.1023391812865497,33.9953216374269
87146.8166000004,6.547419929504395,-0.47741935483870895,0.08129032258064516,41.56078709677431
47505.34700000011,4.745510292053221,-0.4141876430205945,0.054919908466819226,67.04759725400471
108578.17120000055,5.850062370300292,-0.6241413150147218,0.060843964671246316,31.228665358194412
39109.183599999975,9.198171806335449,-0.5994082840236684,0.09467455621301775,65.05535502958577
120786.05590000088,6.09327640533447,-0.4487666034155583,0.07969639468690702,46.720882352941416
132576.40320000064,6.296873664855957,-0.24545454545454495,0.07816482582837724,47.747935429057236
100873.36540000072,8.812650871276855,-0.26104190260475635,0.11778029445073612,46.79199320498323
20165.155500000008,5.2384748458862305,-0.0021739130434783064,0.05434782608695652,40.00163043478259
81085.59120000049,8.597004127502444,-0.23459383753501348,0.12745098039215685,45.5959383753503
35848.320600000065,8.304640007019042,0.7407523510971791,0.10658307210031348,34.22326018808778
61480.68620000012,9.230019187927244,-0.7374531835205979,0.07303370786516854,43.63558052434462
109133.8168000007,7.870187568664551,-0.27432989690721515,0.0752577319587629,58.357865979381636
144496.37650000048,5.820108222961426,-0.23843106180665505,0.10301109350237718,39.28496038034888
38142.631200000054,5.935832405090332,0.2827380952380952,0.13988095238095238,43.01196428571429
49204.12410000009,9.156331825256348,-0.41731207289293853,0.09339407744874714,44.724851936218684
56380.64530000007,6.62756290435791,-0.13655705996131537,0.09477756286266924,32.27524177949708
26182.332900000027,4.447958183288574,-0.09698275862068954,0.10775862068965517,44.114698275862075
99010.2785000006,7.3311159133911135,0.07968750000000134,0.0859375,50.438950892857335
23264.04299999999,4.927792930603027,0.023287671232876752,0.0776255707762557,41.67767123287669
37978.46840000004,8.757852745056152,-0.08571428571428578,0.10714285714285715,21.950892857142847
83133.49430000046,6.4781900405883786,-0.2597333333333335,0.07200000000000001,43.24736000000015
55050.55040000004,7.926597404479982,-0.27802874743326517,0.09650924024640656,50.7263039014374
73854.59750000019,9.329493904113772,-0.39733333333333315,0.07259259259259258,63.72192592592618
73755.90630000018,9.45623874664307,-1.0166139240506311,0.08544303797468353,42.455854430379816
81448.67510000037,9.159619712829592,-0.9503546099290764,0.075177304964539,47.16157446808525
75724.59590000019,9.440572929382324,-0.986482334869431,0.07834101382488479,45.427496159754384
61826.55790000022,5.402625846862793,-0.4315331010452955,0.07491289198606273,62.388362369338225
75563.0625000003,5.4008638381958,-0.17323308270676738,0.10676691729323308,44.84332330827075
99711.30160000059,9.172706794738769,-0.5047777777777771,0.07444444444444444,54.72200000000026
50858.776099999995,7.146446037292479,-0.20665188470066534,0.10421286031042129,41.128203991130825
24132.134099999952,11.208360481262208,-0.5821276595744683,0.02127659574468085,72.76212765957446
87496.15220000043,6.16790599822998,-0.09346733668341707,0.07788944723618091,52.4894472361811
52774.85400000006,7.011453437805175,-0.3825531914893615,0.06808510638297872,45.55895744680852
272317.19039999944,5.31515064239502,-0.5138877674606398,0.07993540573274122,40.1193459830444
46198.467500000035,5.673122596740723,-0.2881612090680106,0.11586901763224182,33.6498740554156
18503.968899999985,8.285363960266114,-0.12168674698795189,0.12048192771084336,27.523554216867463
12134.472899999992,10.763206291198731,-0.9500000000000002,0.06862745098039216,51.80686274509803
79466.6530000004,5.892634773254394,-0.10811554332874845,0.05639614855570839,42.84801925722163
49064.76280000011,9.245233726501464,-0.2934240362811792,0.07936507936507936,48.89319727891159
155681.62950000036,6.624038887023925,-0.1335021707670041,0.08610709117221418,41.22858900144748
33840.19350000002,9.851301002502442,0.7668896321070244,0.12709030100334448,39.632173913043474
89685.8540000007,7.556709861755372,-0.27048780487804897,0.07682926829268293,48.673658536585606
37660.024200000014,7.542443275451661,-0.06306818181818187,0.05397727272727272,45.32386363636364
25065.89600000002,9.461847496032718,-0.05545454545454545,0.13181818181818183,54.436409090909095
61053.92730000008,5.7025651931762695,-0.07643979057591652,0.03141361256544503,30.19319371727746
45420.547600000085,8.025040626525882,-0.2429648241206033,0.10301507537688441,51.98668341708542
35697.91360000005,8.4611047744751,0.6589905362776032,0.13249211356466878,36.82555205047318
37422.52680000006,8.778353691101074,0.3940652818991099,0.11572700296735904,38.48908011869436
99561.0034000007,8.023686790466307,-0.16658932714617214,0.1148491879350348,39.74364269141543
9369.740699999997,9.415365791320802,-0.3802469135802468,0.13580246913580246,22.53469135802469
66761.34860000008,9.447342109680175,-0.9311958405545903,0.07452339688041595,37.465857885615314
131699.1515000006,4.882549095153809,-0.4513466550825346,0.10165073848827107,41.03806255430087
27129.359300000007,8.583078956604005,-0.18416666666666692,0.09583333333333333,58.75462499999996
62133.742200000226,5.8399450302124025,-0.3784110535405866,0.056994818652849735,52.45975820379982
131507.93880000061,9.117135047912598,-0.7477477477477485,0.049959049959049956,60.644471744472156
56256.66399999999,5.600482368469237,0.5847619047619055,0.09333333333333334,44.4474285714286
29841.778800000044,10.480190086364743,-0.6466926070038911,0.07003891050583658,56.46420233463033
26350.13910000002,9.230921745300293,-0.971367521367521,0.07692307692307693,61.08803418803417
35364.907900000035,9.546945762634277,0.7293159609120531,0.1498371335504886,36.9700651465798
57399.93170000014,8.651415443420412,-0.34729729729729736,0.07528957528957529,52.461428571428655
53353.82459999996,6.001310920715332,-0.2077568134171912,0.09643605870020963,29.265639412997896
33746.45790000006,9.240785408020017,-0.08137254901960789,0.06535947712418301,46.33104575163398
39588.52730000009,6.70395450592041,-0.2777158774373263,0.09192200557103064,52.797827298050144
34504.84050000003,9.859295082092284,0.5903010033444818,0.15719063545150502,44.092709030100316
70311.46250000015,8.752824211120608,-0.0974193548387098,0.11451612903225807,35.24229032258066
65958.06690000024,6.048430442810059,-0.6231833910034585,0.06920415224913495,59.53929065743964
52112.58070000009,5.861771202087401,-0.5127615062761507,0.043933054393305436,50.442489539749
129312.29900000083,9.076906776428224,-0.6480966325036593,0.0314787701317716,23.378557833089403
69797.70440000022,9.80804271697998,-0.1834633385335421,0.046801872074883,54.88160686427476
34158.226700000036,9.536759757995604,-0.4289230769230764,0.046153846153846156,54.5043076923077
224298.564899999,7.439166831970215,-0.3708062093139712,0.09364046069103654,34.51192789183801
22987.471500000018,9.847690773010253,-1.1207253886010364,0.09844559585492227,54.43523316062176
57971.05500000017,8.362016868591311,-0.12924901185770762,0.11857707509881422,43.56602766798422
135291.57050000053,6.065425300598144,-0.21643270024772857,0.07762180016515277,44.79143682906713
20625.067599999995,9.483250999450682,0.10391061452513974,0.10055865921787709,27.467597765363113
84702.81970000059,4.516335487365722,-0.5272020725388598,0.060880829015544036,59.98212435233187
37988.79100000004,8.224312400817873,0.3662790697674416,0.13662790697674418,47.05002906976744
38013.09720000004,8.597584342956544,0.32606060606060555,0.15454545454545454,37.5109393939394
80698.56660000033,5.532673454284667,-0.32830985915492933,0.12394366197183099,37.67612676056344
40602.235799999966,10.003510856628417,-0.24817518248175213,0.024330900243309,46.840389294403884
58394.849600000074,9.397508049011229,-1.0494989979959903,0.10621242484969941,49.03188376753515
35592.01510000003,8.556324577331544,0.7206349206349213,0.13333333333333333,46.88234920634919
60541.26710000001,5.425304603576659,-0.22402957486136818,0.10351201478743069,32.858040665434366
60971.68810000011,9.05505199432373,-0.6642322097378269,0.0861423220973783,44.07415730337085
43525.36820000007,8.632010459899902,0.16179487179487148,0.07692307692307693,39.17358974358974
28908.272500000043,9.371140480041504,-0.15859375000000012,0.08984375,36.648046875000006
45220.271500000075,5.799305152893066,0.04419753086419738,0.10123456790123456,47.64298765432099
21330.299700000007,9.1707727432251,-0.1586387434554973,0.07853403141361257,41.239790575916224
22484.49560000001,5.389211845397949,-0.29123711340206215,0.08247422680412372,68.88819587628866
22413.244000000006,5.167028236389158,-0.3680412371134023,0.07731958762886598,66.53664948453606
58502.231100000085,8.571087837219238,-0.38007736943907156,0.07736943907156674,53.22439071566738
22429.322800000005,4.994408226013182,-0.31907216494845403,0.08247422680412372,60.10056701030928
22496.352400000003,5.0784730911254865,-0.35824742268041276,0.08247422680412372,59.40675257731956
22510.379000000004,5.088817787170409,-0.35824742268041276,0.08247422680412372,60.399536082474214
22450.282500000005,5.088817787170409,-0.3768041237113405,0.07731958762886598,61.78097938144327
80577.08000000037,6.078043556213378,-0.1577278731836199,0.08982826948480845,55.46619550858677
50291.16280000009,5.151283836364745,0.13015873015873,0.11791383219954649,44.17190476190476
23497.76160000001,9.030489540100099,-0.19386792452830182,0.08962264150943397,25.943443396226407
41914.17040000003,9.239496040344235,0.46737967914438544,0.1229946524064171,30.040106951871646
29667.636200000023,8.5524564743042,-0.07810218978102189,0.06934306569343066,47.23029197080291
59749.899300000216,9.157363319396975,-0.06672694394213376,0.05786618444846293,30.81649186256781
172865.63569999958,5.0839864730834945,-0.7736741214057511,0.04856230031948881,53.875207667731964
68936.5357000002,8.989487648010254,0.4912363067292653,0.07355242566510173,48.48826291079822
39839.09090000005,6.807458305358887,-0.6499999999999998,0.05319148936170212,58.86143617021282
84024.65520000042,6.151365852355956,-0.7461336828309292,0.045871559633027525,62.523460026212575
35036.89260000003,8.986651039123537,0.9066246056782338,0.09779179810725552,38.23570977917981
50139.82210000007,4.513493537902832,0.2993303571428572,0.11383928571428571,47.408549107142846
47330.88690000004,6.54156551361084,-0.06423690205011391,0.07517084282460136,50.75856492027339
138344.13470000087,7.699432563781738,-0.2856209150326783,0.08905228758169934,37.90638071895444
36079.65990000006,8.475416755676271,0.6473520249221187,0.1277258566978193,37.99376947040498
38704.44270000003,8.757272529602051,-0.8563798219584564,0.08605341246290801,71.7134124629081
103535.36680000054,5.624638938903809,-0.45653594771241807,0.09803921568627451,43.62996732026159
37892.07670000009,9.601357078552244,0.7621621621621629,0.12312312312312312,36.66159159159158
86599.60140000042,6.075883674621582,-0.17073170731707354,0.055198973042362,42.17304236200268
504601.80680000177,5.163902091979979,-0.510805457746481,0.07724471830985916,35.992194102112855
41360.64670000006,6.291246604919434,-0.7594240837696327,0.06806282722513089,62.882722513089035
56447.36460000003,6.1355077743530275,-0.32898832684824925,0.06614785992217899,50.04182879377444
56897.52570000006,6.155799293518065,0.09170040485829947,0.12348178137651823,35.61058704453441
26671.11400000001,6.697759056091309,0.016386554621848792,0.10504201680672269,40.32563025210085
58932.918900000135,7.751724433898925,-0.11604696673189831,0.10567514677103718,36.60688845401173
79987.9246000004,9.2126127243042,0.11891156462585052,0.0707482993197279,36.71280272108854
46211.55840000004,8.641422843933107,-0.12782805429864255,0.05203619909502263,48.36628959276021
83970.1684000005,6.299431419372559,-0.6258713136729224,0.05630026809651475,65.26005361930322
51469.865700000126,8.905614280700682,0.1800420168067219,0.06512605042016806,49.9210084033614
22009.824100000013,9.157040977478026,-0.7309644670050763,0.06598984771573604,79.39035532994923
128783.30100000028,6.3646257400512685,-1.181436077057794,0.09281961471103327,61.63830122591982
27797.788900000007,8.592104530334474,-0.19341085271317807,0.08914728682170542,30.884883720930237
49763.98650000011,7.959282875061035,0.6564444444444453,0.1288888888888889,46.82602222222222
95081.19930000062,5.284798622131347,-0.21778563015312105,0.09422850412249706,48.63829210836297
75996.00430000022,8.176928138732912,-0.28058394160583944,0.07591240875912408,52.531985401460055
49176.19060000005,7.715404319763183,-0.46822222222222154,0.05111111111111111,48.63688888888889
48061.49920000006,8.1033052444458,-0.625171624713958,0.054919908466819226,53.026086956521766
426772.5821000019,5.646294593811036,-0.6950881953867035,0.05834464043419267,56.22605427408364
84421.90690000053,5.392906379699707,-0.4048714479025696,0.10825439783491204,42.109756427605
69546.81030000026,7.037315177917479,-0.9630293159609109,0.07166123778501629,53.03713355048884
116401.86830000058,6.105553627014159,-0.25539637058261627,0.08213944603629417,45.61157593123228
91210.94900000055,8.33300609588623,-0.0630517023959649,0.10844892812105927,43.6488146279951
78727.25010000032,8.37433032989502,-0.9020086083213764,0.06743185078909614,53.77578192252533
21699.737800000006,6.590560722351075,-0.23076923076923073,0.07179487179487179,35.85902564102564
172457.94700000022,6.181547355651855,-0.5923435419440748,0.08455392809587217,46.87790945406157
96717.91640000071,6.553899574279785,-0.9050469483568068,0.07394366197183098,52.805305164319485
45815.80260000004,8.446083641052248,0.23616504854368922,0.08980582524271846,36.26191747572816
37052.071300000025,9.161231422424319,-0.35177514792899434,0.05029585798816568,52.50355029585799
144908.42630000052,6.065141105651855,-0.8133422281521027,0.024683122081387593,26.597331554369816
358181.323700003,6.232816123962402,-0.271256038647345,0.06431159420289856,46.47035929951721
35446.90180000002,8.187500953674316,0.8436305732484077,0.1337579617834395,25.60449044585987
38771.579200000015,9.262382316589353,-0.4449468085106365,0.07712765957446809,66.04071808510643
47606.10530000011,4.787627983093262,-0.38692660550458735,0.04357798165137615,61.777981651376244
32694.804100000012,5.862510108947753,-0.4575438596491229,0.1298245614035088,31.934035087719316
32260.93499999997,9.232984733581542,-0.5515050167224081,0.0903010033444816,73.57826086956526
143288.9649000006,5.795610618591309,-0.7694510739856821,0.03579952267303103,58.607955449483185
33907.72680000008,9.974371147155761,0.8765886287625431,0.10702341137123746,23.096321070234104
58042.908800000085,9.432385444641113,0.4065573770491805,0.0947176684881603,36.38763205828779
198536.5351999998,5.259732627868652,-0.4080402010050257,0.0776102735901731,51.124288107203114
53689.5658000002,6.741581916809083,-0.49698681732579875,0.047080979284369114,68.50378531073474
123741.70030000074,5.5032876968383775,-0.3829535095715591,0.09024612579762989,44.61952597994552
38263.36440000004,8.529570198059083,0.12890173410404568,0.10115606936416185,42.28641618497109
67825.69330000035,4.665651512145996,-0.6456198347107429,0.06115702479338843,59.58995041322336
35329.69700000002,8.836568641662598,0.6948387096774198,0.14193548387096774,33.87909677419354
20927.64880000001,8.705504417419434,-0.6447513812154698,0.11049723756906077,55.51552486187846
33671.96829999999,9.51116580963135,0.03602693602693613,0.10774410774410774,36.01043771043771
92125.18510000058,6.978032112121583,0.1741016109045852,0.1288723667905824,43.86456009913277
120438.47580000068,5.8016355514526365,-0.4638278388278376,0.06043956043956044,45.668589743590026
53554.42470000004,9.08967151641846,0.24300626304801726,0.10020876826722339,48.60795407098123
33991.26910000001,5.572347068786621,-0.15016501650165018,0.10891089108910891,35.55910891089108
35375.59730000003,7.132634162902832,0.6921875000000007,0.10625000000000001,44.920749999999984
52049.55050000007,6.297498893737793,-0.371488469601677,0.05660377358490566,48.75220125786168
34285.50050000007,8.486440849304202,0.7371794871794883,0.10576923076923075,43.291057692307675
47799.49170000022,9.117263984680175,-0.24705882352941133,0.058823529411764705,51.9313445378152
137753.6519000004,5.7178548812866214,-0.18715890850722217,0.06179775280898876,47.15803370786548
37282.615800000036,9.537017631530762,-0.6518950437317784,0.07580174927113703,76.43644314868813
61566.87110000012,8.942425727844238,-1.013345864661652,0.09586466165413533,41.84682330827075
77241.79860000036,9.377071571350097,-1.0144130757800882,0.09658246656760772,40.879063893016465
136693.0407000005,8.177637290954593,-0.015561015561015712,0.10892710892710894,37.15087633087651
40694.96390000015,4.769780540466309,-0.3694736842105264,0.06578947368421052,78.81528947368439
50574.7707000001,6.11282901763916,-0.3803097345132742,0.07964601769911504,48.001349557522126
60533.25310000015,6.101802253723143,-0.25247706422018396,0.03302752293577982,43.81633027522944
70336.15870000032,7.8327314376831065,0.3684615384615391,0.10923076923076923,36.63693846153854
35914.45970000005,9.718173789978025,0.5876582278481021,0.12974683544303797,39.43927215189871
35263.82140000005,7.982942771911622,0.7554140127388538,0.1178343949044586,31.811815286624203
36390.25690000005,7.8967485427856445,0.75046439628483,0.11764705882352941,37.356068111455095
35218.33610000004,8.532277870178223,0.5807692307692309,0.11538461538461538,37.99846153846153
35421.592500000035,9.025847816467284,0.6596153846153846,0.13141025641025642,39.462596153846135
45810.74770000014,8.297161674499513,-0.38418491484184875,0.046228710462287104,42.03163017031629
56460.080300000016,6.32614574432373,0.27499999999999986,0.04444444444444444,47.06777777777784
40402.702700000125,8.584110450744632,-0.22670299727520463,0.07356948228882834,47.85970027247956
54046.973400000075,6.598688697814942,0.5503080082135527,0.11293634496919917,34.742320328542085
54150.56880000014,5.494022941589355,-0.3695378151260504,0.13865546218487396,34.38680672268906
156264.83829999997,6.606702995300293,-0.3149566473988438,0.125,38.516293352601394
35203.699800000024,8.503138160705568,0.753205128205129,0.125,40.39141025641024
20305.788000000008,5.994490242004394,-0.5655555555555559,0.08333333333333334,50.59999999999998
20433.917200000007,5.994490242004394,-0.5817679558011053,0.08287292817679558,51.43977900552484
115416.67300000094,5.870297050476074,-0.13120300751879715,0.07236842105263158,46.30499060150398
38517.907800000015,8.848688697814943,0.7163265306122454,0.10787172011661808,37.73915451895042
19470.740999999995,5.987953758239747,-0.5226744186046512,0.0872093023255814,61.343604651162785
68742.51170000018,8.999286842346194,-0.730629139072846,0.07947019867549668,38.43857615894047
30365.733800000024,9.085287666320802,-0.40714285714285725,0.08270676691729323,45.056804511278195
51777.44640000007,7.309232902526856,-0.12052401746724922,0.07641921397379914,47.00393013100436
45565.89760000003,9.016113090515137,-0.4437185929648242,0.08542713567839197,45.66231155778893
14617.445599999974,9.059758186340332,-0.6857142857142862,0.04511278195488722,57.90676691729322
38405.19720000009,7.190780448913575,-0.5214285714285708,0.07142857142857144,49.364835164835135
69219.5263000002,9.192949867248537,-0.9270450751252073,0.08013355592654425,46.849415692821474
20575.4007,8.802593803405763,-0.6712707182320445,0.03314917127071823,68.53149171270717
29488.246800000015,6.430388450622559,-0.026296296296296293,0.1037037037037037,41.215962962962955
29262.78930000001,5.850062370300292,-0.09592592592592594,0.09259259259259259,44.529666666666664
15017.819499999978,7.909642219543457,-0.621481481481482,0.04444444444444444,61.148888888888884
170512.07550000033,6.195359230041503,-0.4923949299533023,0.07738492328218813,52.2972915276854
26952.227300000006,5.706259727478028,-0.5698347107438021,0.05371900826446281,67.1227685950413
245138.25489999977,6.316596794128418,-0.186580286904211,0.1022674687644609,50.56998611753851
43086.138700000025,9.329751777648926,-0.4496332518337414,0.03667481662591687,55.9303178484108
35822.55620000004,9.005411338806152,0.8082802547770704,0.1496815286624204,27.959617834394905
103240.12000000064,5.367215156555175,-0.5066592674805755,0.07547169811320754,44.09579356270827
433709.53079999733,5.030671501159667,-0.6772554965883241,0.03891837250442254,60.01296436694355
398731.9268000053,5.136050987243652,-0.2951145459563905,0.11123378415677615,46.20927132210899
458383.3197000072,5.052440834045409,-0.5137606032045269,0.06644674835061262,45.35829406220501
39091.338200000035,8.98832721710205,0.5805309734513279,0.1504424778761062,35.866135693215334
23225.84180000004,8.078098106384278,-0.2955000000000003,0.085,49.134499999999996
543999.2754000088,5.570073509216308,-0.18481984642646335,0.05355384918291002,45.903390431186274
94223.31060000056,5.17765712738037,-0.6406759906759893,0.037296037296037296,60.650815850816194
18703.442300000006,9.296872901916505,-0.8515337423312884,0.018404907975460124,69.22699386503065
30549.384200000044,8.314052391052247,-0.5155893536121673,0.12167300380228137,48.99467680608365
59365.95110000012,7.550287055969239,-0.09797421731123386,0.057090239410681407,32.55156537753223
20953.900300000005,9.476352882385257,-0.7405940594059408,0.04950495049504951,79.52970297029704
23997.818300000017,5.864556312561034,-0.3143540669856459,0.13875598086124402,43.19521531100478
79918.25890000032,6.0615034103393555,-0.7559440559440554,0.03496503496503497,79.39527272727308
75315.78780000024,6.196041297912598,-0.6474150664697186,0.0413589364844904,60.94744460856739
159314.2103000002,8.000091361999512,-0.7902474526928724,0.08951965065502183,62.927510917030965
43123.11150000009,7.521526527404785,-0.5853846153846158,0.07435897435897437,49.55825641025639
67747.65280000023,9.098826026916505,-0.6079470198675483,0.07947019867549669,51.16923841059622
135361.00870000033,4.984290885925293,0.04065757818765005,0.0673616680032077,43.44859663191686
73460.2939000002,7.8485906600952156,-0.256801195814649,0.08370702541106129,49.5451718983559
211340.9532000004,8.221862602233887,-1.1409190371991313,0.06838074398249452,58.401422319475316
25122.225600000012,6.574759483337403,-0.9394495412844035,0.05963302752293578,50.27844036697247
28376.699000000026,9.781094932556147,-0.02008196721311474,0.10245901639344263,43.9327868852459
95679.00110000049,5.880187034606934,0.032777115613826006,0.10846245530393325,43.04531585220513
101222.45140000073,6.417940711975096,-0.6446448703494918,0.08906426155580607,66.0585231116125
114223.43860000087,7.097848701477051,-0.37128810226155134,0.063913470993117,53.57709931170135
111836.79590000107,5.938617515563965,-1.2476470588235309,0.020588235294117647,75.36558823529428
35357.25570000005,10.0590181350708,0.7834951456310695,0.12944983818770228,28.984498381877025
138562.6807000009,6.2112741470336905,-0.7968622100955,0.030695770804911322,30.175989085948526
48442.33840000007,9.332588386535647,-0.9321678321678303,0.06060606060606061,65.78275058275068
42696.81679999993,9.14795093536377,-0.26467780429594306,0.03818615751789976,49.193794749403324
31636.084600000002,9.397894859313965,-0.5968858131487885,0.08996539792387542,52.20103806228373
37326.931500000035,9.414785575866702,-0.5499999999999995,0.07344632768361582,60.65790960451977
63629.31960000018,6.597381401062012,-0.933037300177619,0.058614564831261096,58.30799289520444
50301.192000000075,9.019143104553223,-0.44117647058823534,0.06722689075630253,61.96785714285728
53657.91460000002,7.80501003265381,-0.9369978858350931,0.06553911205073995,43.09112050739958
35402.01080000003,8.710919761657713,0.7591194968553463,0.09748427672955974,48.71072327044024
73487.52570000032,5.967889595031737,-0.5741176470588231,0.047058823529411764,65.39751470588266
44405.4303000001,7.865739250183106,-0.6701492537313427,0.07960199004975124,56.223134328358256
83634.71160000032,8.337389945983887,-0.5598709677419356,0.05935483870967742,67.13072258064551
63524.54820000012,5.581498146057128,-0.27666068222621215,0.10951526032315978,46.22998204667867
35116.16440000003,7.559153938293457,0.793333333333334,0.1365079365079365,45.01050793650792
35009.19030000004,8.40140705108643,0.872121212121213,0.09696969696969697,38.47060606060605
45533.636100000076,6.352178001403809,-0.16834170854271382,0.13819095477386933,43.52989949748744
28128.723100000014,9.399506568908691,0.2765384615384613,0.08461538461538462,36.49615384615385
82952.85850000044,6.753290748596191,-0.390983606557377,0.10109289617486339,42.01230874316959
18621.884500000015,4.1760972976684565,1.0706896551724128,0.13793103448275862,29.484482758620683
49409.37480000003,9.326141548156738,-0.20913242009132452,0.09360730593607305,35.779474885844735
47695.00340000008,8.850171470642092,-0.32765957446808536,0.09692671394799054,35.14210401891253
47225.635700000035,9.261737632751462,-0.22966507177033507,0.10047846889952153,31.56483253588517
47441.33490000012,9.007925605773927,-0.6866666666666668,0.08333333333333334,67.1928809523811
44240.704500000094,8.564060783386232,-0.7109489051094885,0.07542579075425791,61.282238442822475
111109.1377000009,6.028536796569824,-0.8102459016393468,0.07889344262295082,60.504415983606876
48314.38230000004,6.240603065490721,-0.10658823529411768,0.10588235294117648,36.13884705882354
100144.64160000032,6.865831947326661,-0.5435675675675671,0.059459459459459456,68.90185945945987
51022.91530000008,9.71308078765869,-0.7356989247311818,0.043010752688172046,50.693333333333364
37880.83760000005,7.613207817077638,0.7370165745856362,0.0856353591160221,35.33922651933702
36042.8393,6.335296821594238,0.9352941176470596,0.11145510835913311,37.618916408668724
44794.457500000106,9.034164237976075,0.07007672634271085,0.12531969309462915,33.98439897698209
41622.68730000008,10.035551643371583,0.508072916666667,0.09114583333333333,45.27473958333334
91980.81950000049,5.340046119689941,-0.13639751552795057,0.1267080745341615,46.95853416149082
44288.488600000055,7.880373573303222,-0.017128463476070516,0.11335012594458438,23.027707808564234
23820.28370000003,6.374515724182129,-0.2014018691588786,0.08411214953271029,42.14065420560748
57356.28080000004,7.217494773864748,-0.47185039370078724,0.11811023622047243,35.899409448818915
62303.23100000013,8.061852073669431,-0.20462107208872501,0.09426987060998152,44.05364140480599
14992.938399999985,5.904229927062987,-0.0711267605633803,0.049295774647887314,48.29795774647887
34950.01130000003,7.60223789215088,0.7073954983922836,0.12861736334405144,36.42096463022507
46502.08530000002,4.710270118713378,-0.69341463414634,0.09268292682926829,45.82658536585363
35196.86839999993,9.018176078796387,-0.6142011834319527,0.09763313609467456,59.3000591715976
53000.838000000076,4.926997184753417,-0.5332622601279318,0.1023454157782516,51.84520255863545
80657.34470000037,5.308443641662596,-1.4379259259259265,0.057777777777777775,79.98237037037066
37713.373900000035,6.785461616516113,0.7235632183908057,0.10632183908045977,37.858103448275855
81693.34920000038,8.466326713562015,0.38164116828929173,0.14047287899860916,30.877079276773316
15423.012799999979,10.791443443298341,-0.9947368421052635,0.07518796992481203,22.74060150375939
157596.213,8.402567481994634,-0.2339410939691434,0.0694249649368864,53.442230014025625
40128.03780000004,9.53437442779541,0.38980169971671347,0.11898016997167138,46.11025495750707
75340.92880000036,9.43515758514404,-0.9756965944272429,0.0913312693498452,55.9412074303407
36729.90280000004,6.633417320251465,0.6886227544910188,0.09880239520958084,43.44371257485029
24816.91800000003,10.08770656585693,0.9517699115044254,0.0663716814159292,34.73893805309734
34765.094300000026,8.379487800598145,0.6607142857142867,0.1396103896103896,32.28220779220778
38250.72990000007,8.54272174835205,0.5783382789317514,0.12759643916913946,48.79617210682492
43883.34960000007,6.11049861907959,0.17124352331606202,0.13730569948186527,46.61792746113987
64321.6584000002,8.812199592590332,-0.09618874773139754,0.12159709618874773,49.657404718693364
61111.11240000011,8.80433444976807,-0.10919540229885068,0.12452107279693486,45.381245210728
41354.04430000008,8.44595470428467,0.4576177285318564,0.1412742382271468,48.806398891966744
36483.07230000003,9.169741249084474,0.8250000000000005,0.12962962962962962,40.57749999999998
56053.862000000074,5.303271293640137,-0.6789690721649471,0.08865979381443298,45.88762886597945
109243.0858000008,5.306624794006347,-0.39049111807732345,0.11494252873563218,36.59855799373056
13185.922599999987,4.453642082214355,0.9921739130434777,0.13043478260869565,50.62347826086957
37913.31340000005,5.028852653503418,-0.4266853932584264,0.06741573033707865,85.76067415730355
135366.09150000056,5.639246559143066,-0.2270382695507486,0.09151414309484193,42.43269550748777
76784.6332000003,6.11618251800537,-0.6283823529411762,0.07647058823529412,57.34411764705902
95042.97990000066,8.216705131530762,-0.405485714285713,0.05828571428571429,52.032800000000215
36336.11980000006,9.939300346374512,0.6575471698113213,0.1509433962264151,42.12962264150943
55200.62750000006,5.939697456359863,-0.6583333333333333,0.10416666666666666,34.57627083333331
30770.612000000016,7.102111625671387,-0.6706713780918732,0.07420494699646643,78.54134275618377
93695.69290000055,7.817452430725098,-0.3733333333333323,0.07142857142857142,43.87715476190493
69216.39750000028,6.471596717834472,-0.1065749235474012,0.05504587155963303,47.78425076452616
196685.18670000066,6.68082103729248,-1.0845614035087776,0.07192982456140351,57.53164327485419
33989.31050000002,6.388952827453613,-0.12290322580645158,0.1,52.53906451612904
35369.05730000005,8.83798694610596,0.8198717948717957,0.14102564102564102,38.91227564102562
38892.21180000004,6.208773231506346,0.5186781609195409,0.15517241379310345,34.05149425287355
44263.32600000006,5.683694648742676,-0.768205128205128,0.02564102564102564,51.06153846153847
34071.95800000004,9.061369895935059,0.5731391585760521,0.10032362459546926,40.348284789644
60001.103200000216,8.635749626159669,-0.3238721804511278,0.07894736842105263,51.99755639097754
30290.442400000036,9.494532966613772,0.4639705882352935,0.10294117647058823,25.763602941176465
40086.79860000009,9.353347206115721,0.49943820224719127,0.12359550561797752,36.75168539325842
51197.982500000144,6.996788978576659,-0.553177966101695,0.059322033898305086,75.83834745762736
46461.44090000013,8.838373756408693,-0.8779156327543421,0.10421836228287842,61.82952853598023
36049.73580000004,8.501655387878419,0.7820987654320999,0.09567901234567901,46.706512345679016
128300.6454000006,5.334419059753418,-0.643375680580763,0.10163339382940109,44.509637023593655
36506.241300000016,8.962539863586429,0.7681114551083594,0.13312693498452013,28.630990712074304
42491.29890000003,6.029787254333496,-0.20053191489361746,0.09840425531914893,37.66813829787234
82859.71220000052,9.293585014343261,-0.5634538152610429,0.07095046854082998,51.73321285140581
34672.12220000006,8.522220802307132,0.7866449511400658,0.1237785016286645,24.274918566775245
35530.88030000004,8.74837589263916,0.72411575562701,0.14790996784565916,38.96440514469453
36580.673700000036,9.183859825134277,0.8100313479623831,0.13793103448275862,30.758401253918493
88975.15620000036,6.031265068054199,-0.7851385390428217,0.06171284634760705,52.0479848866501
26537.40820000002,8.792794609069826,0.6556962025316458,0.12658227848101267,34.70886075949367
44239.34510000007,9.742671775817868,-0.6176616915422881,0.03980099502487562,73.46940298507477
29044.128,8.066687202453611,-0.12972972972972963,0.08880308880308879,24.21969111969111
37762.51550000003,9.22976131439209,0.6961194029850752,0.13134328358208958,44.06811940298507
101940.76020000075,5.92236156463623,-0.9817168338907467,0.05239687848383501,60.71092530657784
42387.76630000003,6.112487983703613,-0.1863387978142078,0.14754098360655737,41.2486612021858
66971.75910000029,8.840436744689942,-0.37145328719723186,0.10380622837370242,42.11939446366786
41681.66920000007,9.0882532119751,0.318630136986301,0.10684931506849316,39.64276712328766
264610.1116000013,5.017655372619628,-0.13467913302167425,0.10582235444113897,48.26006374840656
36710.53610000002,8.315599632263183,0.5981308411214955,0.13395638629283488,44.33996884735201
53544.354400000055,9.22131595611572,-1.1127192982456116,0.10087719298245615,41.91589912280704
80360.61960000049,6.383894157409667,-0.5779149519890258,0.05349794238683128,57.716323731138765
175787.80150000055,6.222641944885253,0.08003888528839974,0.10952689565780946,36.27440699935216
26158.709600000035,8.689903068542481,-0.4303030303030308,0.06926406926406926,47.39134199134198
18234.04290000001,9.28198070526123,-0.42025316455696243,0.06962025316455697,47.84303797468353
81200.8200000004,8.11581211090088,-0.8625538020086069,0.10616929698708752,45.58513629842193
67085.90910000016,8.590879631042483,-0.8963730569948165,0.10017271157167529,35.7203799654577
47515.43980000005,8.85094509124756,-0.8449631449631436,0.09582309582309581,45.41916461916462
94383.04170000057,8.423713111877444,-0.9760493827160481,0.09506172839506172,46.550666666666835
19159.31189999999,9.659314155578613,-0.04397590361445777,0.10240963855421686,23.16626506024095
55391.73700000008,6.350813865661621,-0.5789795918367334,0.0673469387755102,45.49757142857143
45713.48830000006,6.545146369934082,-0.8533333333333335,0.08148148148148149,63.63629629629635
35226.98990000003,8.984265708923342,0.9112852664576813,0.09404388714733541,33.81068965517239
51771.89600000001,6.392249488830567,-0.7022172949002211,0.10421286031042129,53.79514412416862
40369.859900000025,6.433230400085448,-0.925797101449274,0.0927536231884058,53.29101449275361
9643.0138,9.515420722961426,-0.6413793103448282,0.08045977011494253,23.342528735632182
117400.97640000063,5.386085700988769,-0.591715399610137,0.06725146198830409,49.50867446393791
100714.45360000065,7.1927698135375975,-0.25917431192660545,0.12270642201834862,43.11563073394511
56136.376200000166,6.314436912536622,-1.0074656188605116,0.06876227897838899,78.58408644400818
26487.490899999983,4.779556846618653,-0.062348178137651755,0.08502024291497975,34.16842105263159
49202.98530000007,5.129116630554199,-0.3963553530751711,0.04783599088838268,47.83166287015945
289615.84570000204,7.069088172912598,-0.3777992277992283,0.06640926640926641,49.13734362934399
25933.048899999994,6.957115364074707,-0.648497854077253,0.06437768240343347,58.45751072961375
47308.82540000008,9.378554344177246,-0.5751708428245997,0.0592255125284738,74.02642369020523
45786.878900000025,9.76471996307373,-0.576498800959231,0.06474820143884892,72.38633093525196
45819.95190000002,9.823063850402832,-0.5788968824940033,0.06474820143884892,72.73645083932871
45779.86150000003,9.582532310485838,-0.590144230769229,0.06490384615384615,70.35000000000015
45891.974800000025,9.74338092803955,-0.613942307692306,0.06490384615384615,70.80096153846169
43609.60160000005,9.364758110046388,-0.5536764705882341,0.06862745098039216,71.37328431372568
88414.48420000044,5.2709867477416985,-0.40350877192982426,0.07268170426065163,41.123696741854744
77204.85680000033,5.609121894836425,-0.7336231884057965,0.05797101449275362,52.55349275362337
37328.95519999998,8.975884819030764,-0.49221556886227613,0.12275449101796407,22.643143712574858
90363.33430000053,9.008892631530763,-0.8582262210796897,0.09254498714652956,43.76915167095136
77203.40280000021,8.813102149963381,-0.8558912386706932,0.09516616314199397,45.55167673716025
62727.06370000005,8.366851997375488,-0.8536585365853647,0.11069418386491557,42.10956848030023
29274.35370000004,6.492229270935058,-0.14787644787644794,0.0694980694980695,44.692277992277994
23626.504399999987,9.691354942321777,-0.7581395348837212,0.06976744186046512,57.88744186046509
184284.05500000017,7.048000907897949,0.09332096474953692,0.10636982065553494,40.1726221397653
78586.17010000037,7.773380088806152,-0.23086592178770923,0.09217877094972067,42.237583798882795
46025.55650000002,8.661408042907716,-0.48304239401496235,0.08478802992518704,49.083790523690766
32214.4334,5.894851493835449,-0.12465277777777772,0.1111111111111111,44.63232638888892
22531.363599999986,7.608262825012208,-0.516504854368932,0.0970873786407767,78.99029126213593
38409.047500000015,9.211645698547361,0.4336309523809527,0.1279761904761905,37.99142857142858
76470.68410000051,6.341890144348144,-0.16069986541049713,0.026917900403768506,54.74441453566643
64082.6944000003,5.551771354675293,-0.5575551782682507,0.06281833616298811,54.99456706281854
54497.23370000001,9.425358390808107,-1.0586864406779635,0.07838983050847458,37.29661016949152
35498.97180000002,8.709759330749513,0.8009554140127391,0.14331210191082802,37.70608280254777
51714.47320000001,9.071878242492676,0.07167381974248929,0.09227467811158799,38.24358369098711
33993.17330000002,6.276241111755371,0.8277777777777791,0.12091503267973855,42.44676470588234
35770.350200000015,8.946680641174318,0.6896226415094348,0.11949685534591195,27.670157232704405
56835.4085000001,9.526380348205567,0.06442307692307672,0.09615384615384616,51.323307692307786
87971.6430000006,5.758381080627441,-0.08554987212276216,0.07161125319693094,45.10998721227635
36347.12340000005,9.392286109924317,0.7746130030959765,0.11455108359133126,32.70278637770896
22170.898099999995,5.55444278717041,-0.3054726368159206,0.08955223880597016,30.040298507462687
38848.549700000025,9.088511085510255,0.4323529411764706,0.12941176470588234,45.65473529411763
81782.50090000035,8.396958732604983,0.219753086419753,0.11659807956104251,35.32292181069966
22016.70989999999,5.254162406921386,-0.2691542288557215,0.08955223880597016,30.26567164179104
32054.161200000042,5.842730140686036,-0.12987012987012983,0.03896103896103896,16.676298701298695
38960.48540000003,9.838213920593262,0.6363112391930852,0.1037463976945245,34.345561959654184
26536.938999999988,5.637257194519043,-0.0016194331983805045,0.08097165991902834,32.06477732793523
26557.791099999988,6.077418327331542,-0.15222672064777323,0.08097165991902834,30.181781376518213
29716.84389999996,6.606816673278809,-1.0153256704980846,0.09578544061302682,63.37432950191568
52634.66050000011,9.35263805389404,0.2391213389121343,0.11715481171548117,60.06759414225955
46597.88280000009,8.733354759216308,-0.4790155440414508,0.17098445595854922,41.49176165803109
45923.810400000075,5.740931510925294,-0.37513089005235634,0.1806282722513089,33.35450261780104
22825.625400000008,7.523402214050294,-0.577368421052632,0.17368421052631577,41.97847368421052
72964.07360000032,6.515305900573731,-0.7846041055718476,0.0469208211143695,61.839882697947544
22510.72660000001,6.314266395568848,-0.12914572864321605,0.08542713567839197,36.47899497487436
136064.79240000056,8.858101081848144,-0.5810766721044051,0.0734094616639478,46.141941272430984
79014.72530000034,9.149369239807132,-0.24398280802292224,0.07020057306590258,52.78285100286551
74890.9957000003,8.997223854064941,-0.20680786686838087,0.07715582450832073,53.05284417549185
79234.77770000033,9.195335197448731,-0.2716738197424889,0.07439198855507868,52.40977110157386
79250.77710000033,9.195335197448731,-0.2746781115879825,0.07439198855507868,52.28831187410606
79216.89320000034,9.144147300720217,-0.2542203147353358,0.07296137339055794,53.82321888412035
79166.85940000034,9.258320808410645,-0.2592274678111584,0.07010014306151645,53.576151645207624
41402.36920000005,7.465255928039551,0.5369444444444452,0.1638888888888889,29.832250000000005
37563.74130000001,5.315377998352051,-0.5732732732732739,0.12312312312312312,37.696756756756756
103852.59900000064,5.307647895812988,-0.5973154362416101,0.07829977628635347,43.18088366890393
81316.41080000039,6.707933235168457,-0.3647867950481434,0.06052269601100413,30.27620357634115
188913.262400001,7.024014854431152,-0.7640279394644968,0.050058207217694994,67.56461001164182
67599.54880000018,6.001879310607909,-0.5928134556574914,0.05045871559633028,57.97937308868521
56043.47210000006,5.540176200866698,-0.5054216867469863,0.0823293172690763,54.09180722891577
90887.02450000063,6.106008338928221,-0.2321608040201005,0.10301507537688442,42.06896984924641
36117.26690000007,9.246909904479981,0.4654205607476633,0.1059190031152648,41.87352024922118
71721.65930000022,5.322767066955566,-0.29984101748807623,0.10015898251192368,40.212114467408625
39808.37790000007,8.662761878967284,0.5450549450549456,0.11538461538461539,39.89626373626373
47578.05390000001,9.167936134338383,-0.5125890736342041,0.09263657957244656,40.90142517814726
51109.9415,9.601486015319825,-0.25698689956331955,0.061135371179039305,41.780567685589524
44477.89460000007,9.08876895904541,0.3299741602067183,0.12919896640826872,37.83565891472868
41849.066900000085,9.336714363098146,0.3619834710743801,0.1322314049586777,38.89393939393939
19126.993,8.6679838180542,-0.34970059880239523,0.08982035928143711,42.56047904191617
52001.47220000009,9.058146476745605,-0.19977876106194734,0.11946902654867256,45.17081858407079
65840.00020000048,8.3791654586792,-0.4094043887147344,0.0658307210031348,48.841536050156925
127311.1961000005,7.870252037048339,-0.5223097112860889,0.05599300087489063,52.667016622922404
29357.251800000013,9.536050605773926,-0.43713235294117686,0.029411764705882356,54.695955882352926
34990.952500000036,8.879053306579593,0.5803125000000005,0.1,42.93346874999998
60269.582800000084,9.429742240905764,0.009961685823754557,0.11685823754789272,43.00402298850579
48130.560900000084,6.0946973800659165,-0.806872037914691,0.05450236966824645,46.71587677725118
21482.241999999984,8.952224922180179,-0.48787878787878813,0.04040404040404041,54.72979797979797
93026.27060000066,5.397226142883301,-0.6996381182147153,0.026537997587454766,55.04041013269024
59986.74070000014,9.040095329284668,-0.11344383057090264,0.06998158379373849,38.68342541436464
204744.2897000002,5.470605278015137,-0.9824601366742652,0.040432801822323464,60.04339407744918
35785.82660000003,8.007440757751464,0.76055900621118,0.11801242236024845,32.69447204968944
84673.41280000046,8.828961372375488,-0.7070844686648489,0.09536784741144413,42.980122615803964
67196.41180000028,9.670660591125486,-0.392370129870129,0.05844155844155845,53.308441558441686
121976.1597000008,5.834261131286621,-0.4934046345811065,0.040998217468805706,64.24911764705926
9877.395299999993,8.845658683776854,-1.4202247191011232,0.0,98.33146067415728
36600.31440000005,8.747666740417483,0.7166153846153855,0.11384615384615385,45.23541538461539
25072.270200000014,5.117407798767089,-0.19086757990867578,0.136986301369863,31.88675799086759
64255.212000000174,8.139987754821778,-0.9887700534759343,0.06060606060606061,58.395543672014405
31178.305200000046,9.39183483123779,-0.9782287822878225,0.07011070110701106,49.07490774907752
96146.27840000021,5.939867973327637,-0.5603773584905661,0.08962264150943397,50.51663915094362
39332.71950000006,8.123870658874512,0.2525222551928778,0.13649851632047477,39.83356083086053
59358.33250000005,9.278048133850099,0.20907407407407394,0.10185185185185186,48.530555555555594
39514.73240000005,7.870509910583496,0.5369627507163333,0.14613180515759314,37.29257879656159
44391.50680000007,7.942069816589356,0.3078125000000007,0.12760416666666666,34.51773437500001
52921.77570000007,8.933142280578615,-0.4078059071729953,0.09704641350210971,57.17660337552751
37603.119400000054,9.81829319000244,0.4210682492581601,0.08902077151335311,47.11305637982194
26914.439000000024,9.182312583923341,-0.9668085106382975,0.10638297872340426,63.330297872340374
49076.536700000106,4.99474925994873,-0.4173535791757045,0.0368763557483731,56.17331887201745
108468.65550000088,5.9633993148803714,-0.5901052631578934,0.08105263157894736,43.47222105263173
39330.67640000006,9.657186698913574,-0.8465909090909083,0.0625,45.57357954545452
82993.89410000035,7.0212297439575195,-0.9659663865546199,0.10364145658263305,47.54061624649876
18715.581500000004,4.523326683044433,-0.4476190476190478,0.07142857142857144,26.286309523809525
45953.52960000004,6.938017463684082,-0.872842639593908,0.05583756345177665,60.248223350253866
51420.3622,9.452112770080568,-0.08108695652173903,0.09782608695652173,48.299369565217404
86437.89190000051,8.876861381530762,-0.08039215686274545,0.1084967320261438,44.45883660130731
42141.42950000007,8.292971229553224,0.5077333333333338,0.096,35.29093333333332
42194.47230000007,8.459750938415528,0.48906666666666715,0.096,36.30479999999998
45876.15230000006,8.679588127136231,-0.34852941176470625,0.06127450980392157,46.265196078431366
34713.38470000005,8.639037513732912,0.9850649350649359,0.14285714285714288,43.449772727272716
37556.969500000036,11.114365577697754,0.5960227272727282,0.08522727272727272,53.217045454545435
91209.98960000047,5.189650154113767,-0.3797780517879152,0.09617755856966707,53.68363748458715
24114.436100000024,9.76678295135498,-0.7309178743961351,0.10144927536231885,27.685555555555545
73008.20320000034,8.88066501617432,-0.8793929712460046,0.09904153354632587,49.04249201277971
63882.717500000064,9.286493492126464,-0.8808664259927768,0.0812274368231047,51.7765523465705
28728.345400000013,5.122466468811035,-0.4480000000000004,0.1,52.3616
41699.703000000074,9.59897174835205,0.5315245478036185,0.09560723514211887,41.24573643410852
52259.452600000004,6.900901603698731,-0.5694623655913975,0.0903225806451613,60.834838709677534
30419.152400000043,8.399924278259281,0.04360902255639095,0.12406015037593986,47.72672932330826
35542.160100000016,8.771842384338381,0.6182108626198086,0.13099041533546327,44.37418530351438
102973.9431000008,6.535029029846191,-0.8289978678038352,0.06823027718550106,44.35908315565061
54806.592300000055,6.0365510940551745,-0.03465553235908136,0.11482254697286011,42.69649269311065
31087.96110000005,8.528022956848144,0.12967032967032954,0.11355311355311354,41.51175824175825
32024.16150000004,9.186180686950681,0.18692579505300339,0.10247349823321555,55.74526501766785
35413.82940000003,8.644194984436037,0.7000000000000004,0.1182108626198083,36.34191693290734
40411.644200000024,8.606287574768071,0.5985994397759109,0.12324929971988795,39.75605042016805
41001.1795000001,5.539096260070799,-0.6053191489361701,0.06382978723404255,66.1114361702128
63537.38160000008,4.818377876281737,-0.3642477876106193,0.07787610619469026,55.21646017699132
100434.04990000073,5.417403984069824,-0.570222222222221,0.08444444444444445,52.23301111111136
41954.87690000007,8.516740989685058,0.47231182795698984,0.11021505376344086,44.30056451612902
94468.99450000068,8.17718601226807,-0.4931155192532078,0.058343057176196034,50.96697782963846
50639.623900000115,6.548954582214355,0.06431818181818179,0.13863636363636364,36.592977272727275
239524.8043999995,5.2323930740356435,-0.1482134570765657,0.11276102088167053,40.56393039443187
41450.54130000008,8.021172523498535,-0.19861111111111115,0.09722222222222224,48.924166666666665
93613.11610000068,5.3505044937133786,-0.5656874265569902,0.06933019976498238,55.80471210340804
98663.00180000073,6.14011173248291,-0.5542696629213465,0.06966292134831462,52.27169662921379
99398.13600000087,5.177600288391112,-0.6060267857142845,0.07589285714285715,48.13114955357171
56608.930100000056,7.135135078430175,-0.6577075098814232,0.1007905138339921,53.37393280632422
24310.487599999964,5.0891019821166985,-0.17248908296943227,0.06550218340611354,48.995196506550215
122936.37300000098,6.222244071960449,-0.02845379688929471,0.08600182982616651,49.92150045745675
33539.79030000003,4.693843650817871,-0.2051369863013699,0.113013698630137,42.970547945205475
32744.76600000002,4.770348930358887,-0.31649122807017566,0.12631578947368421,42.883859649122805
68584.19430000025,8.574440193176269,-0.30336134453781505,0.11932773109243697,46.3613445378152
29540.471199999964,9.661119270324708,-0.4014285714285716,0.04642857142857143,52.3335714285714
81608.67300000036,8.982138252258302,-0.8772151898734154,0.07735583684950774,39.08706047819983
109263.65770000083,8.537306404113771,-0.10275510204081648,0.0816326530612245,49.500326530612455
97072.82460000059,8.068492317199706,-0.5479713603818599,0.06921241050119332,48.696073985680385
22130.08569999999,10.867322731018067,-0.7035532994923861,0.05583756345177665,76.68680203045685
22164.05909999999,10.6608304977417,-0.73756345177665,0.050761421319796954,75.36903553299493
24702.004000000023,4.692763710021972,-0.0674418604651163,0.11162790697674418,52.36748837209301
95876.54060000066,8.315470695495605,-0.3779720279720276,0.07808857808857808,54.94268065268082
46301.17840000008,9.297582054138182,-0.39265402843601893,0.07819905213270142,49.62772511848341
27718.89080000003,8.71046848297119,-0.36377952755905485,0.1062992125984252,64.58188976377951
49123.759900000005,5.737862205505372,-0.6722095671981777,0.08656036446469248,34.76833712984054
268164.3147000015,9.132091712951663,-0.6493167202572367,0.0430064308681672,57.62909967845699
100866.62370000081,8.07300510406494,-0.2303854875283446,0.1235827664399093,41.13040816326545
112902.2098000009,5.480040550231934,-0.24209466263846932,0.1148036253776435,50.31072507552893
232294.99919999894,5.2933244705200195,-0.21067915690866412,0.06791569086651054,51.234618266979226
8480.680899999996,5.466626548767089,-0.9780821917808218,0.0273972602739726,82.66986301369863
265402.85090000206,4.954961967468261,-0.3554026709834093,0.05787130716309187,45.5811007689198
117127.62680000084,8.25145359039307,-0.14727608494921518,0.07479224376731303,53.13278855032348
75959.02970000036,8.96434497833252,-0.8659606656580918,0.08472012102874432,40.413615733736854
42686.24610000004,8.627239799499513,0.31212938005390833,0.14824797843665766,35.94803234501349
38502.21280000008,8.734192848205566,0.45075075075075116,0.15015015015015015,52.12771771771769
34012.294199999975,9.911643409729002,-0.06463022508038592,0.08360128617363344,21.187491961414775
63558.75190000019,9.27379322052002,0.4091222030981072,0.10843373493975904,47.70191049913954
61053.378800000144,6.196780204772949,-0.3994413407821228,0.0968342644320298,50.076573556797136
77514.1635000003,8.72619876861572,-0.9023880597014919,0.0880597014925373,63.138805970149484
38781.72940000006,8.889948463439943,-0.3971014492753629,0.08695652173913043,58.24811594202899
25717.44719999998,6.901811027526856,-0.5886075949367088,0.05485232067510549,80.76244725738395
109733.71190000078,5.977665901184082,-0.34421699078812645,0.0849539406345957,52.440757420675816
116179.37000000072,8.064882087707517,-0.2651185770750982,0.1383399209486166,41.72344861660097
28149.400300000045,8.860486412048338,-0.5844357976653698,0.07392996108949416,73.62031128404665
29447.35320000004,9.98339672088623,0.20774907749077462,0.06273062730627306,52.78265682656827
127521.7010000007,8.700604820251463,-0.8788014311270137,0.06976744186046512,55.98105545617208
49026.67010000007,5.676760292053221,-0.1275700934579439,0.12383177570093457,44.312663551401855
166567.41249999937,6.382757377624511,-1.4887120115774244,0.05426917510853834,62.8579594790162
20546.440599999987,8.77564601898193,-0.6050561797752813,0.11235955056179776,39.45168539325842
177673.80590000015,8.247005271911618,-0.5750941028858222,0.07465495608531994,50.686957340025494
65760.75960000016,9.125064659118653,-1.0697879858657229,0.0989399293286219,45.960618374558415
86231.4906000005,9.14517879486084,-1.0952830188679246,0.10781671159029649,45.05177897574138
64462.58450000017,6.8201902389526365,-0.24230769230769156,0.08695652173913043,59.602876254180835
50141.05160000017,5.850176048278808,0.26643835616438366,0.1232876712328767,38.210296803652966
66590.15250000021,8.192593955993651,-0.40819397993310924,0.08695652173913043,58.190836120401556
68229.0103000003,8.004023933410647,-0.35399361022364134,0.06869009584664537,64.61169329073505
36155.03530000003,6.281583976745606,-0.4948275862068952,0.05459770114942529,65.298275862069
83202.34690000057,6.743855476379395,-0.7572591587516961,0.07055630936227952,64.98972862957963
13905.96859999998,10.314570808410643,-0.7357142857142861,0.05555555555555555,42.16111111111109
13891.94199999998,10.314570808410643,-0.7380952380952385,0.05555555555555555,41.562698412698396
13919.995099999982,10.314570808410643,-0.7190476190476193,0.05555555555555555,40.88888888888888
13907.941399999982,10.314570808410643,-0.758730158730159,0.05555555555555555,37.069841269841255
20776.459999999995,8.71949405670166,-1.0308139534883716,0.10465116279069767,59.3796511627907
44495.347100000115,9.615797996520996,0.31384615384615366,0.14102564102564102,45.361820512820486
48633.29610000008,5.7130235671997065,-0.41616628175519593,0.062355658198614314,40.05727482678985
128070.15200000042,7.441838264465332,-0.46660823838737897,0.08063102541630149,36.010078878177254
78873.22850000035,9.08490085601807,-0.23267326732673282,0.07355021216407355,53.859985855728546
33261.029300000046,6.491604042053221,0.010561056105610487,0.0726072607260726,35.39306930693067
84658.71790000034,4.942741584777831,-0.7502732240437142,0.07377049180327869,41.943770491803406
39364.3248,4.572947120666504,-0.8364431486880467,0.07580174927113703,42.2618658892128
68324.04740000017,4.711634254455566,-0.6571189279731987,0.06867671691792296,46.13035175879408
83263.2101000003,4.967182350158691,-0.6784530386740318,0.07458563535911603,42.14839779005539
44348.40510000007,4.785922813415527,-0.8304461942257217,0.08398950131233596,37.41475065616797
43683.523700000085,9.942008018493652,-0.683076923076923,0.07179487179487179,60.63900000000009
36826.02280000005,6.321882820129395,-0.5569277108433736,0.09036144578313253,56.40033132530118
69496.67590000022,5.928500175476074,-0.7804107424960498,0.0631911532385466,63.34865718799391
67661.82780000019,8.27479114532471,-0.18333333333333365,0.08166666666666667,31.84483333333333
69284.42990000016,5.797543144226075,-0.2558101472995092,0.10147299509001637,40.01769230769237
13952.036999999982,10.314570808410643,-0.6984126984126986,0.05555555555555555,44.13888888888888
40908.0988,7.669592094421388,0.12916666666666637,0.125,48.86305555555554
68797.08610000015,9.163294410705568,-0.8943615257048075,0.0713101160862355,37.985737976782836
241650.19000000093,7.413532447814942,-0.6169710467706002,0.027616926503340758,59.27412472160401
57923.589400000026,7.964698219299316,0.028385899814471302,0.02411873840445269,36.6508348794063
18017.894199999973,10.597587013244631,-0.6768292682926829,0.06707317073170732,77.2280487804878
21471.83009999999,10.70486240386963,-0.6492227979274612,0.07253886010362694,74.54248704663212
13903.99579999998,10.314570808410643,-0.7150793650793655,0.05555555555555555,44.13888888888888
13919.995199999981,10.314570808410643,-0.7357142857142861,0.05555555555555555,45.6674603174603
13889.969199999981,10.314570808410643,-0.7174603174603178,0.05555555555555555,43.54047619047617
13905.968599999982,10.314570808410643,-0.7380952380952385,0.05555555555555555,45.0690476190476
13944.019899999981,10.367563819885252,-0.7492063492063495,0.05555555555555555,46.41666666666665
140760.76760000005,6.240716743469237,-0.3920722135007842,0.07299843014128729,42.0771585557303
37824.133000000045,7.854263877868652,-0.4871148459383751,0.06442577030812324,65.91456582633062
35830.23190000002,5.417631340026855,-0.12310030395136778,0.10030395136778117,51.66355623100307
13950.021199999981,10.314570808410643,-0.7539682539682543,0.05555555555555555,46.34126984126983
13921.96799999998,10.314570808410643,-0.7587301587301591,0.05555555555555555,45.0690476190476
128292.86280000054,5.7766832351684565,-0.4970201577563528,0.0815074496056091,41.15170902716943
13935.994599999982,10.314570808410643,-0.7579365079365082,0.05555555555555555,43.54047619047617
13989.100099999981,10.314570808410643,-0.7198412698412702,0.05555555555555555,47.39365079365078
197568.88770000008,6.7408430099487315,-0.30150115473441114,0.0894919168591224,51.95193995381089
157260.9168000003,6.249583625793457,0.11139931740614326,0.0484641638225256,44.90587713310609
22484.700200000025,8.977496528625487,-0.3964824120603016,0.06532663316582915,47.974874371859286
22328.497500000012,8.93900890350342,-0.33030303030303027,0.07070707070707072,44.457070707070706
14167.322999999984,10.314570808410643,-0.5866141732283464,0.06299212598425197,37.48740157480314
135259.4575000001,8.525959968566895,-0.5395113732097734,0.07582139848357203,54.67979780960444
64990.3482000002,5.948052787780762,0.17351443123938878,0.11714770797962648,43.14707979626488
12517.36719999998,9.274760246276855,-0.9141509433962265,0.09433962264150944,75.13301886792452
35074.154500000055,9.3699800491333,0.633542319749217,0.10971786833855798,47.48470219435736
64752.19060000012,5.157479286193847,-0.13252595155709343,0.11245674740484429,45.120121107266506
343901.9447000053,6.0092683792114245,-0.42786675208200425,0.07270980140935297,41.648161434977936
24968.683900000036,6.90402774810791,-0.012719298245614033,0.06140350877192982,40.44956140350877
145020.3208000013,9.582725715637206,-0.8900958466453689,0.08945686900958466,46.05894568690125
39010.13100000003,5.2148866653442365,0.48706199460916416,0.07008086253369272,46.69056603773583
35701.72880000004,9.14672603607178,-1.0369085173501564,0.05993690851735016,77.62523659306002
413290.46450000734,8.219219398498538,-0.782393119150007,0.038957753604857065,67.98977991398752
63444.346600000186,7.017137336730956,-1.00982456140351,0.0368421052631579,73.17440350877213
76073.92080000021,6.101006507873534,-0.18906942392909923,0.12259970457902511,43.18276218611532
34454.55249999997,9.179862785339356,-0.5745222929936294,0.044585987261146494,65.80289808917195
104995.79940000066,8.748569297790528,-0.5642931937172774,0.06282722513089006,55.13657591623068
99339.05130000057,6.475689125061035,-0.8156285390713489,0.07134767836919592,58.50022650056653
40956.08790000007,9.498336601257325,-0.7252054794520553,0.07123287671232877,50.163561643835635
111875.35340000075,7.506407356262208,-0.20890688259109325,0.08906882591093118,41.91451417004067
25034.670800000007,5.9969911575317365,-0.20982142857142846,0.08482142857142858,43.26473214285714
25038.13630000001,4.868055152893065,-0.23451327433628316,0.09292035398230089,43.02831858407079
184092.9043999996,5.805557441711425,-0.5222419928825631,0.06880189798339265,59.9348873072364
35463.47700000002,9.407694053649902,0.9170491803278698,0.16065573770491803,33.8315737704918
20104.815399999992,7.578365516662598,-0.7645348837209304,0.09883720930232558,55.724476744186056
114950.74550000088,5.949360084533691,-0.061324376199616455,0.07677543186180422,55.64253358925173
82564.05460000053,9.262124443054198,-0.7142469470827661,0.06377204884667571,57.57248303934892
87343.34190000052,9.320919609069826,-0.7634738186462292,0.05874840357598978,47.70155810983414
61446.20360000016,8.455238151550294,-0.4360424028268547,0.04770318021201414,57.151413427562005
101866.67220000073,9.067429924011229,-0.09309210526315782,0.09429824561403508,36.625000000000114
73731.27810000036,6.086626243591308,0.18601190476190535,0.08630952380952381,45.20952380952388
104473.90240000097,5.7787294387817365,0.16119873817034697,0.09674027339642483,43.222628811777255
65797.9592000002,9.328591346740723,-0.8624125874125848,0.09090909090909091,51.982727272727374
53630.04190000001,9.267217445373536,-0.8928725701943823,0.09287257019438444,45.883801295896355
61797.3367000001,9.190113258361816,-0.8639622641509412,0.1,44.702452830188726
77159.01280000038,9.395316123962402,-0.9148710166919549,0.10318664643399089,52.70851289833093
118917.81980000064,6.193938255310059,-0.16861451460885962,0.08953817153628651,40.74721960414724
53497.72560000003,6.754200172424317,-0.36447638603696164,0.0944558521560575,44.7774332648871
35720.82070000005,9.215384864807131,0.8952531645569627,0.13291139240506328,44.354113924050644
44659.11610000003,7.522776985168457,-0.11113924050632906,0.1139240506329114,38.47977215189874
66566.96400000023,5.46168155670166,-0.37873070325900465,0.11835334476843912,41.70296740994859
21647.699699999997,9.554230690002441,-0.6314136125654454,0.06806282722513089,58.932984293193726
137215.9465000012,9.448824882507324,-0.918219983207391,0.08648194794290512,53.70336691855609
111247.46710000094,6.476143836975097,-0.6007099391480717,0.1125760649087221,45.19595334685622
88206.22200000056,5.367158317565917,-0.7118471337579602,0.06369426751592357,48.66740127388557
16060.304899999992,10.310702705383296,-0.6110344827586207,0.06896551724137932,33.1138620689655
61465.47390000017,9.199847984313966,-0.3168965517241378,0.06034482758620689,63.014172413793325
38632.14379999997,9.515807533264159,-0.4152298850574715,0.09195402298850575,38.56181034482757
120648.51430000071,6.017623710632324,0.15465437788018552,0.09769585253456221,41.61440552995409
70791.80530000018,8.709114646911619,-0.9180623973727402,0.08866995073891626,38.89490968801326
118488.43530000077,6.563391685485839,-0.2505174035747871,0.07902163687676386,50.6574882408281
48217.15490000012,7.715802192687988,-0.472222222222222,0.07111111111111111,56.57200000000011
22344.5488,5.4473581314086905,-0.5618357487922704,0.04830917874396135,74.48743961352659
50141.45770000002,8.2135461807251,-0.8273148148148136,0.08564814814814814,46.74560185185188
14119.440299999984,8.81993579864502,-1.0608,0.048,79.98559999999998
42192.103900000104,6.597949790954591,-0.05356200527704496,0.07915567282321899,50.94118733509234
89836.55530000047,6.165689277648925,-0.11454081632653079,0.09056122448979592,40.53114795918376
35523.22220000008,8.113104438781736,0.9006389776357837,0.14057507987220447,41.773162939297116
59276.89310000003,6.5301408767700195,-0.26901669758812624,0.0816326530612245,47.36345083487948
100388.91440000042,8.794406318664553,-0.5224351747463349,0.07102593010146561,51.197068771138916
44706.87980000005,8.335069084167483,0.46067961165048665,0.09223300970873786,39.5628640776699
80039.87930000029,6.157333946228026,-0.852074391988554,0.047210300429184546,48.709155937053055
36501.8064,5.223526191711424,-0.6735384615384614,0.07076923076923076,53.833538461538446
122906.51840000052,9.729907035827637,-0.7674087266251113,0.05431878895814782,61.93669634906539
95924.59070000057,6.399695396423341,-0.9537278106508906,0.05443786982248521,48.808757396449906
63305.84980000014,6.817916679382324,-0.3161579892280068,0.08976660682226212,43.1797307001796
29995.240800000014,10.612221336364744,-0.5469924812030078,0.052631578947368425,35.836842105263145
86246.01550000047,5.510847282409666,-0.3359235668789804,0.07643312101910828,42.65211464968169
133681.24580000047,8.596101570129395,-0.4090237899917958,0.07054963084495489,52.41010664479118
36548.86580000006,8.661730384826662,0.6021276595744681,0.11246200607902734,36.940759878419456
81000.48750000045,5.682614707946779,0.3408528198074285,0.1292984869325997,37.928651994498
81835.29930000045,5.062956047058105,0.31342465753424636,0.12602739726027395,44.9704246575344
312146.62420000345,8.567735481262208,-0.4644978783592685,0.06223479490806224,48.65527934936381
35554.073000000004,8.325656700134278,-0.5830188679245277,0.0880503144654088,43.41194968553459
67819.25100000025,6.075542640686035,-0.9750433275563248,0.0658578856152513,52.60003466204518
30437.887400000047,9.021657371520995,-0.8196363636363638,0.05818181818181818,57.02654545454541
176990.16370000024,7.987068748474122,0.20803289057558705,0.09044908285895004,39.37773561037344
9461.037799999996,9.570863533020017,-0.5107142857142856,0.05952380952380953,64.96666666666664
9477.080199999997,9.570863533020017,-0.44642857142857145,0.05952380952380953,53.78571428571426
59608.48880000007,8.48869724273682,-0.5209615384615383,0.08269230769230769,51.09788461538469
86488.87900000045,6.432264137268065,-0.45314591700133755,0.11646586345381527,39.2747255689425
57143.07330000019,9.371785163879395,-0.3932330827067661,0.05639097744360902,54.95714285714302
36211.94960000003,8.881180763244632,0.7962962962962975,0.13271604938271603,38.240123456790116
30156.453000000045,8.33996868133545,-0.6531250000000002,0.1015625,61.87976562499998
77192.49360000042,8.149335670471192,0.32382271468144047,0.10526315789473684,51.15056786703619
10741.070599999988,5.727062797546388,1.2877551020408158,0.07142857142857142,45.99795918367346
64365.452900000135,6.237590599060058,0.023407917383821013,0.06368330464716007,56.52650602409655
72994.9543000003,5.9501558303833,-0.10435458786936193,0.08709175738724728,55.81354587869379
71539.13430000037,5.870865440368651,-0.19815950920245345,0.07055214723926381,52.3489570552149
39824.71760000007,8.684294319152833,-0.3230769230769235,0.07417582417582419,38.11126373626373
35427.03170000004,6.583910560607911,0.37881619937694655,0.10903426791277258,29.57507788161994
32334.730900000024,5.45230312347412,-0.18551724137931036,0.07241379310344828,37.61620689655172
34676.76410000003,5.821983909606933,-0.4200000000000003,0.061290322580645165,48.89161290322581
133279.4690000003,7.999640083312989,-0.5717206132879059,0.0809199318568995,59.319608177172455
211064.64579999965,6.493025016784667,-0.239451476793248,0.07964135021097046,47.3941613924054
64008.81310000011,9.421425819396973,-0.8414545454545428,0.09090909090909091,36.41545454545456
75234.93590000035,9.536759757995604,-0.8843373493975887,0.05120481927710843,63.858614457831536
65491.558400000205,7.6021810531616225,-0.09159519725557481,0.11320754716981132,40.48236706689542
102485.99770000066,5.147702980041502,-0.3056291390728473,0.09381898454746136,33.5564128035321
47533.66260000008,8.628077888488772,-0.22887828162291202,0.10739856801909309,41.32269689737468
20681.2854,6.237647438049316,-0.2158469945355191,0.09836065573770492,21.385245901639344
56068.456900000034,5.199710655212402,-0.46700404858299643,0.08704453441295547,56.83382591093125
35660.11990000002,6.113738441467285,0.6820754716981149,0.12264150943396226,41.9430817610063
54577.35680000012,8.5942964553833,-0.4408080808080808,0.06868686868686869,47.065070707070745
20116.173300000002,8.986908912658691,-0.586127167630058,0.09248554913294799,48.73242774566474
46537.73240000005,9.370947074890136,-0.1674641148325361,0.0645933014354067,42.93540669856458
58978.81450000012,6.233498191833497,0.0023121387283234645,0.08863198458574181,62.25356454720634
39472.53710000009,7.540510749816895,-0.5557640750670242,0.06970509383378017,66.52147453083114
168414.11700000052,8.280464363098147,-0.7343603482920309,0.0709979906229069,52.0501071667787
35092.35110000003,8.696220970153806,0.6335483870967743,0.13225806451612904,47.80945161290322
35197.83320000004,8.872606468200683,0.7756410256410262,0.12179487179487179,39.00160256410256
36184.205799999996,9.10572414398193,0.8578616352201269,0.1320754716981132,32.42056603773585
47243.74290000011,9.522576713562014,-0.3531322505800469,0.07192575406032484,55.683062645011624
34815.098600000005,8.708212089538574,0.7855769230769233,0.1185897435897436,47.97634615384613
36565.7505000001,7.619573783874513,-0.24792332268370637,0.09904153354632589,48.1958466453674
20968.714599999996,8.890464210510256,-0.5402061855670109,0.09278350515463915,38.717525773195874
20567.208399999985,8.901617240905765,-0.5264248704663221,0.09844559585492227,24.90518134715024
462523.68580000487,6.2810155868530275,0.036997443643969646,0.07854984894259819,48.026820822681366
53943.52400000005,8.91135196685791,0.3480000000000003,0.11800000000000001,36.30002
54008.2651000001,9.012696266174316,0.10461215932914013,0.12159329140461217,48.23144654088056
70926.20000000033,5.955612373352051,-0.3668168168168164,0.05855855855855856,52.31849849849871
49714.9077,7.111262702941894,0.14429824561403481,0.09210526315789475,42.257478070175424
13741.956399999981,10.116201591491699,-0.860800000000001,0.04,21.49919999999999
17818.378799999988,9.481188011169433,-0.34666666666666673,0.024242424242424242,46.967272727272714
22763.72200000001,5.5580236434936525,-0.5091346153846159,0.0625,42.32451923076925
44743.003700000074,7.639012718200684,-0.400505050505051,0.09848484848484848,30.371742424242417
69917.00480000026,5.4236562728881825,-0.24590690208667776,0.0898876404494382,37.764365971107566
272502.5880000018,4.950130653381346,-0.42011741682974735,0.05675146771037182,50.187248532289935
52199.624800000085,9.367659187316896,0.36297071129707104,0.12552301255230125,41.383912133891215
105112.3433000008,8.653800773620606,-0.5538005923000981,0.0562685093780849,68.38490621915157
59677.3966000001,5.769748878479004,-0.7553191489361696,0.0851063829787234,63.106015473888036
73654.60070000032,8.21960620880127,-0.3292944785276071,0.09662576687116564,44.290644171779284
61872.24150000013,5.21301097869873,-0.3125454545454547,0.11272727272727273,39.96165454545454
128118.1095000006,7.3710737228393555,-0.4054243219597532,0.07174103237095363,60.003237095363446
28217.963000000032,8.39102764129639,-0.4352713178294577,0.07364341085271317,43.50697674418603
106419.02570000083,7.962957572937012,-0.45159958720330134,0.0825593395252838,45.53453044375663
26216.89820000002,8.357633018493654,-0.258898305084746,0.07203389830508475,58.681779661016954
36511.34250000004,8.904067039489746,0.7003067484662593,0.11656441717791412,40.953404907975454
52641.551400000026,7.872766304016113,-0.28775933609958476,0.05394190871369295,57.24481327800839
51770.59040000012,7.566145133972169,-0.1301282051282051,0.09401709401709402,52.39273504273509
29861.393799999983,6.183650398254394,-0.04518518518518507,0.07777777777777778,54.91518518518517
54993.01580000013,8.591717720031738,0.5370297029702988,0.11881188118811882,49.25788118811886
62655.040800000104,9.906550407409668,-0.5046017699115035,0.06902654867256638,62.10552212389402
37485.62940000001,8.880149269104006,0.9411940298507476,0.13432835820895522,39.73408955223879
41551.30909999999,6.961037254333497,-0.7361979166666658,0.0625,59.66226562500004
62629.97420000021,8.996901512145996,-0.5826530612244887,0.05442176870748299,71.80493197278939
67917.9096000002,8.73051815032959,-0.7445880452342472,0.053311793214862686,64.24119547657533
7991.5708,9.924085807800292,-0.3602941176470587,0.08823529411764706,51.400000000000006
44200.13090000001,6.898514366149903,-0.8867167919799485,0.06516290726817042,59.862932330827086
43691.35670000004,6.480406761169434,-0.5216494845360824,0.06958762886597938,81.13685567010319
60196.888500000045,7.70562801361084,-0.17537593984962413,0.09022556390977443,47.542669172932385
72147.99200000033,4.763528251647949,-0.9004694835680749,0.06729264475743349,54.15320813771536
61180.48270000011,8.780674552917482,-0.8937262357414428,0.07604562737642585,50.536121673003905
20497.2422,5.649932289123535,-0.09402173913043475,0.08695652173913043,33.42336956521738
39232.0286,6.415326118469238,-0.40714285714285725,0.057692307692307696,42.176373626373625
65841.16320000016,9.116103553771975,-0.8126094570928183,0.0840630472854641,47.65113835376543
30258.563700000053,9.018433952331542,-0.60936329588015,0.06741573033707865,62.185767790262155
21314.2155,10.040257835388182,-0.7205263157894741,0.06842105263157894,55.66421052631579
113555.41820000098,5.603381156921387,-0.556256157635467,0.10935960591133007,41.34552709359621
34273.101300000104,5.715638160705566,0.04037854889589911,0.0694006309148265,36.49463722397475
34364.079400000104,5.408821296691894,0.0009463722397477806,0.0725552050473186,35.157728706624596
51169.3258000001,5.746956443786622,-0.3747228381374724,0.08425720620842572,33.590487804878045
51091.16240000012,5.495784950256346,-0.357427937915743,0.08647450110864746,35.65035476718403
52922.750400000055,9.193143272399901,-0.44980392156862703,0.050980392156862744,70.76609803921588
59490.71490000019,9.460558128356933,-0.48286219081272036,0.053003533568904596,71.4132508833925
59128.90410000012,4.566012763977051,-0.26691449814126417,0.10594795539033458,59.37176579925665
102177.8772000008,9.546043205261231,-0.2357296137339058,0.07296137339055794,48.3682618025753
92249.54690000048,8.221862602233887,-0.9596009975062348,0.04987531172069826,54.69664588528697
147180.24480000066,6.366785621643066,-0.6906055900621126,0.05434782608695653,46.70507763975185
8217.785799999998,10.098150444030761,-0.7514285714285712,0.05714285714285714,40.55285714285713
68660.04370000029,5.567402076721191,-0.7144975288303111,0.07578253706754531,58.5159802306427
27078.733500000002,10.272601890563962,-0.18493723849372404,0.09205020920502091,48.77280334728034
68297.24450000034,8.878473091125489,-0.22329635499207554,0.04754358161648177,43.05324881141058
52816.22019999998,6.253960227966309,-0.3508230452674897,0.05555555555555555,44.102695473251075
45580.16070000009,9.552618980407715,-0.37245370370370207,0.0625,61.54282407407417
34977.692100000015,9.660603523254395,-0.2790769230769233,0.08307692307692308,65.88615384615386
451735.96690000605,4.0500284194946286,-0.20358335188070595,0.0180280436234142,51.97852214555873
173433.81739999997,5.269793128967284,-0.5112068965517251,0.06096059113300493,65.34753694581315
34924.31110000003,9.204683113098145,0.7305466237942128,0.11575562700964631,34.4833118971061
88811.23360000046,6.5062685012817365,-0.5555410691003897,0.10691003911342895,51.960899608865866
115003.77440000085,8.004668617248537,-0.8180851063829793,0.05705996131528047,57.947688588008035
118564.90520000088,6.831955909729005,-0.6846438482886227,0.052728954671600374,57.3150878815914
117914.94800000088,6.623299980163575,-0.6987000928505115,0.056638811513463325,53.65097493036245
42691.620900000045,8.923278617858887,0.38620689655172374,0.15649867374005305,60.723395225464216
198798.99820000035,5.110700798034667,-0.6187005649717536,0.06949152542372881,50.16306214689297
12713.230999999985,10.673659706115721,-0.44086956521739157,0.043478260869565216,67.91478260869565
12697.188599999983,10.673659706115721,-0.4878260869565219,0.043478260869565216,71.10086956521738
27882.442499999997,9.174318504333495,-0.384848484848485,0.05681818181818182,62.73636363636361
29985.79430000005,9.007474327087401,-0.5731343283582095,0.08208955223880599,64.57425373134326
32583.27680000002,9.390094184875487,-0.6671009771986963,0.0749185667752443,67.04723127035832
35553.586500000005,9.562224769592284,-0.4209770114942531,0.06609195402298851,55.74454022988507
45296.67200000005,9.239431571960449,-0.5997630331753554,0.07345971563981044,50.1402843601896
37492.08180000004,9.248715019226072,-0.7457575757575755,0.08787878787878788,61.69427272727274
32473.254700000045,9.449082756042483,-0.41438356164383594,0.05479452054794521,65.39897260273969
29082.74130000003,8.968986701965335,-0.5162878787878795,0.07196969696969696,69.1715909090909
73230.55580000022,9.304222297668456,-0.5620155038759683,0.11937984496124031,50.21105426356613
296831.173400003,7.984554481506349,-0.6663723325974996,0.037895511405445184,64.40026490066228
123246.64390000075,8.742315864562986,-0.5442075996292858,0.07414272474513439,51.282215013902004
107244.32790000079,6.303694343566895,-0.046652719665272055,0.09205020920502091,45.13661087866127
32760.98590000006,4.384469032287597,-0.21302816901408447,0.10915492957746478,50.5088028169014
14226.396099999987,9.298097801208495,-0.36879999999999996,0.056,37.828079999999986
69935.44850000023,6.897832298278809,-0.11648177496038047,0.10142630744849446,50.59939778129967
34152.50690000004,8.939524650573734,0.37443365695792874,0.12297734627831716,40.29100323624594
35610.88100000006,9.830928993225097,0.9118589743589757,0.1282051282051282,37.26445512820512
70160.28630000023,9.793601799011228,-0.8775409836065551,0.06557377049180327,50.66967213114768
57135.55940000009,6.106463050842284,-0.4163672654690615,0.08183632734530938,44.836766467065914
69222.9274000002,7.5106702804565435,-0.3965244865718796,0.053712480252764615,45.3614533965246
11596.132599999995,4.81599063873291,-0.3176470588235294,0.06862745098039216,60.91666666666666
49560.7725,5.449006462097167,-0.6258620689655165,0.04525862068965517,79.47224137931057
165761.64609999972,5.1157026290893555,-0.631417374265188,0.043109079033311556,69.54912475506244
71289.48400000016,6.95262508392334,-0.49903691813804035,0.06420545746388444,34.20097913322631
166779.78300000064,9.380617332458495,-0.6564396493594067,0.062036412677006075,49.17316925151754
61279.454100000046,8.922827339172365,0.49910071942446127,0.11510791366906474,44.50215827338135
54786.6497000001,6.475461769104004,0.5585461689587435,0.09430255402750491,38.21416502946953
56496.920000000086,8.638650703430176,0.5290697674418611,0.1124031007751938,40.31375968992246
31095.10880000006,6.644216728210449,0.4102272727272725,0.17803030303030304,46.7209090909091
35479.43240000005,8.838115882873538,0.8836538461538465,0.13141025641025642,44.372532051282036
70204.50930000035,9.162327384948732,-0.42298136645962686,0.06987577639751552,61.25838509316795
113669.8967000009,8.99528980255127,-0.30747756729810477,0.08773678963110668,41.473210368893554
16445.11309999998,10.213419914245605,-0.44452054794520535,0.07534246575342465,35.02260273972602
43434.49910000006,8.92804927825928,0.37487179487179506,0.1,32.89230769230768
19193.333099999993,8.953063011169434,0.013966480446927413,0.0446927374301676,37.34469273743016
59807.12910000011,5.932763099670409,-0.21848428835489844,0.09426987060998152,40.842347504621074
31262.832600000038,5.814481163024904,-0.5830188679245285,0.13962264150943396,47.67999999999998
76470.84690000032,8.3054780960083,-0.8491202346041042,0.06304985337243402,56.720821114369755
58512.11820000005,9.185149192810059,-0.7803571428571416,0.08134920634920635,41.81547619047622
48956.452500000065,5.72308406829834,-0.6626666666666657,0.05333333333333333,63.500000000000185
104297.05630000093,5.43047695159912,0.1690796277145816,0.07549120992761116,48.328759048604205
27002.292100000002,9.434255027770995,-0.4394422310756976,0.07171314741035856,69.9725498007968
83164.60880000032,6.609601783752441,-0.2959404600811907,0.08525033829499323,48.85481732070381
32193.265200000045,10.03020076751709,0.2328813559322033,0.0847457627118644,70.07084745762712
20397.772999999986,8.913930702209473,-0.4615789473684211,0.06315789473684211,67.11210526315787
51562.01300000008,6.4339693069458,-0.932054176072233,0.08803611738148984,41.258465011286695
35764.456100000054,8.916251564025881,0.8145569620253172,0.13924050632911394,41.18167721518988
16561.181599999985,11.002835273742676,-0.6527027027027035,0.07432432432432433,40.18648648648649
56303.37020000008,5.7542318344116214,0.11839999999999982,0.1,43.96642000000002
155197.38470000058,5.78202610015869,-0.12882818116462952,0.07332854061826025,47.14731847591692
63548.96380000011,8.623694038391115,0.5834724540901512,0.0651085141903172,40.04624373956597
22574.229300000014,5.163447380065916,-0.627319587628866,0.07731958762886598,51.90675257731959
65298.27460000018,7.017535209655762,0.6120462046204637,0.09405940594059406,45.85762376237632
101241.56380000051,6.522467613220214,-0.508695652173913,0.058324496288441136,78.1328950159071
207714.52979999952,7.055389976501464,-0.1592196686264031,0.0774986638161411,45.06233564938568
38649.239200000105,9.355603599548338,0.5927374301675985,0.08379888268156424,37.54217877094972
71243.97340000028,6.033254432678221,-0.36173228346456626,0.09133858267716535,61.175921259842724
62734.87380000014,5.292415046691894,-0.343963963963964,0.08648648648648649,37.49531531531532
77982.30670000022,5.509539985656737,-0.2778931750741836,0.11869436201780414,42.101216617210746
103633.68040000062,6.455852317810058,-0.39084895259095914,0.10253583241455347,40.17223814773993
66907.07730000022,5.475379753112793,-0.870187393526404,0.06303236797274275,79.7124531516187
26212.41780000003,8.731743049621581,-0.4050847457627122,0.0635593220338983,49.524576271186454
35954.94420000004,9.023913764953612,0.909177215189875,0.14556962025316456,42.893069620253165
80271.52940000045,8.534147453308105,-0.6149519890260625,0.07818930041152262,48.88629629629654
41140.974600000016,10.320115089416504,0.5344919786096264,0.11764705882352941,48.535053475935804
34286.35310000003,8.560966300964356,0.6509740259740263,0.11688311688311688,44.991948051948036
131367.81560000064,6.405265617370605,-0.027233676975945306,0.1013745704467354,36.21006013745724
119104.5292000006,6.27572956085205,0.12225300092336228,0.0904893813481071,42.32088642659301
24635.408100000008,5.432011604309081,-0.6566820276497698,0.0783410138248848,89.57465437788015
108252.54660000076,8.681586647033694,-0.3771458117890367,0.07032057911065151,41.87551189245104
48472.724500000055,8.50906925201416,-0.6404819277108426,0.0963855421686747,52.173493975903625
34062.63050000001,6.5801591873168945,-0.04345047923322681,0.08306709265175719,41.71373801916933
62579.91120000008,8.67887897491455,0.3138738738738739,0.12072072072072072,46.989945945946005
61153.332500000084,6.402992057800293,0.4518050541516251,0.10649819494584838,45.69223826714811
94252.55590000053,5.807035255432129,-0.561388550548111,0.1071863580998782,41.87772228989048
35583.28810000003,8.815294075012208,0.7792993630573255,0.12101910828025478,49.310859872611466
22591.141599999995,10.657155799865723,-0.644329896907217,0.06701030927835051,60.688659793814416
8182.7930999999935,9.576730155944823,0.5101265822784813,0.08860759493670886,50.64936708860757
62287.33000000011,5.649761772155761,-0.7508196721311461,0.06739526411657559,50.669234972677735
31905.635999999984,9.316277885437014,0.129861111111111,0.11805555555555555,45.36493055555556
39353.97720000007,7.067326164245605,-0.7833810888252155,0.06017191977077364,56.702578796561575
123797.91740000072,5.504765510559081,-0.40546737213403766,0.030864197530864196,42.19647266313956
72967.63270000023,6.035982704162596,-0.2653905053598779,0.10260336906584992,45.099249617151685
35602.023800000046,8.155846977233889,0.7871473354231981,0.11285266457680251,44.984012539184924
8495.773199999996,4.757105445861816,-0.6067567567567567,0.027027027027027025,47.7243243243243
15491.887199999994,7.063574790954591,-0.21489361702127652,0.035460992907801414,41.87021276595744
132334.17480000074,5.9023542404174805,-0.6233722871452428,0.056761268781302165,70.85984974958306
17671.27839999999,6.598006629943849,-0.3486842105263158,0.125,52.960592105263146
255645.05450000125,8.922762870788574,-0.6387840670859567,0.042348008385744235,58.870943396226814
82935.92770000048,9.087737464904787,-0.055167785234899465,0.08322147651006712,49.78151677852364
123802.89000000084,6.462445640563964,-0.20054200542005443,0.08130081300813008,55.118355916892746
111692.11230000101,8.871768379211428,-0.13667649950835806,0.0776794493608653,58.33472959685382
86238.66190000053,5.727233314514161,-0.087610619469027,0.0695322376738306,54.87484197218733
44839.02230000007,5.71529712677002,-0.33940149625935195,0.10723192019950126,31.53092269326683
100453.77010000053,5.50897159576416,-0.5074115044247783,0.06305309734513274,48.071692477876375
126653.48530000084,8.195881843566895,-0.1728213977566865,0.0742018981880932,52.16195858498731
134998.32030000087,7.570692253112794,-0.3613712374581933,0.08110367892976589,50.61822742474946
106423.67490000075,6.513600730895996,-0.08528183716075174,0.0918580375782881,47.97974947807952
20953.66809999999,8.951064491271975,-0.6145077720207263,0.09844559585492228,27.75699481865283
57032.96610000005,6.374572563171387,-0.32879684418145955,0.07692307692307693,60.63234714003962
232759.93259999988,5.4898168563842775,-0.35370548604427343,0.07940327237728587,52.14630413859509
67168.25650000016,5.822381782531737,0.6723747980613906,0.10823909531502424,35.44234248788371
44653.96880000008,7.619062232971192,0.49240506329113976,0.13924050632911394,48.186075949367066
54150.24950000009,9.27076320648193,-0.08344086021505409,0.13548387096774195,39.1798064516129
79095.64590000044,5.371023368835449,-0.42144927536231735,0.11304347826086956,41.27582608695661
46213.17850000007,4.8064985275268555,-0.6225247524752474,0.056930693069306926,62.27871287128723
47236.58100000008,4.8383283615112305,-0.5468749999999998,0.04807692307692307,65.94831730769245
206262.3364999993,5.652433204650879,-0.37841573631047276,0.04572036150983519,41.31589580010659
36860.27040000003,9.352380180358885,0.6447447447447452,0.11411411411411412,47.33093093093094
35895.214000000065,9.979270744323731,0.673615635179153,0.18241042345276873,30.565863192182405
58771.72540000021,5.478278541564941,0.17958801498127422,0.10299625468164794,41.95750936329593
100431.66110000084,6.910962104797363,-0.4768211920529794,0.076158940397351,45.192847682119414
49527.67330000007,5.777706336975096,-0.8365296803652954,0.0639269406392694,58.70892694063936
39681.29720000006,8.261252784729006,-0.19779614325068928,0.049586776859504134,26.800027548209375
21378.616100000007,8.426098442077638,-0.1026041666666666,0.08854166666666669,33.00729166666666
21449.861400000016,8.77448558807373,-0.10052083333333323,0.08333333333333334,33.60312499999999
21428.55920000001,7.5223791122436525,-0.12083333333333329,0.08333333333333334,39.00781249999999
31951.86040000002,5.929580116271972,-0.48285714285714354,0.09642857142857145,55.73042857142857
49487.283300000076,9.273599815368652,0.2665893271461715,0.10672853828306264,43.76406032482598
9117.416399999996,10.11691074371338,-0.230379746835443,0.1139240506329114,34.24303797468354
23712.097500000018,7.651346778869629,-0.18341232227488144,0.08530805687203792,33.34834123222749
40243.958900000085,7.719496726989747,-0.3912806539509541,0.07356948228882834,41.81504087193459
71027.29180000021,5.812605476379395,-0.4597200622083983,0.06376360808709175,38.385256609642326
48607.32080000006,6.709354209899902,-0.02825607064017652,0.04856512141280353,45.21611479028696
53718.67040000012,8.676300239562988,-0.5898203592814356,0.07784431137724551,53.511996007984145
56788.16520000023,8.6974458694458,-0.5341772151898728,0.07233273056057866,65.39151898734204
39438.309700000085,9.59903621673584,0.351169590643275,0.14035087719298245,23.36263157894736
20615.515099999997,10.82316188812256,-0.27938144329896925,0.04639175257731959,41.54999999999999
85097.17810000056,8.882663536071778,-0.8795698924731173,0.07123655913978494,46.11008064516149
25405.2658,4.693388938903809,-0.3751111111111114,0.10222222222222221,41.09733333333335
26595.352500000023,8.792149925231932,-0.4196506550218341,0.11353711790393013,42.4768558951965
26562.266900000024,8.881503105163574,-0.251082251082251,0.11255411255411255,33.383116883116884
32607.76799999998,9.093926429748535,-0.5810631229235871,0.06976744186046513,64.25219269102988
17343.971599999968,9.907066154479981,-2.0467625899280573,0.07194244604316546,110.01798561151077
11564.443899999993,9.86993236541748,0.6607142857142855,0.11607142857142858,22.949196428571426
131449.68580000065,6.316312599182129,-0.12008583690987071,0.096137339055794,46.56352789699598
53010.622500000056,5.28548069000244,-0.42987804878048724,0.0467479674796748,69.152642276423
38997.4164,8.27266368865967,-0.5425219941348975,0.08211143695014662,55.42492668621702
54538.59290000009,8.90245532989502,0.5749506903353065,0.09861932938856016,48.02761341222883
76320.7729000003,9.032230186462403,-0.9202702702702685,0.06756756756756757,45.75360360360372
89902.01540000047,6.863558387756348,-0.2208436724565758,0.07320099255583126,34.252493796526124
20836.83290000001,4.41351375579834,-0.30434782608695654,0.08695652173913043,36.6679347826087
74294.63480000038,5.6191255569458,-0.8096870342771973,0.05663189269746647,58.22399403874839
216489.12719999917,8.12896366119385,-0.659224806201551,0.08062015503875969,46.02916795865671
44845.01280000004,9.66092586517334,0.7889150943396237,0.08254716981132075,37.78915094339622
90332.25910000046,8.454593467712403,0.04923273657288968,0.11892583120204603,42.28976982097199
35044.78480000003,8.550715827941897,0.8145569620253178,0.09177215189873417,26.488291139240495
76552.19230000043,6.336433601379395,0.3235211267605641,0.09718309859154929,39.18140845070432
34899.68350000002,8.91760540008545,0.8612698412698425,0.12063492063492065,38.66730158730159
39374.28900000006,9.551136207580566,0.6094285714285715,0.1285714285714286,33.58228571428572
72620.28790000033,8.40682239532471,0.11211656441717748,0.10122699386503067,33.18498466257669
75340.12260000022,9.475837135314944,-0.9396423248882259,0.08196721311475409,62.000000000000306
57376.32300000018,5.901274299621583,-0.19887218045112773,0.07518796992481203,31.433082706766907
56811.48940000018,5.525398063659667,-0.17613636363636376,0.07575757575757576,37.25570075757576
49035.19740000004,6.236283302307128,-0.20917431192660574,0.10779816513761467,29.314220183486253
77857.12230000026,8.745345878601075,-1.0536982248520708,0.08431952662721894,60.21109467455649
101504.83720000088,7.786829948425293,-0.199227373068433,0.11037527593818985,38.5782781456955
41197.63100000006,8.758561897277833,-0.6384816753926691,0.0549738219895288,60.325654450261815
17964.718699999987,9.67762317657471,-0.8442307692307697,0.07051282051282051,45.94871794871794
14728.15559999998,9.87064151763916,-0.7031250000000002,0.0390625,38.590624999999996
41262.87280000002,8.407982826232914,-0.3283333333333339,0.11111111111111112,46.14422222222222
39300.42250000008,8.609253120422366,-0.4188202247191008,0.056179775280898875,61.74185393258426
31646.534400000026,8.252162742614747,-0.3281250000000001,0.08680555555555555,60.52430555555557
51286.38860000004,8.086672401428224,-0.1214583333333332,0.035416666666666666,43.30291666666665
44339.71889999997,9.269925117492676,-0.7535962877030161,0.07192575406032482,62.9598607888633
46368.07100000003,9.29996738433838,-0.7767494356659135,0.06997742663656885,74.78577878103869
85106.5284000004,8.879117774963383,-0.7755376344086005,0.08064516129032258,62.85673387096794
50190.50940000007,9.01720905303955,0.03832599118942718,0.08590308370044053,45.46698237885463
98819.90200000071,7.478499412536622,-0.1612684031710085,0.11098527746319366,35.930373725934444
35838.92260000001,8.98716678619385,0.954320987654322,0.10493827160493827,39.8994135802469
9262.774799999994,6.795806312561035,0.2804597701149426,0.08045977011494253,43.09436781609195
46217.30120000012,6.106633567810058,0.18325242718446577,0.10679611650485438,42.770655339805835
74052.37730000053,6.8886812210083015,-0.5774193548387085,0.093841642228739,56.352228739003124
14389.51649999998,10.168098640441894,-0.44962406015037576,0.03759398496240601,24.685714285714283
72731.04600000028,6.9448949813842775,-0.48513119533527665,0.09475218658892129,53.64871720116636
24824.069700000007,5.330838203430175,-0.29551569506726477,0.07174887892376682,41.59372197309417
345122.5897000001,5.140143394470214,-0.21712308155281437,0.04875112849834487,43.75688534456847
34990.74630000004,8.800401878356933,0.8387096774193554,0.11935483870967742,30.34845161290322
28264.873200000005,7.600532722473146,-0.5186507936507938,0.0873015873015873,57.726984126984114
51471.02500000012,6.696679115295409,-0.7060606060606059,0.05411255411255411,51.94415584415592
48766.25080000006,5.352607536315918,-0.24965034965035007,0.11188811188811189,41.0909324009324
29708.05029999999,5.963569831848145,-0.3846743295019157,0.12260536398467434,29.249042145593872
51062.68330000002,5.679886436462403,-0.4336798336798334,0.062370062370062374,62.25841995842004
51123.27470000005,9.067107582092284,0.3411513859275057,0.1044776119402985,34.454371002132184
51131.03020000003,8.890528678894043,0.6723768736616716,0.12205567451820129,36.11807280513918
129475.64890000063,6.2497541427612315,-0.06784452296819728,0.1166077738515901,42.306749116607996
9111.281399999994,8.68377857208252,-0.28433734939759014,0.07228915662650603,8.43373493975904
35666.31450000004,8.019174003601073,0.834493670886077,0.12974683544303797,45.4000316455696
79986.2990000004,6.2920423507690435,-0.34979253112033126,0.07468879668049792,57.67430152143865
46682.865400000104,9.449018287658692,-0.7033175355450236,0.06398104265402844,53.42298578199055
91835.32280000036,9.488086128234862,-0.6537439613526562,0.04830917874396135,53.062560386473635
35115.622300000025,9.30957317352295,0.10385852090032151,0.1189710610932476,39.49302250803857
29230.898800000017,5.23483715057373,-0.4273437500000006,0.09765625,43.27265625000001
31430.698100000023,7.668171119689942,0.6871186440677969,0.11186440677966102,32.89393220338983
34608.692300000024,9.26618595123291,0.6701587301587311,0.10793650793650794,32.91403174603175
27314.606600000006,9.825642585754395,-0.2686991869918698,0.07723577235772358,37.6020325203252
177125.2786000007,8.831604576110841,-0.7467648942985263,0.07110826393337605,45.15446508648335
27715.902300000005,9.623921012878416,-0.42591093117408924,0.07287449392712551,49.747368421052634
25423.413200000017,10.01924114227295,0.7275109170305674,0.10480349344978165,47.97510917030566
28836.897299999997,11.19237232208252,-0.4333333333333335,0.06274509803921569,60.86980392156863
60033.73050000013,8.961379432678225,-0.7847195357833647,0.08317214700193423,48.13367504835595
47481.58470000009,7.96366672515869,0.4887614678899084,0.12385321100917432,40.68075688073391
40609.796700000064,9.138860893249515,-0.13935860058309102,0.15743440233236153,39.799708454810514
49643.32920000004,9.147757530212402,0.26561085972850695,0.10180995475113122,45.46839366515837
49360.61570000002,7.178446388244629,-0.25688888888888844,0.08666666666666667,44.34466666666667
209620.31899999955,5.427691841125487,-0.29271093359959943,0.04992511233150274,52.482381427858556
78474.08120000041,5.028625297546387,-0.15142469470827713,0.06377204884667571,48.07355495251034
82521.2562000004,6.552023887634278,-0.32710027100271033,0.06775067750677506,40.52566395663964
53364.41090000014,6.076224708557128,-0.08724279835390948,0.06790123456790123,53.43419753086427
36622.73090000005,9.269280433654785,0.43223880597014913,0.08955223880597016,42.74420895522387
44551.70999999998,6.104132652282714,0.023058252427184425,0.08980582524271845,37.9434708737864
53686.72780000008,8.1109769821167,-0.0817622950819673,0.06352459016393443,51.83260245901642
35735.91100000004,8.32340030670166,0.7413249211356467,0.15457413249211355,40.2868454258675
30815.006500000018,9.040933418273926,-0.10494699646643105,0.0706713780918728,44.55229681978798
83925.98380000048,5.958113288879395,-0.4872077028885811,0.10178817056396149,43.04156808803315
35002.83520000003,9.113653755187986,0.7180645161290331,0.11290322580645161,47.84912903225804
35433.955699999984,9.281851768493652,-0.4918181818181807,0.08787878787878788,63.82124242424244
72199.65460000013,6.694235038757324,-0.5308306709265173,0.09265175718849841,35.039952076677345
37628.95999999999,7.036292076110839,-0.42617079889807213,0.05785123966942149,62.28652892561987
82981.94000000044,8.999028968811036,-0.3702490170380081,0.061598951507208385,57.1461598951509
35254.104700000025,9.070137596130369,0.8547169811320766,0.11949685534591195,38.38301886792453
105356.61020000101,6.398615455627441,-0.4798345398138556,0.07445708376421922,42.883164426060176
152755.61100000024,5.903434181213378,-0.32428466617754903,0.08363903154805576,50.6617901687457
46008.34230000009,6.697872734069825,-0.03765281173594131,0.11491442542787286,40.89293398533009
31058.558099999995,9.233307075500488,-0.273758865248227,0.05673758865248227,51.518794326241135
36105.39529999995,8.552134132385255,-0.5437681159420288,0.06666666666666667,63.20495652173913
41525.801000000036,10.39509181976318,-0.061690140845071,0.07323943661971831,45.854929577464794
27298.0527,9.717658042907715,-0.5692913385826772,0.051181102362204724,51.99409448818897
65335.02260000013,8.825286674499512,0.08416523235800324,0.10843373493975904,40.68573149741828
97325.99150000061,5.33487377166748,-0.4519119351100803,0.09501738122827345,48.03546929316356
35822.550300000024,8.465359687805176,-0.1380952380952383,0.13968253968253969,61.23301587301585
32573.391300000018,8.651802253723147,0.2277777777777774,0.1388888888888889,36.346944444444446
34070.89080000004,8.145016288757326,0.6891803278688525,0.14754098360655737,33.55970491803278
34019.93860000004,8.101177787780763,0.6960655737704922,0.1377049180327869,34.52560655737703
168139.53060000026,8.909611320495607,0.02364864864864822,0.09999999999999999,43.794479729729964
40890.76000000002,8.159715080261233,-0.5888020833333316,0.06770833333333333,73.65572916666686
51777.89359999999,5.337374687194824,-0.3772234273318873,0.09544468546637744,38.873101952277665
24381.551300000017,9.053053474426267,-0.7952606635071092,0.1090047393364929,57.17445497630331
58794.880000000034,5.92571506500244,-0.6595057034220518,0.034220532319391636,63.82226235741463
41694.512200000114,5.246432304382323,-0.5108179419525062,0.055408970976253295,59.06253298153041
250533.5881,5.265132331848144,-0.15719207579672603,0.06589147286821706,44.80271748492705
23146.973200000008,6.315801048278809,-0.5381642512077293,0.08212560386473429,42.85028985507246
21308.263099999993,8.408176231384282,-0.21308900523560223,0.07329842931937174,51.01361256544503
151525.0639000002,5.60014133453369,-0.27300884955752164,0.07964601769911504,45.343960176991445
115270.76100000084,8.779707527160646,-0.7570610687022898,0.061068702290076333,57.723196564885825
20838.150900000008,5.170040702819823,0.20155440414507744,0.06217616580310881,42.28549222797926
65103.752500000075,8.451885795593263,-0.347478260869565,0.09565217391304348,45.85149565217398
214821.89449999933,7.014011192321777,-0.33275590551181067,0.07191601049868766,46.28107086614207
343550.50880000426,5.689662742614746,-0.45222910216718837,0.03126934984520124,76.60009907120596
23883.90930000002,9.54804172515869,-0.9676470588235289,0.08823529411764705,64.81029411764705
14276.569199999984,9.811201667785646,0.6411764705882351,0.10294117647058823,44.72941176470588
45620.535800000114,5.776171684265137,-0.15531400966183606,0.06763285024154589,37.822946859903375
35075.446600000025,4.981335258483886,0.2546623794212219,0.10932475884244372,54.805176848874574
21258.357100000016,6.156765556335448,-0.15706806282722505,0.08376963350785341,44.06073298429318
54887.71430000004,5.769919395446778,0.5170000000000008,0.11200000000000002,37.23121999999999
83528.95110000038,5.64407787322998,-0.3926568758344452,0.07476635514018691,44.9689185580776
74076.1717000003,8.066171455383298,-0.4299703264094951,0.0712166172106825,50.82078635014859
98404.46840000058,8.935721015930177,-0.8193779904306218,0.09330143540669855,42.40669856459348
40634.590100000074,9.621535682678221,0.4654596100278561,0.11977715877437325,54.97442896935931
43669.407900000035,8.86673984527588,-0.2821782178217827,0.06435643564356436,47.93539603960396
69875.07710000024,8.860228538513184,-0.03612903225806464,0.08709677419354839,44.153387096774274
25127.366500000007,5.611168098449707,0.1340807174887891,0.13901345291479822,34.02071748878923
73767.17480000018,6.4522714614868155,-0.2942161339421619,0.1111111111111111,45.47922374429235
80556.66720000042,5.196072959899902,-0.15256756756756798,0.09324324324324325,40.26108108108121
30021.203900000015,6.716459083557129,-0.8122222222222228,0.08518518518518518,79.67448148148151
68681.11260000023,8.564447593688964,-0.6027868852459007,0.0721311475409836,37.93393442622953
23858.241500000026,8.802851676940918,-0.5430622009569381,0.09090909090909091,45.18995215311004
30332.646400000005,6.669169044494629,-0.17445255474452556,0.051094890510948905,46.72664233576639
44565.583000000035,5.834943199157714,-0.30077720207253905,0.116580310880829,48.40388601036266
108528.11870000063,5.259959983825683,-0.5251945525291826,0.0632295719844358,28.519464980544832
79039.27830000033,8.041286659240722,-0.9355491329479764,0.07658959537572255,40.644508670520395
46871.79250000005,5.262574577331542,-0.5507317073170732,0.12439024390243902,36.744414634146345
53859.36910000014,8.474901008605961,-0.291120507399577,0.12050739957716702,35.73661733615223
74951.56670000029,7.968824195861815,-0.2654761904761902,0.09375,49.727232142857304
3456.3183000000004,11.999967765808105,-2.648,0.04,120.42000000000002
32679.265400000008,8.6756555557251,-0.20833333333333373,0.056666666666666664,61.97833333333332
48522.985100000034,8.78080348968506,-0.47006960556844546,0.08816705336426915,42.7113921113689
67791.41990000034,8.035742378234861,-0.41105691056910476,0.07804878048780488,47.49642276422776
32619.81100000001,9.532053565979005,-0.30909090909090936,0.08080808080808081,51.393973063973064
53702.10650000005,8.567735481262208,0.5921370967741948,0.08669354838709678,48.82177419354845
10962.452999999996,6.56259593963623,-0.21199999999999997,0.09,54.380099999999985
92467.75110000055,4.759151649475096,-0.7127023661270228,0.07970112079701121,40.41085927770869
41258.183100000046,8.145660972595216,0.48355437665782564,0.09018567639257295,40.8496021220159
148096.70440000028,6.106065177917479,-0.38740685543964204,0.06780923994038748,49.60625931445629
71107.32780000022,8.832571601867677,0.05340557275541746,0.09597523219814241,33.530061919504654
67113.12230000013,8.676751518249514,0.060358890701467806,0.08646003262642742,50.663654159869594
53688.166600000055,6.365819358825683,-0.41952789699570847,0.15021459227467812,36.88218884120171
62484.74620000019,4.775748634338378,-0.4627486437613017,0.0922242314647378,53.28410488245942
30169.510699999995,8.94584255218506,-0.13079710144927525,0.06521739130434784,42.30365942028988
17936.45709999999,7.762125968933106,-0.1691358024691357,0.08024691358024691,43.36858024691356
37947.655199999994,6.674455070495606,-0.10208333333333322,0.08035714285714286,37.43928571428572
64814.4156000002,6.159607505798339,0.4966555183946499,0.09531772575250835,38.18729096989969
87057.03890000067,5.0923986434936515,-0.33248730964467027,0.07233502538071067,45.097588832487446
12269.497999999989,9.143953895568849,0.16410256410256419,0.034188034188034185,35.55128205128205
38241.99880000004,8.48985767364502,0.7189910979228494,0.1513353115727003,27.92878338278932
79663.01480000043,7.433823966979981,0.4383008356545976,0.1072423398328691,38.80112813370478
87849.00890000057,8.871768379211428,-0.28915211970074756,0.07855361596009976,52.47309226932694
23704.85600000001,5.996422767639159,-0.3923809523809526,0.09047619047619047,43.08904761904762
56448.82130000012,6.017510032653808,0.08306772908366533,0.10557768924302788,44.56057768924305
49688.619599999976,8.904260444641114,-0.8878504672897187,0.09579439252336448,42.689579439252334
26077.260799999996,5.690913200378417,0.5268085106382975,0.14042553191489363,30.346382978723398
54091.74350000012,5.154068946838377,0.05889830508474551,0.09745762711864409,52.84258474576277
63619.43670000014,8.115360832214353,0.22386759581881532,0.1289198606271777,35.211898954703834
33340.662899999996,5.9172460556030275,-0.6156249999999999,0.04861111111111111,41.976388888888884
62154.39270000009,6.849348640441894,0.514337568058077,0.13430127041742287,38.797640653357526
62750.97000000015,8.072747230529785,0.4321364452423704,0.12926391382405744,38.222459605026955
50135.06660000007,4.942855262756347,-0.22926829268292714,0.09534368070953436,35.92527716186251
50151.06600000007,4.942855262756347,-0.23037694013303803,0.09534368070953436,37.32660753880265
49894.76790000008,4.964226722717284,-0.2336302895322943,0.0957683741648107,35.381959910913125
49958.98220000008,4.9750261306762695,-0.18533333333333346,0.09555555555555556,34.92666666666666
49857.98430000008,5.004980278015137,-0.13488888888888895,0.09555555555555556,33.68866666666666
50092.983600000094,4.9375123977661115,-0.2091314031180403,0.0979955456570156,35.700668151447644
49923.852100000084,4.946663475036621,-0.25156250000000024,0.09598214285714286,38.080803571428554
49908.18400000011,5.68045482635498,-0.17376681614349798,0.09192825112107623,38.14977578475336
50432.14310000016,4.8263353347778315,-0.3713333333333336,0.09555555555555556,39.06155555555554
49906.43870000016,4.780352592468262,-0.4076404494382024,0.09662921348314607,39.2887640449438
49952.530300000166,4.780352592468262,-0.4058426966292136,0.09662921348314607,39.097977528089864
49670.27600000016,4.780352592468262,-0.3479729729729733,0.09684684684684684,37.57725225225222
49856.57360000017,4.768530082702637,-0.3262331838565026,0.09641255605381166,38.06950672645738
50326.38190000015,5.053804969787596,-0.24279379157427958,0.08647450110864745,41.246784922394646
49830.47020000016,4.792061424255372,-0.3624719101123597,0.09662921348314607,37.804044943820195
49585.237700000165,4.780523109436035,-0.32139639639639667,0.09684684684684684,36.599099099099064
49775.48450000017,4.786207008361816,-0.3551801801801805,0.09684684684684684,40.77297297297295
49572.09860000018,4.7502847671508786,-0.3409909909909913,0.09234234234234234,38.53986486486484
15019.255499999988,9.386935234069824,-0.9062015503875973,0.10077519379844961,23.086821705426356
30394.282600000013,8.500366020202637,0.20479704797047954,0.11439114391143912,48.63107011070109
97055.27520000057,6.963595008850096,-0.07514384349827387,0.08285385500575373,49.5592750287689
34564.46240000003,8.962088584899902,0.5731391585760516,0.12297734627831716,36.391326860841424
75065.15800000062,9.127063179016115,-0.4004213483146048,0.06460674157303371,59.21460674157326
65123.682800000286,9.122228050231932,-0.7579831932773091,0.058823529411764705,62.62000000000025
20824.555500000002,5.647147178649903,-0.38967391304347837,0.07608695652173914,44.25983695652173
20986.954500000014,6.3872476577758786,-0.37500000000000017,0.07608695652173914,44.68755434782608
20924.6316,5.3652257919311515,-0.4097826086956522,0.07608695652173914,43.93646739130433
20504.132099999995,4.728401756286621,-0.20218579234972686,0.092896174863388,38.45907103825135
20615.229499999994,4.728572273254394,-0.28032786885245914,0.08743169398907105,44.336120218579225
20744.538699999994,4.873341178894043,-0.24590163934426226,0.08743169398907105,43.832295081967196
16224.7307,4.8263353347778315,0.06901408450704198,0.1056338028169014,46.60563380281689
27666.262300000017,9.086254692077638,0.3588235294117644,0.1764705882352941,33.18071428571429
16570.022599999997,7.56506519317627,-0.009933774834437133,0.0794701986754967,44.27615894039734
11283.733999999993,6.086114692687987,-0.22454545454545433,0.02727272727272727,24.403636363636355
37157.150000000045,6.186435508728027,-0.2350453172205441,0.09969788519637462,47.06981873111783
44197.397100000046,6.352291679382325,0.6073349633251843,0.11491442542787286,26.805867970660145
55343.96420000009,8.602097129821779,0.06054852320675072,0.14767932489451474,44.285232067510535
67813.8716000002,6.91573657989502,-0.05140032948929168,0.07084019769357495,49.429670510708505
98703.82190000062,9.44160442352295,-0.8458525345622112,0.08294930875576037,39.80554147465452
143750.4818000005,8.676880455017091,-0.19229041916167663,0.08757485029940121,57.34395209580873
109863.31110000079,6.541167640686036,-0.25051229508196704,0.10143442622950818,39.2569774590165
93837.60480000064,6.949726295471191,0.20822249093107648,0.13784764207980654,44.803567110036425
43747.36020000009,6.213945579528808,0.029584352078239683,0.061124694376528114,30.211271393643024
35010.82560000004,9.240914344787598,0.888535031847135,0.1178343949044586,35.23630573248406
97682.33630000078,6.422828865051269,0.024153498871331894,0.09255079006772009,48.08826185101598
69472.96090000022,5.478903770446778,-0.12845911949685565,0.08176100628930817,44.11556603773598
337080.42320000427,5.93094425201416,-0.3353170731707334,0.06764227642276423,40.96298536585397
22393.10399999998,5.215114021301268,-0.4133663366336636,0.08415841584158416,60.4
42695.3551,9.338326072692869,0.7815533980582547,0.06796116504854369,35.061165048543664
42189.16100000006,6.2833459854125975,-0.1257978723404255,0.06648936170212766,42.996542553191496
88770.17780000041,7.627985954284668,-0.27791262135922284,0.06067961165048544,45.67998786407791
163680.5141999999,6.206442832946778,-0.3834022038567488,0.09779614325068871,38.14553030303057
47139.662300000055,5.451848411560058,-0.18520286396181398,0.11933174224343676,24.9527446300716
31433.355200000027,4.710667991638183,0.02836879432624109,0.11347517730496454,35.378368794326235
51477.115000000034,6.386224555969237,-0.29192139737991213,0.09825327510917031,40.38168122270743
79146.79210000044,9.874316215515137,0.10704607046070425,0.07859078590785908,38.18605691056922
34856.28500000006,9.601872825622557,0.23592814371257426,0.041916167664670656,55.15868263473053
223046.9281999998,5.816925239562988,-0.8042476970317336,0.07932446264073695,49.42708290685812
173498.8868000003,8.270149421691897,-0.3103535353535346,0.0744949494949495,54.01887626262669
30906.462500000016,4.973036766052245,-0.6025925925925932,0.0962962962962963,49.48777777777779
114802.0283000008,6.526787376403808,-0.2422372227579556,0.0819672131147541,40.651600771456366
177601.197600001,5.010323143005371,-0.6150403977625876,0.06525792417650715,43.52612181479212
52377.36050000004,6.850201225280761,-0.24700854700854663,0.0747863247863248,40.11903846153846
29786.175899999995,10.028460121154787,-0.056071428571428515,0.05714285714285715,53.31785714285712
87162.66230000033,5.611509132385254,-0.37831168831168827,0.10779220779220779,48.58392207792228
25951.90510000001,5.090409278869628,-0.5255506607929518,0.11013215859030837,35.777533039647565
27550.92080000004,7.708867835998535,-0.3871369294605814,0.10373443983402492,46.87925311203318
37133.52290000003,5.122921180725096,-0.6590395480225988,0.028248587570621472,62.771186440678
19620.89469999999,9.99042377471924,-1.0423312883435583,0.08588957055214724,56.44723926380367
100869.76290000082,8.324689674377442,-0.1052106430155215,0.10753880266075388,38.606662971175325
254584.19140000007,4.757503318786621,-0.3664362850971926,0.0794816414686825,45.51366306695495
48736.131900000124,9.396605491638184,-0.48211920529801294,0.0706401766004415,54.81721854304643
44355.03480000015,9.530055046081543,-0.5009638554216863,0.07710843373493975,51.298313253012054
49161.018700000044,5.288152122497558,-0.33225806451612894,0.03655913978494624,56.37462365591404
103144.6944000007,5.735645484924317,-0.18109559613318965,0.0741138560687433,44.3573791621914
343665.08470000664,6.264702796936036,-0.2270380862448861,0.0683034309096632,40.10955303745697
35296.026500000036,9.00779666900635,0.6897435897435897,0.1185897435897436,41.718589743589725
26276.769400000005,6.123685264587402,-0.36538461538461536,0.07692307692307691,49.039786324786334
183674.4710000002,6.909939002990723,0.05237507711289354,0.107958050586058,36.64744602097497
24359.225600000016,5.561888694763183,-0.7409523809523813,0.08095238095238094,67.37761904761902
45096.20070000004,8.868609428405762,-0.24422110552763823,0.11557788944723618,42.36633165829146
51801.220300000045,9.270956611633299,-0.20197368421052667,0.11184210526315791,34.48925438596492
26386.290900000025,9.00018939971924,-0.15470085470085473,0.0811965811965812,41.669658119658116
25915.178300000025,10.064562416076658,-1.2406249999999994,0.07142857142857142,58.871428571428574
92958.29440000068,6.296703147888183,-0.26384704519119323,0.046349942062572425,50.05017381228299
35402.93690000004,8.808395957946779,0.6294871794871794,0.13141025641025642,47.706506410256395
60058.574900000196,8.602612876892092,0.49751332149200866,0.0763765541740675,35.36218472468917
38604.917300000045,8.907548332214354,-0.092241379310345,0.10057471264367816,48.05146551724138
100893.94320000053,5.326006889343262,-0.23583617747440255,0.13879408418657566,41.70781569965885
61806.112200000134,5.705009269714356,-0.08729874776386418,0.09123434704830052,47.492146690518815
63000.6971000001,6.264873313903809,-0.27891891891891896,0.08648648648648649,38.45172972972973
48669.25140000003,9.082257652282717,-0.5110311750599519,0.11990407673860912,32.86669064748201
27507.396600000026,9.28262538909912,-0.1350806451612903,0.06048387096774193,42.36092741935485
94563.32170000052,6.323019599914551,-0.09112207151664627,0.1060419235511714,40.75133168927262
61724.87700000002,8.93984699249268,-0.9711645101663573,0.07763401109057302,37.44380776340113
37260.25020000003,5.388472938537597,-0.24397590361445823,0.060240963855421686,56.114457831325296
50813.24780000008,5.354994773864747,-0.15472527472527495,0.11648351648351649,30.381780219780218
37431.46630000003,9.680459785461426,0.8167647058823536,0.10588235294117647,30.75029411764705
83470.54490000043,6.578226661682129,-0.3169107856191743,0.07856191744340879,40.843009320905594
87953.40880000056,6.3610448837280265,-0.17867830423940184,0.07481296758104738,47.03129675810491
62081.39740000008,8.602290534973147,-0.28605072463768133,0.1068840579710145,41.108894927536255
22385.615600000016,6.885270881652833,-0.010447761194029898,0.10945273631840795,54.59900497512438
16572.280099999996,8.258609580993653,0.1753424657534247,0.08904109589041097,40.94815068493149
83417.63120000057,6.907779121398925,-0.3443433029908972,0.06892067620286085,42.84163849154764
75701.51830000036,5.386199378967285,-0.2829446064139941,0.1107871720116618,40.49583090379024
78857.84380000037,7.062210655212403,-0.06521739130434792,0.06451612903225806,49.02960729312784
36059.575200000036,5.684206199645996,-0.3391566265060242,0.06626506024096386,58.563855421686746
35507.15190000001,8.90097255706787,0.7237341772151896,0.13291139240506328,34.19598101265821
46258.21880000009,9.459075355529787,0.29090909090909095,0.11004784688995216,52.358923444976114
75662.9381000002,8.241460990905765,0.1387755102040817,0.08017492711370262,39.40568513119547
123966.57920000078,4.880957603454591,-0.21383363471971056,0.07866184448462929,52.899556962025606
166009.67830000012,6.113056373596191,-0.5524725274725268,0.1298076923076923,41.604697802198075
19128.65820000001,8.482701683044432,0.7470588235294121,0.12941176470588237,38.92241176470587
62553.24130000018,8.763654899597167,-0.4991103202846971,0.10320284697508897,51.8170996441283
56781.691100000004,5.983406639099121,-0.5063366336633668,0.10099009900990098,35.72794059405939
52998.07329999999,6.027002143859862,-0.6671673819742481,0.07296137339055794,45.74785407725324
46799.01100000009,9.475514793395995,0.11004784688995209,0.11722488038277512,43.89332535885166
24914.532300000017,9.332201576232912,-0.5597222222222223,0.08796296296296297,36.204166666666666
52784.18370000007,7.154687690734863,-0.27573839662447286,0.06118143459915611,41.77215189873417
90972.65670000063,5.852506446838378,-0.604213135068153,0.07311028500619579,61.33609665427528
27552.045899999976,9.739448356628415,-0.4387596899224811,0.058139534883720936,52.88104651162789
20049.978299999995,10.118393516540525,-0.514857142857143,0.05714285714285714,45.107428571428564
115219.37440000121,8.565156745910645,-0.7084063047285449,0.04203152364273205,30.674868651488968
37236.25320000002,9.541723823547361,-0.13652694610778449,0.05089820359281437,33.55868263473054
29676.494599999973,7.732512855529785,-0.36891385767790275,0.10112359550561799,32.39404494382022
31084.316500000004,6.4503389358520495,-0.19673913043478303,0.10869565217391304,32.443115942028975
84473.79760000031,8.002734565734862,0.2485639686684077,0.09921671018276763,36.75719321148834
180970.70449999996,5.757414817810059,-0.4298709280885062,0.08666256914566686,48.907080516288026
105530.26570000069,8.112330818176268,-0.024866023579850138,0.12111468381564844,45.777084673097775
35548.11340000006,9.52689609527588,-0.22190476190476188,0.1142857142857143,44.56860317460317
96148.78560000066,8.248616981506348,-0.2735498839907192,0.0951276102088167,37.28180974477978
42321.516700000066,8.7086633682251,0.48525469168900903,0.12332439678284184,37.294906166219825
97440.30320000056,8.70801868438721,-0.3739664804469273,0.05027932960893855,50.23475977653663
29313.434400000016,6.15307102203369,0.18327272727272725,0.05818181818181818,49.517090909090896
34726.429900000025,9.09727878570557,0.8785256410256426,0.11538461538461539,32.17310897435896
35659.187100000076,9.086512565612793,0.7384615384615392,0.13782051282051283,40.49682692307691
33107.0051,8.332296943664552,0.7251677852348999,0.12416107382550334,37.82325503355703
35252.846000000034,8.953320884704592,0.7250000000000003,0.11858974358974358,36.59551282051281
52657.35499999994,8.948550224304203,-0.5667307692307693,0.04230769230769231,28.83557692307692
35830.24980000003,8.767716407775882,0.7053627760252373,0.13880126182965302,43.50157728706622
35616.464100000034,6.840652275085449,-0.5866666666666667,0.10793650793650794,64.17177777777778
118084.08240000074,7.273765373229981,-0.7119003690036955,0.03413284132841329,65.10814575645797
35372.04560000005,9.285719871520996,0.7983974358974363,0.125,38.56221153846153
28998.506600000015,9.143244743347168,-0.13396946564885484,0.06106870229007634,30.729770992366404
29480.477899999998,6.656209754943849,-0.5824218750000003,0.08984375,45.818007812499985
86842.91360000044,6.556855201721191,0.06832460732984283,0.10863874345549739,41.04467277486922
37423.11810000001,9.243299674987792,0.6725075528700917,0.14803625377643503,41.207009063444104
82793.94690000046,8.66862850189209,-0.26688741721854226,0.08344370860927153,44.70158940397368
82054.41820000036,8.585980033874513,-0.8084468664850132,0.05722070844686649,76.86771117166238
29380.22010000004,5.070686149597167,-0.029230769230769275,0.10384615384615385,41.66469230769231
129571.29620000058,7.136442375183106,-0.5128839590443678,0.05460750853242321,57.84659556314028
47775.58580000001,5.559274101257324,-0.2410550458715602,0.09174311926605505,42.03259174311925
22936.414999999997,10.591913795471193,-0.11869158878504664,0.02803738317757009,53.70327102803738
57279.09829999998,5.499706840515136,-0.287058823529412,0.10588235294117648,30.026490196078427
255446.08440000087,9.25928783416748,-0.0035952063914781577,0.10785619174434088,41.28613848202422
50206.08320000009,7.879277610778809,0.24590909090909063,0.11363636363636363,54.97227272727277
33880.52320000007,8.820258140563965,-0.21419354838709712,0.07419354838709677,49.876806451612886
72668.95330000028,9.246329689025881,-0.25405819295558957,0.09647779479326186,39.58698315467086
27005.82300000002,9.048540687561037,-0.23966942148760334,0.07024793388429752,46.64132231404959
67795.20750000022,5.87404842376709,-0.15000000000000005,0.10912052117263843,42.400993485342106
51546.58960000005,8.524670600891113,0.2575492341356674,0.1312910284463895,51.14991247264773
54065.99159999999,5.840399742126464,-0.29571734475374717,0.15203426124197,32.810513918629546
71978.22590000027,5.7331445693969725,0.1203927492447126,0.04682779456193353,46.21632930513605
32081.354600000068,4.82406177520752,0.12993197278911564,0.07142857142857142,47.48438775510204
23702.805200000017,9.875025367736818,0.0014285714285714763,0.07142857142857142,53.6005238095238
23721.81020000002,10.03277950286865,-0.006190476190476158,0.07142857142857142,50.58861904761904
65938.92490000016,6.775457954406738,-0.15508474576271192,0.09830508474576272,44.53050847457637
63553.435600000186,8.470646095275882,0.1412389380530971,0.12566371681415928,36.86323893805311
71991.35050000038,5.1878881454467765,0.14999999999999983,0.09782608695652173,41.025481366459715
134276.0440000005,6.256972694396972,-0.3160330578512395,0.07024793388429752,44.59372727272753
36921.338400000044,8.582563209533692,0.8871951219512199,0.10670731707317074,45.24820121951218
37805.89080000003,5.273999214172362,0.030563798219584472,0.11572700296735905,52.51839762611275
20754.528499999997,6.040472984313964,-0.13208556149732606,0.0802139037433155,40.39732620320855
45209.73320000015,9.778645133972166,-0.2901345291479814,0.04932735426008968,69.40941704035887
19024.424,9.09631175994873,-0.3442424242424244,0.11515151515151514,34.580060606060584
34171.58510000003,9.313699150085448,0.7902597402597402,0.10064935064935066,28.358181818181805
44182.00970000005,6.94193935394287,0.4677884615384623,0.07451923076923077,42.135576923076925
34914.51530000002,8.410626029968267,0.9165079365079366,0.12380952380952381,38.75399999999999
35620.164200000014,7.930852317810059,0.8685714285714292,0.1492063492063492,43.554952380952386
35678.23049999998,8.151463127136232,-0.35284810126582294,0.10759493670886075,47.355727848101246
54669.93820000004,8.694544792175293,-0.5645224171539955,0.06627680311890838,67.26608187134521
25030.18429999995,9.279853248596194,-0.23109243697479045,0.10084033613445378,48.886134453781494
93019.97770000057,5.498513221740722,-0.5726941747572807,0.08252427184466019,46.37476941747591
103827.34100000066,6.730839347839355,-0.1045353982300889,0.09955752212389381,41.734192477876256
49901.13750000012,8.813360023498536,-0.29293849658314386,0.08428246013667426,53.95216400911166
56378.92730000017,8.64135837554932,0.09196787148594368,0.11244979919678716,46.93078313253015
73833.44810000023,8.61589336395264,-0.17914764079147666,0.0669710806697108,48.96835616438375
124332.03940000077,5.6058252334594725,-0.3883093525179848,0.08453237410071943,61.32044064748238
68117.0293000002,5.550520896911621,-0.10258899676375452,0.07605177993527508,51.024611650485625
20579.668000000005,10.13876552581787,-0.6152542372881359,0.0903954802259887,47.184802259887014
117684.93860000068,8.5848840713501,-0.2715244487056554,0.08341323106423779,52.05955896452568
33746.852800000044,6.045076942443848,0.5402555910543136,0.09904153354632587,36.47958466453674
18863.485399999976,8.474965476989748,-0.12717391304347817,0.021739130434782608,70.7423913043478
62444.33810000011,8.583917045593264,-0.7751391465677165,0.08348794063079777,44.14007421150284
312295.64410000265,4.807862663269043,-0.423232323232324,0.06652734238941135,44.06559735283892
31020.93550000004,8.872993278503419,0.9195652173913043,0.12318840579710144,34.257608695652166
38269.92530000004,9.459913444519042,-1.2051359516616305,0.0634441087613293,47.705740181268894
162001.58020000032,5.986703300476075,-0.4885813148788931,0.08858131487889273,43.70195847750896
125463.74490000092,7.398811149597168,-0.14538116591928252,0.0905829596412556,45.80403587443977
35602.22000000003,8.780739021301269,0.6485530546623801,0.14469453376205788,45.66762057877813
61339.748500000074,9.02417163848877,-0.9998109640831732,0.08884688090737239,46.28166351606815
31939.448500000006,8.474578666687016,-0.1824137931034482,0.07931034482758621,43.30620689655172
36221.86330000006,9.81687488555908,0.27636363636363614,0.11515151515151514,56.00309090909092
41597.16780000001,4.690660667419433,-0.5963585434173667,0.12605042016806722,66.68994397759116
212042.7300999994,5.062899208068846,-0.494330708661418,0.07296587926509186,41.60015748031527
59308.30590000013,5.821870231628417,0.17579505300353354,0.06360424028268552,48.39893992932873
66652.04630000031,6.082647514343261,-0.45373134328358145,0.10613598673300165,46.90364842454405
110971.03160000066,6.997016334533691,-0.6015090543259551,0.060362173038229376,69.02949698189171
102965.48030000065,8.440797233581545,-0.3114285714285708,0.08021978021978021,41.52550549450566
84351.0072000004,8.849978065490724,-0.3856760374832659,0.06693440428380187,52.24096385542187
48164.62280000012,6.648991203308106,-0.3748283752860413,0.08924485125858124,51.080778032036676
59286.255600000186,6.112999534606933,-0.6285211267605622,0.03697183098591549,58.99806338028187
64859.03550000013,6.784154319763183,-0.16391231028667788,0.09612141652613829,47.76730185497481
58728.03710000009,4.900226020812987,-0.08223062381852571,0.11153119092627599,56.40268431001909
233172.75860000058,7.650664710998536,-0.13877358490565966,0.06132075471698113,51.28029245283056
149563.5728000007,8.430482292175295,-0.7828183873398652,0.06480783722682742,48.34048229088198
25131.904899999998,8.649545860290527,-0.7670940170940164,0.03846153846153846,68.82051282051279
106004.46400000057,8.565027809143068,-0.3416842105263142,0.06315789473684211,55.91180000000027
43859.55100000011,9.888112449645995,0.33385826771653493,0.12335958005249344,45.77430446194226
140249.85950000075,5.811070823669434,-0.666065830721005,0.06896551724137931,57.20486677116028
138134.00930000085,5.998639488220214,-0.7778861788617893,0.07723577235772358,61.626845528455675
66322.05900000018,6.904084587097168,-0.20830564784053213,0.07807308970099668,47.61729235880407
317448.85800000175,5.137756156921386,-0.2707492302429026,0.074580910023948,46.394368799179276
43809.36319999999,9.469519233703615,-0.3641361256544502,0.07591623036649214,60.14921465968592
133797.61950000084,5.698870658874512,-0.5995894909688008,0.07142857142857142,43.870459770115154
44125.82400000009,9.66034564971924,0.5576826196473552,0.11335012594458438,36.02395465994961
54638.87070000005,8.506232643127444,0.3820202020202023,0.13333333333333336,35.42088888888889
333142.618300005,5.377730369567872,-0.42696702579170803,0.07639569049951028,32.90027097616749
45807.28000000006,6.756871604919434,0.026225490196078446,0.10784313725490197,32.79387254901961
54435.86029999999,6.3607606887817365,0.47504990019960097,0.11776447105788423,28.433552894211566
29679.347099999995,6.008074760437012,-0.2202247191011234,0.0898876404494382,39.81086142322096
51613.36020000008,8.33036289215088,-0.32684563758389307,0.12304250559284116,37.37049217002238
57834.91940000012,6.747322654724122,-0.48448598130841075,0.05794392523364486,40.02242990654206
42703.81340000007,8.914381980895996,0.024681933842239653,0.08651399491094147,48.25218829516539
88939.1664000005,7.842466163635255,-0.35481012658227834,0.0860759493670886,45.50303797468369
33503.34700000009,6.691961479187013,-0.16060606060606092,0.09764309764309764,52.086902356902335
40065.550900000046,8.883050346374514,-0.06963788300835648,0.10027855153203344,43.19136490250695
34343.822500000024,9.266379356384277,-0.11472392638036816,0.06441717791411043,46.70889570552146
27201.968199999967,4.733233070373536,-0.12593984962406016,0.03759398496240601,41.91917293233082
198309.0627,6.220027351379394,-0.49041811846689853,0.12601626016260165,37.34129500580743
49478.218400000085,8.294711875915528,0.2876712328767119,0.1187214611872146,50.95963470319636
63075.8820000002,5.813685417175294,-0.346341463414634,0.08013937282229966,57.25857142857159
49292.83990000008,8.63581409454346,0.3345291479820633,0.10313901345291479,37.003609865470835
31914.53000000003,7.5099882125854505,-0.039041095890411125,0.0821917808219178,48.842808219178075
57948.93340000011,9.033519554138184,-0.12444444444444479,0.053703703703703705,49.97203703703711
61554.21750000023,5.252400398254394,-0.5974264705882353,0.08272058823529412,43.86895220588242
60717.90710000015,6.295395851135253,-0.30865384615384583,0.125,45.32426923076925
58418.29540000012,8.61795635223389,-1.2580952380952355,0.05523809523809524,47.48304761904767
91732.2050000006,8.316437721252441,-0.5398034398034389,0.0687960687960688,43.45764127764145
168347.36730000013,9.208938026428221,-0.5714285714285725,0.06238303181534623,65.92882096069918
66595.41190000008,9.95316104888916,-0.2412162162162166,0.08277027027027027,33.645962837837835
63746.6455000002,5.443265724182129,-0.396134453781512,0.043697478991596636,64.78285714285738
53699.900900000066,7.850975990295411,-0.044758064516129,0.06451612903225806,40.15203629032256
57971.167700000035,9.303642082214353,-0.8649298597194369,0.09018036072144289,51.33647294589183
114076.90610000075,8.759077644348146,-0.25081135902636814,0.11460446247464504,47.11868154158234
75127.45010000026,9.439283561706542,-0.7948406676782985,0.08194233687405159,43.84066767830057
116452.00430000041,7.889076805114746,-0.9369822485207079,0.07297830374753451,48.45228796844205
51798.94479999998,8.49540195465088,-0.6113378684807251,0.1020408163265306,56.14671201814063
52921.80639999998,9.181474494934083,-0.18608695652173923,0.1217391304347826,35.64028260869566
26318.696500000005,5.497660636901855,0.02213114754098356,0.07377049180327869,46.404098360655745
113790.17430000077,6.783131217956543,-0.3030632411067189,0.09090909090909091,46.74716403162077
63528.075300000084,9.365725135803224,-0.15971479500891267,0.10873440285204991,46.414616755793304
47350.72590000007,6.2264501571655275,-0.36484560570071245,0.11163895486935868,34.323990498812336
79245.82790000028,5.291278266906737,-0.4153075822603715,0.1072961373390558,50.274535050071776
70377.99970000033,9.116425895690917,-0.6873817034700317,0.04100946372239747,67.63753943217704
52769.953900000044,7.3665266036987305,0.22182952182952165,0.08731808731808732,47.62390852390857
36566.2806000001,9.610833930969239,-0.6005988023952102,0.07185628742514971,57.43682634730539
117967.06820000074,6.16296100616455,-0.404023552502452,0.10893032384690873,41.0500588812563
11664.79489999999,4.422892189025879,-0.23739130434782604,0.034782608695652174,53.64260869565217
27234.407500000038,8.800337409973146,-0.8131147540983601,0.06147540983606557,56.05040983606556
35547.854900000006,5.785152244567871,-0.3652866242038221,0.10509554140127389,33.51025477707006
37347.755000000005,8.42745227813721,-0.513505747126437,0.06321839080459771,58.68678160919536
14278.716099999989,10.43847904205322,0.12125984251968507,0.12598425196850394,24.151968503936995
28466.683299999986,8.436155509948733,-0.6687732342007427,0.05204460966542751,62.10449814126394
30267.907800000023,6.055080604553221,-0.3924528301886799,0.1018867924528302,48.33173584905661
33093.48420000003,8.25964107513428,-0.474922600619195,0.05572755417956657,73.45913312693504
25430.2959,9.946585273742677,-0.4253968253968254,0.04365079365079365,74.81706349206347
30902.44710000001,6.940234184265137,0.2069090909090907,0.13090909090909092,53.81967272727272
60629.16540000011,8.884210777282718,-0.8449458483754494,0.05956678700361011,51.707599277978495
128792.07930000039,8.467035865783693,0.23194915254237336,0.07372881355932204,50.29577966101729
28570.017700000033,8.696349906921387,0.15944881889763765,0.0826771653543307,58.87405511811022
55343.44410000007,8.1852445602417,-0.35458333333333364,0.075,52.723958333333385
13491.324299999984,10.099310874938961,-0.634426229508197,0.06557377049180328,46.34999999999998
48562.48530000006,8.75598316192627,-0.6776995305164315,0.10093896713615023,41.053286384976545
25038.016700000015,5.142075920104979,-0.32432432432432445,0.0945945945945946,46.64504504504503
92335.33290000075,5.908606529235839,-0.13047619047619097,0.11071428571428571,36.34347619047634
19125.115599999997,5.7646333694458,0.7278409090909087,0.15340909090909088,46.38414772727272
28241.728600000002,6.405379295349121,-0.2708661417322834,0.09055118110236221,52.236614173228354
28354.849800000004,7.575921440124512,-0.29055118110236205,0.09055118110236221,48.75433070866141
23461.4171,5.409617042541503,-0.38461538461538464,0.08653846153846154,45.22644230769231
32536.941800000048,9.451403617858887,0.343835616438356,0.11301369863013698,45.11883561643834
51135.28230000011,5.547792625427246,-0.36906318082788714,0.07407407407407407,64.20653594771258
15747.325199999981,11.999967765808105,-0.7437956204379561,0.0510948905109489,65.53430656934304
77485.15290000025,5.374320030212403,-0.20979532163742703,0.07602339181286549,44.1668128654972
38611.219500000036,8.258029365539553,-0.8623880597014925,0.06865671641791045,79.14925373134338
33302.68579999998,9.53237590789795,0.12207357859531792,0.12040133779264214,40.02648829431436
34734.505699999994,6.719130516052247,-0.16397515527950318,0.06211180124223603,26.22360248447204
138618.78740000015,9.192756462097169,-0.33203252032520125,0.06666666666666667,50.18000000000038
42314.97110000003,5.669143867492676,-0.2891191709844562,0.06217616580310881,41.70414507772019
31371.124500000034,6.411688423156738,-0.21863799283154167,0.09318996415770608,45.52082437275987
45204.77770000008,6.126356697082519,-0.4211822660098527,0.09113300492610837,32.934482758620675
30955.493700000025,9.679041481018068,-0.14388489208633093,0.07913669064748201,65.20143884892083
73264.37910000034,7.310824394226075,-0.4973950795947889,0.02604920405209841,70.12604920405248
37919.79600000006,7.065223121643067,-0.522155688622755,0.09880239520958084,39.194610778443135
32474.480099999993,9.492792320251464,0.02714776632302401,0.09965635738831613,28.321993127147763
56602.67350000013,8.456205177307133,-0.21257485029940132,0.09780439121756487,49.032554890219615
12058.292299999994,5.470150566101075,-0.47047619047619044,0.1523809523809524,68.8942857142857
21430.342800000006,8.465617561340334,-0.2391752577319587,0.08247422680412371,52.52319587628865
43267.22380000009,10.518097496032716,0.3906329113924057,0.08354430379746836,46.64886075949366
34383.595600000015,8.636974525451663,0.8141025641025649,0.11538461538461539,49.578269230769216
31075.74180000003,9.452177238464355,-0.17184115523465707,0.07942238267148014,59.089891696750875
31239.02770000003,9.639586830139159,-0.16294964028776987,0.07913669064748201,59.871942446043136
29919.429000000033,9.314859580993652,0.0800738007380074,0.07011070110701106,37.94686346863468
123432.36480000068,5.7857774734497065,-0.27587131367292234,0.0741733690795353,47.57248436103691
42002.27130000003,9.086899375915529,0.5981958762886611,0.09536082474226805,51.3497680412371
160401.05590000024,9.165744209289553,-0.9810772501771803,0.05315379163713678,71.49547838412518
47008.74800000005,7.880373573303222,0.4565011820330969,0.12765957446808512,39.70640661938534
42154.90020000001,5.823518562316894,-0.7932065217391302,0.059782608695652176,61.58777173913049
70020.12140000027,5.560013008117674,-0.48638497652582136,0.061032863849765265,34.752284820031306
42413.741599999994,8.628013420104981,-0.6439024390243901,0.07073170731707318,73.58487804878062
161810.62049999993,9.280626869201662,-0.6254491017964076,0.041916167664670656,29.991856287425513
44011.21489999994,5.458839607238769,-0.4475446428571422,0.040178571428571425,60.027477678571515
48282.40660000009,4.793937110900879,-0.41767337807606225,0.07158836689038031,65.07046979865784
34925.77220000004,8.796791648864748,0.9464968152866251,0.11146496815286625,40.76057324840764
93315.56840000057,6.586638832092285,0.17295285359801532,0.13895781637717122,44.87310173697284
46153.419900000066,5.321857643127441,-0.261330049261084,0.07142857142857142,49.46704433497536
222759.88060000126,5.585533714294433,-0.7851316468766176,0.055756324212700055,47.31838409912269
95400.2472000006,7.532951164245606,-0.9209891435464417,0.031363088057901084,58.541013268998995
29247.625300000025,9.142728996276855,-0.781153846153846,0.10384615384615385,63.41499999999999
46325.98959999998,8.306574058532718,-0.09358669833729218,0.08551068883610452,41.568883610451294
272510.52139999997,5.509142112731933,-0.05351769011793345,0.0939406262708418,45.80866205774739
114795.6258000009,8.455367088317871,-0.25646123260437204,0.12922465208747513,41.68003976143161
70195.46280000012,8.77442111968994,-0.5873977086743029,0.09001636661211129,49.399852700491074
51834.69490000012,6.544350624084472,-0.4048888888888892,0.08,40.21157777777778
331770.0435000019,6.435219764709472,-0.8233716475095842,0.05677464298153953,55.970393591083614
22554.2697,8.030455970764159,-0.2214285714285714,0.07142857142857142,67.35619047619046
56694.67460000008,6.462388801574707,-0.301195219123506,0.10956175298804781,49.79882470119529
32912.13760000004,8.363177299499515,-0.5013745704467356,0.07216494845360824,55.632646048109955
65432.099600000554,8.073520851135253,-0.4708920187793422,0.06885758998435054,53.13427230046976
62063.61290000034,5.1362215042114245,-0.7006420545746357,0.07223113964686999,52.372552166934454
55801.56610000014,6.273228645324706,-0.37337278106508864,0.05917159763313609,55.41619329388569
64841.695500000314,7.744676399230957,-0.2681666666666666,0.06333333333333332,50.40083333333346
55086.79500000014,4.891074943542479,-0.47752380952380963,0.06476190476190476,49.850304761904844
36445.05570000007,7.145081901550292,-0.4586750788643536,0.10725552050473186,47.983911671924275
23197.583200000023,8.780932426452637,-0.41089108910891115,0.08415841584158416,52.77524752475247
33247.2177,5.806921577453613,-0.728052805280528,0.052805280528052806,42.46270627062706
41919.76999999998,5.883995246887206,-0.03765903307888042,0.06106870229007634,36.96335877862594
65360.15650000042,7.901648139953614,0.022331691297208654,0.08374384236453203,63.23763546798052
162766.85560000013,5.749627876281737,-0.5170415814587588,0.06407634628493525,58.68214042263167
24867.795800000014,5.089158821105956,-0.3565610859728509,0.0995475113122172,33.768325791855204
48076.33280000006,5.8878602981567365,-0.4726415094339613,0.0660377358490566,47.5327830188679
28800.442199999987,9.541852760314942,0.38565737051792826,0.19123505976095617,34.72673306772907
43997.498700000055,5.152022743225095,-0.18020050125313325,0.07518796992481203,43.571428571428555
26912.57439999997,9.391963768005368,-0.48512396694214915,0.08264462809917356,68.13223140495866
47715.565600000016,5.922759437561035,-0.10208333333333329,0.07407407407407407,30.847685185185185
313925.47990000265,5.710067939758301,-0.31450326323423006,0.0779550398839739,43.59589557650501
39029.10230000006,6.631882667541505,-0.30689655172413843,0.10057471264367815,32.36063218390803
34188.16770000002,4.792004585266113,-0.20958466453674143,0.0926517571884984,46.59587859424921
52285.59410000006,6.858329200744628,-0.47554585152838413,0.10262008733624454,37.852838427947596
22875.942200000012,5.411435890197754,-0.21813725490196076,0.08333333333333333,55.99019607843135
18274.617299999984,5.879448127746582,-1.3237500000000004,0.04375,82.09437500000001
70834.06970000028,5.291676139831543,-0.6413461538461528,0.08814102564102563,46.807051282051376
9074.2998,9.30106334686279,-0.6602409638554224,0.07228915662650602,23.563855421686746
101207.92520000089,6.505472755432128,0.3600000000000006,0.1141304347826087,47.394804347826295
64899.31380000019,9.952322959899902,-0.3769983686786295,0.02610114192495922,57.370146818923494
80692.0534000006,6.939779472351074,-0.43592356687897943,0.02929936305732484,52.091719745223095
81983.97300000039,6.611136436462403,-0.43609693877550937,0.01913265306122449,60.72640306122473
34829.29490000004,7.5901880264282235,0.42012383900928774,0.09597523219814241,31.271857585139323
25878.18389999998,7.772868537902832,-0.47721518987341777,0.046413502109704644,58.43333333333334
24841.017200000017,5.703986167907716,-0.301809954751131,0.08597285067873303,48.150226244343884
37511.66420000004,5.939697456359863,-0.3012121212121215,0.10606060606060608,44.0521515151515
45774.37920000008,5.425361442565917,-0.6059405940594058,0.07920792079207922,55.497029702970345
45349.6243000001,5.1242284774780265,-0.5759398496240604,0.08020050125313283,50.42280701754386
35121.495200000034,8.568380165100098,0.8238993710691837,0.1069182389937107,43.38745283018867
146405.4712000004,6.173135185241699,0.010900832702497905,0.09689629068887207,33.28677517032571
202306.0813999999,5.430874824523924,-0.5505817174515233,0.06315789473684211,50.67996121883685
46479.81870000009,5.820108222961426,-0.1862980769230771,0.08653846153846154,43.52716346153846
104662.69270000065,4.816786384582519,-0.4094420600858369,0.08369098712446352,44.69377682403453
25921.209700000003,5.676873970031737,-0.11440677966101695,0.07203389830508475,44.597033898305085
116010.0929000007,8.977754402160645,-0.7108891108891101,0.1048951048951049,39.33187812187831
38719.00230000005,8.75656337738037,0.4881159420289853,0.16231884057971013,39.95744927536232
81889.07070000052,5.491124153137206,-0.3571428571428561,0.11484593837535015,33.935854341736736
62234.855500000165,7.041634941101075,0.42900355871886175,0.11387900355871886,42.07124555160148
80853.28050000046,5.667097663879395,-0.6628099173553718,0.05785123966942149,58.34629476584038
30761.302800000034,8.867062187194826,-0.390943396226415,0.09433962264150943,72.2932075471698
48758.14190000009,5.823518562316894,-0.34660421545667425,0.09133489461358313,37.724613583138165
95060.07080000064,9.221509361267088,-0.656234718826404,0.06356968215158924,54.314804400978254
162459.11570000084,5.957147026062012,-0.4401536312849151,0.06773743016759776,54.58798882681603
13441.470699999987,4.9263719558715815,-1.2111111111111112,0.03418803418803419,47.45726495726494
37376.589400000055,5.603949546813964,-0.23117647058823587,0.07941176470588235,37.51264705882351
37330.65150000004,5.604006385803221,-0.1770588235294119,0.08235294117647059,45.418235294117636
43538.257600000055,5.026351737976075,-0.27826086956521795,0.056265984654731455,46.10127877237849
49724.01820000006,4.686284065246581,-0.1422471910112359,0.09887640449438202,56.362471910112404
304103.0573000015,6.050078773498535,-0.24429052789217576,0.07937102208910521,42.83554473979816
35368.397200000094,6.301704978942872,0.015923566878980867,0.09554140127388536,53.67328025477706
40187.91070000005,9.122550392150881,0.5425414364640889,0.11602209944751382,48.957237569060766
58687.18390000014,5.581498146057128,-0.3159309021113246,0.09404990403071017,48.384088291746664
74889.30220000037,8.621695518493652,-0.5033082706766904,0.07067669172932331,45.17369924812043
80966.27450000044,5.481347846984862,-0.5278248587570603,0.09180790960451977,59.83362994350314
65756.77830000027,7.049080848693847,-0.5343853820598006,0.07973421926910298,61.92940199335569
45879.07890000012,5.407855033874512,-0.5096385542168671,0.033734939759036145,62.16120481927718
49952.13140000004,6.616422462463379,-0.5637188208616771,0.06575963718820861,60.90952380952399
220675.4492999994,5.758210563659667,-0.0075872534142635405,0.09661102680829539,47.19737986848797
15735.570699999991,7.983522987365723,1.0399999999999998,0.07741935483870968,23.13483870967741
83500.68560000049,8.744056510925294,0.1842323651452282,0.1313969571230982,50.901175656985
11675.882299999994,10.31469974517822,-1.806542056074767,0.0,82.33831775700934
21364.469699999994,10.935465812683105,-0.6845070422535215,0.009389671361502348,21.56572769953049
21864.982999999986,11.029202842712401,-0.7803652968036531,0.0091324200913242,26.090867579908664
22579.87639999999,10.910323143005368,-0.7420353982300887,0.008849557522123894,22.107522123893787
22349.608699999997,11.022111320495604,-0.7687782805429869,0.00904977375565611,20.2389140271493
52999.32110000008,6.954102897644043,-0.8792035398230081,0.06858407079646017,73.30265486725679
27212.566600000024,5.809990882873536,-0.28504273504273525,0.11965811965811966,48.740256410256436
22018.725800000004,11.71424388885498,-0.6758454106280196,0.00966183574879227,33.198067632850226
21841.805200000003,10.992326927185058,-0.7455813953488373,0.009302325581395349,19.637674418604632
20015.808899999996,7.497256278991699,-0.2724719101123597,0.0955056179775281,43.93932584269663
35161.25250000003,8.482830619812013,0.7088328075709786,0.11987381703470032,40.543880126182955
21595.931099999973,10.174932289123536,-0.9029850746268657,0.03980099502487562,64.12139303482589
36885.871,9.052602195739745,0.8293209876543216,0.16358024691358025,50.23376543209875
40328.615700000024,4.890051841735839,-0.09430199430199429,0.12535612535612536,38.014871794871794
55389.96290000007,5.342547035217284,-0.6270541082164318,0.04408817635270541,58.99579158316642
60119.53370000012,9.3611478805542,-0.08874045801526721,0.10114503816793893,42.49774809160306
85237.94090000048,5.215114021301268,-0.3652870493991985,0.10547396528704939,43.6642189586116
22409.6239,5.757016944885254,-0.07424242424242417,0.10101010101010101,36.210101010101006
22366.5361,6.215309715270995,-0.07979797979797974,0.10101010101010101,30.62676767676767
100900.78860000063,8.207615089416507,-0.26391752577319577,0.12829324169530354,45.97931271477678
46373.80819999999,6.456022834777832,-0.17828162291169486,0.0954653937947494,35.63391408114559
52916.33750000005,9.33961544036865,0.5562637362637367,0.15824175824175823,52.112373626373646
35784.29220000005,8.57244167327881,0.731562500000001,0.128125,37.3778125
17085.319399999986,8.32159519195557,-0.007361963190184094,0.04294478527607362,61.106134969325154
39447.75620000009,9.65544605255127,-0.7532763532763532,0.06267806267806267,39.506011396011395
48239.30180000014,5.810502433776856,-0.6338565022421521,0.07623318385650224,59.1964125560539
15208.402899999983,9.848013114929199,-0.6302325581395354,0.11627906976744186,55.662790697674424
38410.1136,8.622082328796388,-0.744705882352941,0.06764705882352942,71.70120588235302
49620.62890000012,5.782992362976074,-0.47645833333333193,0.06458333333333333,50.04416666666674
52118.17560000018,4.879479789733887,-0.49540918163672515,0.05788423153692615,63.20680638722573
61876.9065000002,6.636486625671388,-0.16608391608391618,0.06643356643356643,38.60335664335664
127683.66360000068,6.908745384216309,-0.11440217391304315,0.12409420289855073,36.37076992753637
16857.973499999986,6.544009590148925,-0.3993197278911565,0.09523809523809523,41.28639455782312
51910.081400000076,4.861802864074707,-0.5500000000000003,0.05341880341880342,44.01752136752134
94892.94920000054,5.045222282409667,-0.6995407577497115,0.06659012629161883,48.02709529276712
87990.21500000049,8.20503635406494,-0.2599236641221377,0.07888040712468194,40.00638676844793
33817.02460000001,9.115716743469239,0.7059405940594066,0.12871287128712872,42.662739273927365
48057.2355000001,5.336863136291503,-0.555581395348837,0.04883720930232558,46.88441860465115
84599.96790000059,5.5061864852905265,-0.35343915343915266,0.07142857142857142,51.293293650793785
32908.71080000006,4.784160804748535,-0.30508474576271205,0.09491525423728814,37.645796610169484
32853.67710000006,4.787571144104004,-0.309491525423729,0.09152542372881356,35.972576271186426
58912.5793000001,5.503117179870604,-0.034990439770554424,0.12237093690248566,30.339196940726584
58476.11690000003,8.613443565368652,-0.5308910891089104,0.09900990099009901,42.5372277227723
204473.89069999987,5.418768119812011,-0.4927312775330403,0.07929515418502203,46.91417951541879
29712.543400000006,7.637478065490723,-0.22958801498127354,0.09363295880149813,50.539400749063645
35939.572400000034,8.34757595062256,0.7292834890965739,0.12461059190031151,39.8190031152648
56363.6554000001,6.241341972351075,-0.805060728744938,0.06477732793522267,58.52530364372484
25733.926100000004,6.330465507507324,-0.3506493506493511,0.05627705627705627,34.37662337662336
27380.959,6.414018821716309,0.6701149425287356,0.0842911877394636,35.10114942528735
35619.02230000004,9.221702766418456,0.036645962732919146,0.08695652173913043,47.428602484472044
34903.36580000008,8.372073936462403,0.8125401929260452,0.12218649517684887,58.40646302250803
35028.37690000005,8.411206245422367,0.8679487179487191,0.13782051282051283,46.03689102564103
37232.00820000003,8.530601692199706,0.8498489425981886,0.13595166163141995,48.59761329305136
42493.69520000004,9.226731300354004,0.4328877005347595,0.13101604278074866,41.98478609625667
82284.61430000042,8.64129390716553,-0.35231607629427736,0.0667574931880109,44.22603542234345
84050.59180000053,5.127752494812011,0.42243839169909353,0.11413748378728925,36.96073929961096
53254.291800000065,5.206417655944824,-0.19750957854406156,0.06321839080459771,39.591379310344806
32659.664600000047,5.5396646499633775,-0.516262975778547,0.10380622837370242,27.242214532871976
145649.09080000027,5.890872764587402,-0.43338391502276086,0.07283763277693475,53.15215477996997
78259.44230000032,8.205552101135254,0.41997167138810254,0.1388101983002833,34.7733994334278
56955.174600000115,4.977811241149902,-0.937964774951076,0.046966731898238745,63.40647749510778
74220.63460000035,8.820322608947755,-0.7086206896551729,0.06609195402298851,60.75432471264393
46401.738800000065,5.327598381042479,-0.2579852579852582,0.07862407862407862,39.78506142506142
46876.950400000045,5.4778238296508786,-0.2861502347417843,0.08215962441314553,42.75727699530516
40217.027100000036,9.114040565490722,-1.0279202279202264,0.08547008547008547,51.53276353276355
53409.81300000012,7.310824394226075,-0.14474226804123755,0.059793814432989686,54.15360824742271
555651.36570001,5.448210716247559,-0.26446540880503516,0.05247641509433962,41.4207252358485
64899.313000000264,4.677360343933105,-0.6880341880341877,0.05982905982905983,64.28600000000014
28262.48490000004,9.359858512878418,-0.44372469635627565,0.056680161943319846,39.974939271255046
22719.217900000003,4.738178062438965,-0.36467661691542314,0.10447761194029852,31.005024875621892
31815.917199999993,8.350734901428225,-0.44505119453924885,0.054607508532423216,79.8744368600684
36884.43480000002,7.5736478805542005,0.7960122699386505,0.1441717791411043,43.09147239263803
28356.05330000003,5.442811012268066,-0.5178137651821865,0.10931174089068826,43.94534412955465
24975.67440000002,6.9757585525512695,-0.17077625570776248,0.1004566210045662,51.720593607305936
47695.232800000165,8.964022636413574,0.3053012048192775,0.14457831325301204,54.84703614457835
63925.62650000019,5.981701469421386,0.031652173913043515,0.11826086956521739,41.70766956521742
65698.35330000022,6.499334144592285,-0.6043405676126875,0.07679465776293823,64.10050083472484
52696.51250000008,6.441131019592285,-0.46499999999999997,0.04,56.953000000000124
154666.54050000026,8.035033226013184,-0.5711864406779668,0.05861581920903955,56.32282485875745
23123.8634,5.853927421569824,-0.38965517241379305,0.11330049261083744,38.56261083743841
11367.203099999986,11.36289119720459,-0.521359223300971,0.05825242718446602,42.95436893203882
14105.286099999974,11.049639320373537,-0.45846153846153864,0.030769230769230767,50.65692307692305
13995.125699999973,10.883117485046387,-0.45769230769230773,0.030769230769230767,53.500769230769215
14095.311099999975,10.903102684020993,-0.4684615384615386,0.030769230769230767,53.67999999999997
13988.197799999974,10.903102684020993,-0.4503875968992249,0.031007751937984496,55.3348837209302
14121.285499999974,11.049639320373537,-0.47846153846153855,0.030769230769230767,50.31692307692306
13906.075699999974,10.883117485046387,-0.4265625000000001,0.03125,49.78749999999997
14091.299299999975,10.903102684020993,-0.45307692307692315,0.030769230769230767,47.86923076923074
13936.101699999974,10.883117485046387,-0.4460937500000001,0.03125,49.78749999999997
14107.298699999972,10.903102684020993,-0.4730769230769231,0.030769230769230767,47.52923076923074
14135.312099999972,11.049639320373537,-0.47769230769230775,0.030769230769230767,48.83538461538459
14233.325899999976,10.861649513244629,-0.4832061068702293,0.030534351145038163,58.99923664122135
14019.228399999974,10.903102684020993,-0.43875968992248066,0.031007751937984496,49.97131782945735
15144.376199999972,10.738837242126465,-0.3615384615384615,0.03496503496503497,50.616783216783205
12537.521899999987,11.065627479553221,-0.5818181818181816,0.09999999999999999,35.08099999999998
232188.86250000066,5.761507225036621,-0.5836914062500006,0.0673828125,54.89308593750035
58128.7113000001,6.508712577819824,-0.3230468750000002,0.095703125,44.63126953125004
40057.74970000006,9.707923316955569,-0.41612903225806464,0.04838709677419355,44.983602150537614
65379.709400000094,9.017724800109864,-0.6060176991150426,0.09734513274336283,49.13665486725673
20232.252299999996,5.0689809799194325,-0.4912087912087914,0.07692307692307693,46.25989010989011
53911.84680000013,5.372728538513184,0.06924564796905285,0.03288201160541586,91.83580270793078
31737.813600000016,8.977560997009277,-0.8414634146341456,0.10104529616724739,59.10662020905923
20478.058299999997,7.6561780929565435,-0.3081081081081081,0.07567567567567568,26.002216216216205
7318.3995,9.896428871154786,-0.09852941176470593,0.04411764705882353,44.08382352941175
53789.07700000009,5.608837699890137,-0.06358024691358019,0.07613168724279835,54.38582304526751
50693.89290000011,8.988198280334473,0.2168918918918919,0.11486486486486486,45.13828828828827
34866.12040000006,7.586152458190919,0.7868589743589752,0.11858974358974358,38.67182692307691
50207.802999999985,8.755338478088383,-0.25820568927789994,0.08096280087527352,32.25601750547044
110885.32070000064,8.685390281677247,-0.37988668555240585,0.047214353163361665,64.39131255901843
37005.082200000084,5.52846736907959,-0.3738601823708208,0.10030395136778116,51.80577507598783
44278.69670000005,9.84111499786377,-0.3614173228346457,0.09448818897637795,48.86194225721784
69842.2226000002,6.229860496520996,-0.5357963875205239,0.08702791461412152,49.85504105090326
69147.28390000024,9.064142036437985,-0.6413680781758951,0.08794788273615634,39.43325732899032
61520.28620000012,5.409503364562987,-0.46834782608695613,0.02782608695652174,79.45166956521767
31002.248799999998,6.6522310256958015,0.09199999999999997,0.13090909090909092,58.964763636363614
41202.74440000003,5.2099416732788075,0.006469002695417891,0.15363881401617252,57.002183288409704
30602.4027,9.13215618133545,-0.6711743772241994,0.060498220640569395,59.62348754448398
72843.3180000002,8.908193016052245,-0.4905864197530859,0.06790123456790123,44.703873456790205
53650.23040000011,5.373126411437989,-0.7778723404255308,0.05106382978723404,65.55000000000018
29245.668100000014,6.867537117004395,-0.5788461538461545,0.10384615384615384,21.684615384615366
36489.82929999998,9.6387487411499,-0.4811594202898548,0.0753623188405797,53.76527536231884
75405.87950000036,9.517806053161618,-0.5614925373134307,0.06865671641791044,41.244626865671705
33307.461800000056,9.149111366271974,-0.8777397260273975,0.08561643835616438,39.950684931506856
99278.03760000052,5.742409324645997,-0.39197740112994234,0.07118644067796609,48.12723163841829
61900.6911000003,5.732689857482911,-0.5181660899653975,0.06920415224913495,50.09429065743961
102608.83930000073,9.502527046203614,-0.3566225165562894,0.10927152317880795,51.8685761589406
46295.42180000004,10.448858451843261,-0.6157248157248157,0.07371007371007371,42.1442506142506
46108.33930000001,10.193499183654787,-0.6468982630272953,0.08188585607940446,30.141712158808925
19707.953099999973,9.947165489196777,-0.8840000000000001,0.08,59.74
69743.36560000008,8.922247123718265,-0.9645214521452158,0.06270627062706272,60.13996699669986
36184.20080000005,8.89697551727295,0.9631578947368434,0.11764705882352941,47.20188854489163
73242.55720000043,6.732032966613769,-0.6342900302114786,0.09365558912386707,49.37540785498505
73152.76550000043,7.241765022277833,-0.6353030303030283,0.09242424242424242,44.86713636363651
71153.4457000002,9.159232902526856,-0.4849445324881138,0.06656101426307448,37.49876386687801
62298.84220000008,8.785058403015139,-0.4781786941580751,0.01374570446735395,71.46752577319623
51385.04800000011,5.403023719787597,-0.4720682302771853,0.04904051172707889,50.2663113006397
69412.70000000022,7.722622871398925,-0.03666121112929625,0.10147299509001638,44.24751227495913
35256.06790000002,9.154075431823731,0.8178913738019177,0.10862619808306709,40.59268370607028
35077.894900000014,9.058533287048338,0.8428115015974449,0.11182108626198083,41.41313099041534
47168.40240000004,7.011794471740722,-0.22142857142857175,0.07142857142857142,36.5269585253456
51105.8235000001,9.52199649810791,0.12662337662337644,0.0800865800865801,49.33465367965372
88475.80640000047,9.307896995544432,-0.40997442455242844,0.08056265984654731,52.68519181585701
60946.785200000064,6.045304298400879,-0.23658536585365877,0.1350844277673546,37.999643527204505
28058.19560000003,9.006571769714355,-0.8592,0.088,58.40159999999999
35322.04540000005,8.889368247985843,0.9150641025641034,0.14102564102564102,47.19301282051281
35151.21610000001,8.532019996643069,0.7485714285714286,0.14285714285714285,34.767650793650795
51033.63620000007,6.349563407897949,-0.21236203090507752,0.10375275938189846,36.338852097130236
43010.35060000007,8.04515476226807,-0.28844086021505416,0.08602150537634409,57.202688172042976
82087.71630000022,8.909933662414552,-0.4472727272727266,0.07412587412587412,44.22657342657355
46378.99770000008,9.367788124084473,-0.33017031630170374,0.0681265206812652,50.784428223844266
66031.90560000023,9.065624809265138,-0.8996485061511407,0.09314586994727592,41.29191564147635
74072.19220000041,6.713617134094237,0.5631424375917782,0.10866372980910427,46.48972099853169
72707.24840000039,7.337368202209473,-0.5484581497797332,0.04258443465491924,67.50706314243797
40703.44360000003,6.741809272766114,-0.5081005586592177,0.06703910614525138,49.58662011173184
70897.23430000029,5.374717903137207,-0.4560371517027863,0.06346749226006192,36.88749226006194
16408.194399999986,9.772971916198728,-0.9520000000000004,0.013333333333333332,45.68866666666665
20682.932299999986,9.912545967102048,-0.10416666666666657,0.046875,31.847395833333323
85124.14620000037,7.297126197814941,-0.8732262382864789,0.04953145917001339,54.57402945113809
138446.72760000036,5.784527015686035,-0.4193311582381723,0.07748776508972267,45.58809951060383
50501.475000000035,8.525895500183104,0.0006741573033706549,0.11685393258426967,49.978224719101185
16320.230899999993,5.472196769714355,-0.4039735099337754,0.05298013245033113,34.79403973509934
42588.60610000003,9.17618808746338,-0.18025974025974079,0.07532467532467532,47.051428571428566
26485.092899999978,9.684650230407716,-0.5849999999999989,0.08333333333333334,53.50541666666665
28579.517199999955,9.737578773498534,-0.20579710144927618,0.07246376811594203,59.1282608695652
41486.99920000007,6.145966148376464,-0.5282548476454293,0.06925207756232687,40.58229916897508
27099.736100000035,8.358535575866703,-0.3470833333333338,0.06666666666666667,47.90291666666665
14865.275799999985,10.505784034729004,-0.19357142857142845,0.05,25.782142857142855
90931.80360000038,7.119106483459473,-0.5135849056603757,0.07547169811320754,42.53888050314476
184359.36060000025,6.493707084655762,0.0871921182266017,0.11083743842364532,36.35339285714315
40989.00700000004,9.579308891296385,0.40899182561307934,0.10626702997275203,45.226485013623964
94622.13730000069,5.866773033142089,-0.9285714285714275,0.06257378984651711,52.90687131050799
68494.07080000026,6.4606836318969725,0.4990322580645172,0.13709677419354838,30.848774193548373
37040.30750000005,6.370878028869629,-0.7716012084592139,0.06948640483383686,62.480060422960776
21006.534400000015,6.436413383483886,-0.6848314606741576,0.15168539325842698,47.93325842696629
34573.60690000003,8.567155265808108,0.7028938906752411,0.1157556270096463,33.411929260450165
146649.8246000007,9.35360507965088,-0.6408284023668624,0.057692307692307696,67.00252218934946
30004.84970000003,6.103734779357908,-0.5548262548262551,0.07722007722007722,51.58648648648649
44682.84180000004,8.477028465270998,0.2040816326530611,0.10204081632653061,49.493112244897944
35126.01460000009,5.4379796981811515,0.14504792332268332,0.10223642172523961,38.88626198083067
35809.37130000007,7.90461368560791,-1.1257142857142846,0.06349206349206349,58.40380952380953
122327.99960000109,4.812750816345214,-0.8870651204281905,0.03835860838537021,68.79286351471936
37997.90050000001,9.297388648986818,0.09940652818991083,0.10682492581602374,59.396765578635
80982.85360000044,6.5571393966674805,-0.2246238030095759,0.08618331053351573,50.68744186046525
26143.241700000017,5.392963218688965,-0.4266129032258072,0.06048387096774194,29.76411290322582
228421.41660000055,5.440594291687011,-0.9129895884977774,0.008924144769459592,69.03753098661424
60497.023300000095,8.785058403015139,-0.8473887814313333,0.09864603481624759,41.807756286266965
186489.44990000068,8.062819099426267,-0.593932038834952,0.06067961165048544,50.15097694174794
58263.720000000125,4.647406196594238,-0.6714851485148506,0.08118811881188119,45.50916831683173
124182.61300000061,8.909353446960449,-0.43370577281191636,0.10521415270018622,41.95084729981407
30673.880099999988,4.89835033416748,-0.5141843971631207,0.04964539007092198,77.05460992907798
86401.10350000049,6.52206974029541,-0.3249669749009243,0.07793923381770144,47.66644649933966
92271.40300000052,5.466910743713378,-0.27063106796116504,0.08009708737864077,42.15959951456327
19611.3349,5.6370866775512685,-0.27283236994219645,0.06358381502890174,53.8393063583815
51734.82320000007,5.907128715515137,0.7434042553191493,0.1,40.87536170212765
77359.65670000044,8.449693870544433,-0.70622406639004,0.060857538035961264,63.91731673582322
36595.95500000006,8.133605384826662,-0.10408805031446548,0.11006289308176101,45.15408805031445
151197.84170000002,5.945551872253417,-0.5550072568940494,0.06676342525399129,46.65878084180003
55964.22450000014,6.471880912780762,-0.5896130346232172,0.07128309572301425,55.80368635437887
134022.78390000082,5.959818458557129,-0.535021097046413,0.07763713080168776,51.18253164556986
14552.89959999998,9.190886878967284,-0.2653543307086614,0.08661417322834646,60.952755905511815
38579.17380000005,6.456250190734862,-0.3129310344827585,0.08333333333333334,44.58505747126435
49559.83510000011,6.240375709533691,-0.07242888402625816,0.07439824945295405,48.42341356673964
33697.54290000003,6.259700965881348,-0.3467105263157895,0.09210526315789475,45.99177631578945
33501.24850000003,6.126925086975096,-0.355921052631579,0.09210526315789475,39.810855263157876
49097.413600000065,9.023784828186034,-0.33153153153153153,0.08558558558558559,45.60923423423423
37885.425100000015,6.230769920349121,-0.32375366568914954,0.08797653958944282,38.54809384164223
121448.84950000107,7.1849260330200195,0.09454049135577786,0.10100090991810737,33.04942675159249
58558.303700000135,8.561868858337402,0.2557655954631384,0.10586011342155009,43.97391304347825
23755.05400000002,8.676687049865723,0.7234146341463417,0.16585365853658535,39.1829756097561
187624.26169999968,6.504961204528808,-0.5509198813056368,0.08545994065281899,43.186237388724486
105936.71030000086,9.152915000915527,-0.3810272536687611,0.07651991614255765,48.78051362683466
55783.512800000106,9.334715843200684,-0.0860369609856266,0.10882956878850103,47.00067761806982
52962.29280000011,9.3617280960083,-0.7246406570841883,0.053388090349075976,66.76716632443554
39078.47220000002,9.737514305114743,-1.820402298850571,0.028735632183908046,45.13678160919538
74241.32400000046,9.683425331115721,-1.7073732718893981,0.046082949308755755,44.967588325652926
99189.12000000071,5.464182472229004,-0.40172811059907737,0.09216589861751151,59.623041474654684
99927.62030000053,9.127127647399902,-0.9205780346820808,0.07745664739884392,34.14416184971112
50566.834000000126,5.329189872741699,-0.5092672413793105,0.04956896551724138,45.601939655172416
35206.146800000024,7.558699226379395,0.588473520249222,0.09657320872274144,37.613426791277256
34962.85560000002,7.013897514343261,0.6429906542056076,0.09657320872274143,36.33401869158878
74742.46700000035,5.295825386047363,-0.17801204819277136,0.09186746987951808,40.82484939759042
35504.68850000004,9.578148460388181,-0.1864615384615388,0.07076923076923078,40.552615384615386
44223.468100000064,4.942457389831542,-0.14937343358396007,0.10275689223057644,40.243634085213024
38577.42800000005,5.9975595474243155,-0.1228813559322034,0.059322033898305086,38.84350282485876
13894.073899999978,9.041191291809081,-0.2164062499999999,0.0078125,37.48593749999998
49587.66640000015,4.907899284362792,-0.4746724890829692,0.0611353711790393,62.37074235807869
49317.37520000007,4.99736385345459,-0.5191111111111111,0.05333333333333333,42.05733333333331
49107.18000000002,9.07729358673096,0.25918367346938753,0.1111111111111111,50.69916099773248
261514.87210000097,5.984657096862793,-0.35135608048994016,0.09492563429571305,54.26100174978165
38428.53999999999,6.156083488464354,-0.2763313609467457,0.09467455621301776,45.742899408284
98334.67710000057,5.108540916442871,-0.2799765807962523,0.10070257611241218,42.02860655737721
81956.84330000059,4.952290534973144,-0.6058423913043471,0.05570652173913043,59.42445652173938
174221.4458000002,7.049592399597167,0.12123950936087874,0.09360877985797289,38.38651387992281
79387.9064000006,8.29600124359131,-0.32934051144010656,0.06998654104979812,56.012920592194035
56865.19700000014,5.790267753601075,-0.4707692307692304,0.05384615384615385,53.84711538461547
36178.62329999999,9.59536151885986,-0.316949152542373,0.06214689265536723,51.303954802259874
151189.25490000058,8.242621421813965,-0.8829199149539325,0.04535790219702339,57.17250177179341
30132.20350000001,7.813326454162597,-0.822710622710622,0.07692307692307693,57.1787912087912
33617.41180000004,6.086853599548339,-0.34144736842105267,0.08881578947368421,42.9674342105263
23665.489100000013,9.225119590759277,-0.6368663594470052,0.07373271889400922,51.16589861751152
17718.447999999993,10.987749671936037,-0.7098684210526321,0.05921052631578948,34.665789473684185
19297.891599999988,7.055674171447753,-0.34670658682634736,0.08982035928143713,48.5005988023952
55883.93390000004,8.444085121154789,-0.09083665338645423,0.08964143426294821,44.7898406374502
164867.3391000001,5.817948341369629,-0.44825938566552825,0.09146757679180888,39.09086006825969
94133.97670000052,5.839831352233887,-0.26635182998819384,0.07083825265643447,54.52857142857166
50395.28130000011,7.605079841613771,-0.40671140939597206,0.06487695749440717,64.80984340044759
79566.73560000025,8.860164070129393,-0.3652046783625728,0.11695906432748537,50.24624269005865
78457.30750000039,5.69369831085205,-0.39420084865629396,0.12022630834512023,41.09803394625192
39687.90550000005,7.1147867202758786,-0.2431818181818182,0.10227272727272727,56.70940340909087
24356.107199999984,5.6129869461059565,0.5399122807017536,0.11403508771929827,45.88508771929825
40018.81050000007,6.322792243957521,-0.10991735537190077,0.07162534435261708,35.280440771349845
23057.961200000012,4.911536979675293,-0.2359605911330049,0.09852216748768473,51.40640394088669
23318.277499999982,8.366916465759278,0.605,0.07727272727272727,35.13322727272727
32209.811900000033,9.243815422058105,-0.8045774647887323,0.07746478873239437,62.41091549295775
32285.93290000003,9.140472602844238,-0.7109965635738829,0.06872852233676975,63.86391752577318
23465.71300000003,11.475904273986817,-1.1112244897959185,0.030612244897959183,60.94948979591834
40054.14060000004,9.189919853210448,0.5445682451253486,0.09749303621169916,33.703676880222844
69227.50950000017,6.255608558654786,-0.7657556270096457,0.04340836012861736,73.38842443729929
38595.878100000074,9.717013359069824,-0.5115902964959567,0.05390835579514826,56.804582210242565
41486.3218000001,7.290532875061035,-0.310079575596817,0.09283819628647215,57.42387267904513
95339.98890000056,9.48073673248291,-0.6026763990267617,0.07542579075425791,49.814014598540346
34518.79170000002,9.140537071228028,0.7379421221864955,0.1189710610932476,36.83122186495176
34568.81040000002,8.992453193664552,0.7405144694533767,0.1157556270096463,34.005176848874584
34516.45260000002,8.850687217712402,0.6678456591639874,0.12540192926045016,33.300353697749195
70343.76570000022,6.402366828918457,-0.6108626198083064,0.0878594249201278,54.55736421725256
23854.478900000016,9.563643074035646,-0.32682926829268294,0.10243902439024391,39.562439024390244
116687.7563000007,5.384096336364746,-0.48302439024390065,0.06926829268292684,42.486351219512386
39790.72090000004,8.982589530944825,0.5437142857142863,0.12285714285714285,39.82602857142857
53217.8345,8.697316932678223,-0.16604554865424448,0.08074534161490683,44.36399585921325
37652.98320000003,6.626653480529785,0.8008695652173919,0.14202898550724638,23.696231884057962
7841.0969,6.551853370666504,-0.12857142857142853,0.04285714285714286,35.49714285714285
27679.215300000018,5.436842918395995,-0.5603305785123971,0.06611570247933884,49.94090909090909
34607.031300000024,7.60223789215088,0.3871382636655947,0.14790996784565918,41.33279742765272
58159.31340000022,5.14128017425537,-0.37188612099643964,0.04626334519572954,62.991459074733285
56794.01810000001,8.13437900543213,-0.4036,0.10600000000000001,40.89302
34449.36540000002,8.69615650177002,0.577704918032787,0.1377049180327869,45.64373770491801
40739.55140000006,9.269215965270995,-0.5491573033707862,0.06179775280898877,42.57696629213483
45776.63450000007,8.400697898864749,0.233898305084746,0.12348668280871672,49.342639225181614
125090.3317000007,10.380328559875487,-0.35256305939788324,0.06265256305939788,68.20415785191258
127718.73900000064,10.575216484069824,-0.344035228182545,0.06244995996797438,70.99807846277069
80925.80520000037,8.687904548645019,-0.7714876033057845,0.05785123966942149,64.33816804407734
65893.12570000016,7.628497505187989,-0.46512027491408875,0.12886597938144329,47.288539518900464
45250.1132000001,8.976722908020019,-0.20000000000000062,0.08515815085158152,37.61605839416059
41800.80330000007,11.7217866897583,0.5203980099502493,0.06467661691542288,58.66293532338317
41472.27260000003,4.890336036682128,-0.620375335120643,0.058981233243967826,62.411260053619365
36126.38560000003,8.656057167053223,0.7528700906344414,0.10574018126888218,37.32456193353474
40493.896100000034,9.702636909484863,0.7221606648199453,0.10803324099722991,45.41941828254845
54680.66250000003,6.14215793609619,-0.46475583864118886,0.09766454352441614,49.4881104033971
35492.69420000002,7.96450481414795,0.7074534161490692,0.10559006211180125,43.07021739130433
35384.62050000008,6.484612846374512,0.7274760383386581,0.13099041533546324,39.76645367412139
51066.52330000002,9.182763862609864,0.5840000000000001,0.1031578947368421,36.99246315789473
117472.22420000058,5.369943428039551,-0.16895578551269963,0.08936970837253057,38.52156161806216
68486.94390000016,9.361985969543458,-0.7737976782752882,0.07462686567164178,41.1202321724711
79141.4460000004,9.176445960998535,-1.0547584187408487,0.08638360175695461,35.458726207906395
87767.01870000042,6.217981147766112,-0.1376315789473675,0.13026315789473686,53.58884210526331
31224.102600000057,9.03603382110596,-0.8604395604395606,0.10256410256410257,47.978095238095285
110168.37930000084,5.870694923400878,-0.7255362614913169,0.06230847803881512,58.92055158324849
30202.583700000025,8.076228523254393,0.6619926199261997,0.10332103321033209,41.478228782287836
41906.50950000006,9.028748893737792,0.41671087533156476,0.10079575596816977,38.6819893899204
110665.45440000073,6.402878379821778,-0.5164898746383798,0.06846673095467695,62.47833172613339
45385.95700000001,6.149944877624511,0.17047619047619025,0.0976190476190476,40.977642857142826
69947.57370000028,5.498626899719238,-0.8193548387096753,0.04193548387096774,56.66903225806469
21409.082600000012,9.007280921936037,-0.7821621621621621,0.08108108108108109,47.98594594594596
36865.5665,9.352315711975098,-0.30530973451327453,0.08259587020648967,59.32625368731562
60908.232000000055,6.9843412399292,0.30236794171220355,0.12568306010928962,31.024790528233137
57675.54380000014,9.0275239944458,-0.34079207920792065,0.09108910891089109,60.264554455445655
28023.053999999993,8.589203453063966,-0.54484126984127,0.12301587301587302,41.3845238095238
20755.692199999998,6.905505561828614,-0.055851063829787065,0.05319148936170213,68.4351063829787
53535.147000000135,5.212840461730956,-0.7225531914893607,0.0574468085106383,51.310638297872394
47746.128900000025,8.900198936462402,-1.0323741007194223,0.0695443645083933,46.36357314148683
57944.196500000166,5.197891807556151,-0.16200378071833682,0.08128544423440454,35.04007561436673
65998.0602000002,5.402853202819824,-0.1836521739130435,0.10956521739130434,48.72299130434792
68419.56460000026,7.336288261413575,-0.6011513157894721,0.10197368421052631,45.82222039473693
71104.29850000021,6.058490943908691,-0.6687999999999987,0.0912,50.04049600000017
25568.975700000017,5.568652534484862,-0.2956331877729263,0.056768558951965066,35.09082969432315
100276.80890000064,6.489387321472168,-0.5464044943820211,0.052808988764044947,58.662932584269896
14467.397299999995,9.121647834777832,-1.08267716535433,0.015748031496062992,88.0496062992126
39184.558500000065,8.456785392761233,0.5566666666666672,0.10277777777777777,30.225305555555558
52995.56540000008,8.94861469268799,-0.7413566739606114,0.10065645514223195,48.24288840262589
46421.61180000008,5.884052085876465,0.16180904522613024,0.1306532663316583,42.246231155778894
20958.80119999996,11.349159431457519,-1.524590163934426,0.054644808743169404,109.56398907103829
212694.59000000005,8.100339698791505,-0.27045576407506633,0.0932975871313673,45.40586058981266
68070.92470000016,9.15459117889404,-0.6138842975206602,0.09586776859504131,48.787123966942296
62835.829600000165,5.638223457336425,-0.1706984667802387,0.06473594548551959,60.98654173764927
134318.9967000003,6.765113258361817,-0.4670212765957446,0.058919803600654665,51.757708674304816
86987.31530000041,8.471935462951663,0.26118836915297167,0.10872313527180782,37.658407079646125
55613.85100000013,7.610650062561036,0.5178571428571442,0.09722222222222221,36.04146825396824
34801.41840000004,9.123324012756349,-0.6829032258064508,0.07419354838709678,58.77064516129031
36637.11200000005,8.802787208557131,0.6018808777429471,0.14733542319749215,54.39717868338557
31843.629400000027,5.351641273498536,-0.6078291814946619,0.042704626334519574,61.84626334519572
34282.19220000001,8.804398918151858,-0.001929260450160801,0.08360128617363344,30.52543408360129
23308.221999999983,11.325628471374515,-0.657476635514019,0.0514018691588785,56.20560747663551
26048.668599999997,4.858506202697753,-0.3450643776824041,0.11158798283261803,39.641630901287556
106325.14080000081,6.239295768737793,-0.20622986036519858,0.10633727175080558,46.9399785177231
24389.368399999996,5.820051383972168,-0.315137614678899,0.09174311926605505,43.87110091743119
90195.88140000062,8.17924900054932,-0.24719235364396652,0.07168458781362007,50.098685782556984
25028.161900000003,6.64137477874756,0.34099099099099095,0.11711711711711713,50.68608108108109
68803.00560000034,9.025847816467284,-0.6718032786885225,0.08032786885245902,62.43052459016421
45587.085000000036,4.757673835754394,-0.2865000000000006,0.0975,37.85227499999998
54812.97860000007,9.13164043426514,-0.6336820083682004,0.100418410041841,46.77573221757326
35746.55460000007,8.68642177581787,0.7899053627760261,0.09779179810725552,42.47634069400629
38938.36440000008,9.470615196228028,-1.0184848484848485,0.11515151515151514,61.4730303030303
85939.68630000048,6.199281120300292,-0.35775401069518675,0.08155080213903743,53.53958556149752
87333.72370000047,5.7418409347534185,-0.5229333333333319,0.08933333333333332,51.02920000000025
36100.84339999996,9.49865894317627,-0.41661807580174964,0.09329446064139942,55.7172303206997
35503.435800000065,9.350317192077636,-0.41606557377049197,0.10491803278688523,49.64459016393441
30643.179599999967,11.157946205139158,-0.6874551971326154,0.07526881720430106,67.41290322580645
33601.29860000002,6.511440849304199,-0.317508417508418,0.08754208754208755,28.62154882154881
88559.10750000043,8.929918861389162,-0.3532734274711172,0.07445442875481387,43.12259306803608
124589.10460000078,9.89062671661377,-0.4373322147651009,0.04194630872483222,55.42786073825534
32558.756800000017,8.441377449035649,-0.24949832775919764,0.07023411371237458,63.03913043478259
27399.151600000027,6.347630882263183,-0.17764227642276437,0.0894308943089431,34.595528455284544
40262.486100000046,5.346866798400878,-0.5599431818181814,0.08522727272727273,42.31306818181816
153890.4244000006,6.474779701232909,-0.9151676829268316,0.04496951219512195,50.45427591463445
70370.01280000032,5.814140129089356,0.19537037037037022,0.10956790123456789,47.62129629629638
84339.9943000006,6.334273719787597,-0.5779237844940859,0.051248357424441525,55.00750328515138
27899.586600000024,9.43393268585205,-0.35625,0.078125,37.16097656249999
45123.55480000003,8.466133308410647,-1.0580402010050234,0.05025125628140704,60.91507537688448
26941.798700000018,6.5516260147094725,-0.16932773109243718,0.08403361344537816,45.37563025210085
38159.9808000001,8.2630578994751,-0.7629943502824854,0.0423728813559322,69.60367231638419
139560.4150000005,6.460569953918457,-0.49031476997578594,0.08232445520581114,51.95657788539184
85868.9906000003,6.403162574768066,-0.6089947089947072,0.0873015873015873,43.86773809523823
160898.0113000007,5.753777122497559,-0.8431556195965431,0.058357348703170026,56.72510806916463
43759.341900000014,6.188652229309082,-0.3436363636363637,0.11428571428571428,55.93610389610391
34465.837600000006,5.955214500427247,-0.06315789473684212,0.058823529411764705,42.59195046439628
160246.60870000054,8.675139808654787,-0.3567132867132853,0.07272727272727272,46.16755244755274
64416.22600000049,6.116864585876464,-0.3888535031847138,0.07802547770700637,54.450159235669005
66037.93810000058,8.150560569763183,-0.6257763975155256,0.07142857142857142,57.61785714285741
57290.88750000014,6.2745359420776365,-0.45697896749522016,0.05927342256214149,45.41242829827923
58922.67000000016,6.929662132263183,-0.42462962962962963,0.06851851851851853,39.16962962962962
57864.7180000002,7.5891080856323265,-0.45047258979206045,0.05103969754253308,39.67807183364841
55876.70530000012,6.5344038009643555,-0.3949119373776908,0.0547945205479452,38.34677103718198
70351.84300000012,8.63104343414307,-0.5061191626409012,0.06119162640901771,57.62723027375216
59559.684400000195,7.604625129699708,-0.4517241379310347,0.06352087114337568,51.7892921960074
62377.614800000345,7.58353786468506,-0.42796610169491495,0.07288135593220338,51.17898305084765
126182.13980000063,6.290450859069825,-0.02317822651448595,0.08691834942932397,45.870245829675376
50809.80590000012,9.127578926086429,-0.6797894736842098,0.05052631578947368,64.01094736842124
140403.53160000083,6.572315406799317,-0.4501510574018125,0.044561933534743206,62.884365558912755
112230.03290000075,7.196464347839356,-0.47910731244064453,0.04178537511870845,56.349287749288074
135344.56690000073,6.559697151184082,-0.3816923076923064,0.04153846153846154,67.1395384615389
91196.13510000071,6.146477699279784,-0.736167664670657,0.05149700598802395,66.95245508982059
95518.37870000086,6.096118354797362,-0.6007829977628618,0.05033557046979866,65.01577181208087
105397.4050000007,5.922645759582519,-0.5344587884806351,0.03773584905660378,61.864448857994425
46793.049000000145,6.14426097869873,-0.8686893203883485,0.03640776699029126,60.83567961165053
19134.856499999994,9.067687797546387,-0.7459119496855345,0.11320754716981132,83.7490566037736
21730.557099999998,8.918056678771975,-0.261734693877551,0.08673469387755102,59.513775510204106
78763.1654000005,6.4265233993530275,-0.7311428571428563,0.05285714285714286,60.73157142857168
83014.18760000092,9.95154933929443,-0.24544364508393043,0.06834532374100719,65.56187050359755
32030.68740000003,9.215384864807131,-0.41118421052631593,0.05263157894736842,53.19049342105263
50481.84450000012,8.567477607727053,-0.3641304347826088,0.07608695652173914,48.89086956521743
26787.96590000001,4.700778007507323,-1.335,0.0625,69.44666666666662
64529.92970000018,7.23977565765381,0.42180327868852546,0.06557377049180328,53.518704918032995
45813.987700000056,9.702056694030762,-0.5514285714285714,0.05,53.043571428571425
13714.398099999988,6.058661460876464,-0.3764705882352941,0.1092436974789916,33.8152100840336
212857.59699999966,5.569675636291502,-0.2658410732714128,0.0608875128998968,58.26351909184766
121903.93710000068,8.27060070037842,-0.7191064638783267,0.08269961977186312,45.23717680608391
22095.252599999985,5.939640617370605,-0.5604060913705585,0.12182741116751268,43.08629441624365
40121.77440000005,9.236594963073731,-0.4678100263852247,0.0870712401055409,62.23271767810031
64970.41010000009,9.622953987121583,-0.8374340949033371,0.08787346221441125,46.34518453427071
137007.6575000006,5.896727180480957,-0.1449637389202232,0.07171635777598712,53.10098307816307
33309.59700000002,6.459376335144043,-0.3552901023890793,0.10238907849829351,37.76317406143345
189070.4459,9.68220043182373,-0.922458628841609,0.04196217494089834,75.62074468085152
35492.24850000001,9.162327384948732,0.8528125000000006,0.109375,37.09721874999999
63758.952600000164,9.57905101776123,-0.05284974093264289,0.07599309153713299,46.59464594127811
79153.7079000003,5.918951225280761,-0.5672804532577902,0.06515580736543909,56.77719546742226
48053.19800000005,8.094988822937015,-0.19653579676674382,0.07159353348729791,65.29748267898398
106304.7828000008,6.480861473083496,-0.5799785867237676,0.0802997858672377,63.02901498929365
223068.83420000118,5.653626823425292,-0.7792676637442025,0.0556988138215575,46.68241877256353
223902.04240000105,5.624695777893066,-0.7802577319587672,0.05824742268041237,45.94072680412405
119382.30540000068,8.932755470275882,-0.6962013295346623,0.06552706552706553,46.5084615384618
22559.147600000022,6.155571937561034,-0.41306532663316586,0.12060301507537688,38.728140703517596
81660.53950000039,8.670498085021975,0.2571041948579159,0.09066305818673884,34.29014884979709
40972.19070000007,5.894737815856933,-0.6246031746031748,0.10052910052910052,64.70878306878313
78435.46490000046,5.686138725280761,-0.5443641618497106,0.08236994219653179,59.00796242774586
20691.716000000008,9.184440040588381,-0.456179775280899,0.10112359550561799,50.122471910112345
61515.862800000235,4.636379432678221,-0.8979742173112322,0.058931860036832415,67.65101289134448
23480.208199999994,6.43499240875244,-0.348165137614679,0.0779816513761468,46.60000000000001
49830.23580000011,4.989576911926269,-0.4325991189427312,0.05947136563876652,62.09757709251116
7205.260300000001,7.708867835998535,0.02352941176470589,0.029411764705882356,59.832352941176474
32006.11740000003,6.933413505554199,-0.23276450511945387,0.07849829351535836,46.063139931740636
107314.37170000088,5.420189094543456,-0.33274058577405796,0.08786610878661089,52.75516736401695
330628.7250000014,5.09580898284912,-0.6139057239057292,0.06363636363636363,53.37232996633028
61564.72530000014,9.255161857604978,0.3987588652482275,0.07446808510638299,36.327482269503534
108857.13200000081,8.855071067810059,-0.5989909182643796,0.06861755802219979,51.96874873864811
42615.170700000104,6.533664894104004,0.21039999999999967,0.14133333333333334,46.884853333333325
6322.518300000001,11.999967765808105,-1.4078431372549025,0.09803921568627451,66.1313725490196
6406.601600000001,11.999967765808105,-1.450980392156863,0.09803921568627451,78.81764705882351
6292.4493,11.999967765808105,-1.3215686274509808,0.09803921568627451,76.02549019607844
33252.416300000004,5.890588569641112,-0.30969899665551864,0.10033444816053512,45.76424749163879
48080.233300000065,6.729816246032715,-0.4465882352941171,0.08705882352941176,53.25552941176472
52305.54000000008,6.133518409729004,-0.443683083511777,0.08779443254817988,53.30021413276238
97903.27680000066,5.500729942321777,-0.19115341545352665,0.05375139977603584,39.97171332586805
54900.176600000064,5.121102333068847,0.4890838206627686,0.08576998050682261,37.03003898635476
91920.23010000054,7.649073219299317,-0.8344202898550709,0.04830917874396135,60.64106280193266
19826.976099999993,4.804907035827637,-0.7970930232558145,0.09883720930232559,35.45290697674418
24831.01510000002,9.939622688293458,-0.4082949308755767,0.06451612903225806,30.032718894009218
45450.5503,9.39608974456787,0.7594724220623515,0.10551558752997602,38.40796163069542
45210.00969999999,8.705117607116701,0.7510791366906486,0.11031175059952039,36.974124700239784
14493.502699999983,8.732000923156736,0.12700729927007298,0.06569343065693431,38.52408759124086
111774.29760000078,8.942877006530765,-0.41155778894472117,0.05728643216080402,44.19467336683435
16118.365899999999,5.43098850250244,0.013669064748201416,0.12949640287769784,43.499352517985606
12628.547099999987,10.114203071594236,-1.0679245283018877,0.10377358490566038,37.985849056603755
39017.48599999999,6.066846275329589,-0.22005730659025832,0.05730659025787966,45.75332378223495
24014.355100000023,8.83031520843506,-0.7705069124423964,0.1152073732718894,65.80414746543775
22677.491399999995,5.9312852859497065,-0.293658536585366,0.09268292682926829,37.87658536585365
140865.88360000064,6.493593406677246,-0.5302642113690942,0.07526020816653323,42.91049639711798
61330.774800000145,8.084351539611816,-0.4025878003696849,0.08133086876155268,50.0898336414049
38450.76180000003,8.27550029754639,0.6440579710144929,0.14492753623188406,41.68150724637681
96556.8025000007,6.282095527648925,-0.4057937427578197,0.05677867902665122,52.46801853997712
44116.04500000002,6.003300285339355,-0.6330917874396126,0.06763285024154589,58.76884057971026
47442.64230000015,6.624152565002441,-0.49402298850574694,0.08735632183908046,60.88758620689666
55184.9385000001,8.881696510314942,-0.1311578947368424,0.14105263157894737,38.30821052631578
35913.83010000004,7.223860740661622,-0.29122257053291567,0.0877742946708464,52.93730407523511
48422.32730000005,5.543529701232909,-0.4659523809523805,0.10476190476190475,38.81692857142856
50973.24430000006,7.902421760559083,-0.5860869565217387,0.06304347826086956,66.36826086956539
45220.03940000005,6.9290369033813475,-0.8242499999999996,0.09,64.58225000000012
73502.08820000032,9.180700874328615,0.27076461769115556,0.095952023988006,52.69686656671679
9887.476199999992,8.845852088928222,-1.2674157303370783,0.0,105.83595505617976
119038.29330000066,6.489103126525879,-0.5195571955719563,0.04428044280442804,59.37482472324764
45509.08630000004,6.0109167098999015,-0.1092198581560286,0.04964539007092199,69.73217494089847
39183.01860000001,9.833894538879392,-0.23848238482384884,0.05420054200542005,35.775907859078586
22254.681,9.621342277526853,-0.012121212121212109,0.09595959595959597,37.76161616161615
51089.7147000001,6.066107368469238,-0.24129464285714278,0.109375,41.64486607142857
64681.4250000001,9.802756309509277,-0.9181657848324499,0.06525573192239859,64.95961199294551
193077.16340000046,7.303207969665528,-0.47765894236482737,0.07130124777183601,54.37891859774249
46888.07200000004,9.886758613586426,0.2072093023255812,0.09534883720930232,54.87932558139539
45221.807700000085,8.030133628845213,-0.21279620853080589,0.07345971563981044,51.03364928909953
838297.8440000067,5.275477027893066,-0.5880617217108757,0.04926908500270709,50.94443827828787
52561.66270000006,5.871263313293456,-0.38219780219780203,0.10989010989010989,34.549912087912084
35240.59240000004,8.58978366851807,0.797435897435898,0.1314102564102564,39.29201923076922
42232.784,7.281268119812012,-0.3400000000000004,0.10133333333333333,64.12242666666677
72313.3375000003,8.90799961090088,0.19450381679389295,0.10534351145038168,29.255435114503793
58992.97160000012,6.442779350280761,-0.17038391224862928,0.08043875685557587,33.0521023765996
82932.45840000035,5.4516210556030265,-0.299615877080666,0.049935979513444306,50.58373879641504
92461.94690000052,5.361588096618653,-0.3750310559006202,0.11801242236024845,40.088211180124375
58168.49690000015,9.366498756408692,-0.7046153846153843,0.05769230769230768,59.90519230769244
43776.77280000011,8.646580314636232,0.4814814814814821,0.09135802469135802,44.344962962962946
29078.539800000006,8.277498817443853,0.12593984962406019,0.07894736842105263,55.543609022556396
155602.53010000027,7.826155662536623,-0.39985569985569824,0.07431457431457432,50.56357864357894
25354.563900000012,5.26160831451416,-0.739130434782609,0.10869565217391305,56.04956521739127
36166.69400000006,8.656959724426269,-0.09681528662420369,0.1019108280254777,34.601942675159236
40541.63710000002,9.00412197113037,-0.1553133514986375,0.0653950953678474,32.6784741144414
180597.24099999963,5.325665855407714,-0.2980523432744971,0.07790626902008521,38.843773584905904
271321.6702000008,5.787766838073731,-0.6508368200836875,0.05774058577405858,47.85850209205052
49301.46900000009,6.7467542648315435,-0.5515765765765758,0.06531531531531531,39.88761261261261
59977.33380000014,5.686081886291503,-0.31909262759924373,0.07939508506616258,50.46844990548214
29661.620400000014,9.156009483337403,-0.240977443609023,0.07894736842105264,46.45037593984961
52075.296000000046,6.382075309753417,-0.26926406926406976,0.08441558441558442,51.35238095238101
81030.84230000034,5.22960796356201,-0.43178621659634236,0.09704641350210971,54.94364275668094
94615.45110000059,6.876006126403809,-0.19495305164319196,0.04342723004694836,44.22559859154953
91997.8621000004,6.009836769104003,-0.22858880778588794,0.08637469586374696,45.73579075425806
27754.19610000003,6.5646989822387685,-1.1152892561983467,0.1115702479338843,63.34012396694211
31910.207600000016,8.704859733581543,-0.8917241379310342,0.09655172413793103,70.56624137931033
26338.920700000024,9.182699394226074,-0.9021459227467808,0.12875536480686695,60.79965665236052
29344.87260000003,9.315955543518069,-0.8644444444444436,0.08888888888888889,65.61481481481479
29434.13160000004,9.095409202575684,-0.7386617100371741,0.09293680297397769,62.08438661710037
27573.342100000016,8.480703163146973,-0.9703703703703705,0.11522633744855967,65.77539094650204
25432.041900000026,8.446663856506351,-0.9102678571428567,0.125,74.74066964285713
129051.66760000089,6.498367881774903,0.39759786476868525,0.12099644128113879,37.09637010676177
34093.0746,9.151174354553223,-0.2567073170731707,0.09146341463414634,66.82408536585366
18153.746099999986,8.864161109924318,-0.8976331360946745,0.047337278106508875,87.14674556213018
24975.916500000025,9.57131481170654,-0.8927927927927927,0.08558558558558559,69.92527027027025
40996.935400000104,6.273797035217284,-0.32983870967742007,0.06989247311827956,39.116666666666674
80592.32040000038,5.608894538879395,-0.6747175141242934,0.07344632768361582,47.55905367231653
186505.52050000004,6.511156654357909,0.15389768574908813,0.11571254567600488,39.48484774665073
11139.432599999993,9.516903495788572,-0.6010101010101009,0.10101010101010102,19.253535353535348
54416.1894,8.85036487579346,-0.3225672877846797,0.06211180124223602,34.50167701863353
302876.50280000205,6.826499366760253,-0.604445274561079,0.06238326484871125,51.86190511766941
50301.83680000009,5.776171684265137,-0.5858078602620084,0.04148471615720524,55.80349344978175
53364.0864,6.343367958068847,-0.5906976744186043,0.06976744186046512,49.34991543340383
143693.7038000003,6.771592903137207,-0.24068745003996558,0.11830535571542766,40.59809752198263
60896.12990000021,9.364758110046388,-0.19482470784641123,0.0651085141903172,36.24607679465775
23592.5105,5.419109153747558,-0.41538461538461535,0.08653846153846154,48.511538461538464
42776.51410000006,6.21025104522705,-0.595663956639566,0.07317073170731708,43.60460704607044
54054.63060000007,7.451273536682129,0.5987927565392365,0.1227364185110664,42.50207243460764
19715.1007,9.151174354553223,-0.6849162011173188,0.04469273743016759,47.505586592178766
22067.4025,9.22827854156494,-0.7898058252427186,0.043689320388349516,57.794660194174774
105536.78360000071,6.2378747940063475,-0.14267100977198627,0.10640608034744842,50.90880564603715
435164.38469999295,9.24194583892822,-1.6726914553065688,0.023885742427973408,78.38845112041137
39153.49300000003,9.943426322937015,-0.7773371104815867,0.05099150141643059,37.47592067988668
35313.0505,9.12519359588623,0.7603715170278651,0.08668730650154799,48.42913312693497
14471.368999999986,5.565355873107909,-0.24471544715447138,0.13008130081300814,59.32528455284551
140474.30630000043,7.529654502868653,-0.26930379746835303,0.08544303797468354,45.55918512658258
105371.59080000065,9.030682945251463,-0.2637526652452024,0.08742004264392325,40.689989339019306
71641.99690000017,8.93017673492432,-0.44285714285714295,0.09206349206349207,41.5047936507937
184643.46780000004,7.8304750442504885,-0.8388585306618127,0.052216150576806314,65.1250758955682
53118.902100000094,9.078711891174319,0.18790983606557346,0.07581967213114754,54.221967213114866
181277.28840000043,6.756814765930176,-0.8950943396226455,0.05471698113207547,70.69773584905714
53075.02450000001,6.543839073181153,0.6355042016806729,0.11974789915966387,42.635756302520996
53651.04230000012,5.0634675979614245,-0.8231759656652349,0.05150214592274678,58.07575107296143
35497.24630000005,9.299451637268067,0.8370607028754002,0.13099041533546327,43.898083067092635
64969.03280000016,5.750821495056152,-0.42834224598930487,0.12477718360071301,38.76900178253119
49577.284600000065,8.410045814514163,-0.480088495575221,0.05973451327433628,48.85353982300889
27856.18579999999,8.388577842712404,0.42183908045977025,0.10344827586206896,35.56321839080459
147868.18560000064,6.207863807678222,-0.6125691699604746,0.108300395256917,45.51819762845876
84469.50890000038,4.496441841125488,-0.5142105263157892,0.047368421052631574,59.742250000000226
18827.754200000014,9.820033836364743,-0.674096385542169,0.05421686746987952,46.32415662650602
18680.63589999999,4.926656150817871,-0.4623529411764709,0.06470588235294118,52.856470588235275
109971.63180000085,6.089866065979003,-0.31103166496424794,0.08375893769152196,46.663758937691725
37941.16870000005,10.682620811462403,0.41843575418994494,0.08379888268156424,35.061173184357536
92535.65020000064,5.000603675842284,-0.6066587395957193,0.05588585017835909,67.25529131985769
34619.21880000007,6.319438743591309,-0.843606557377049,0.09180327868852459,66.11511475409837
34672.195300000065,5.849152946472167,-0.8586885245901641,0.09180327868852459,69.84790163934427
17760.189499999975,9.84872226715088,-0.5426829268292687,0.012195121951219513,42.45853658536585
124343.8313000004,6.175579261779785,-0.3511071744906993,0.07617360496014172,43.97557130203746
34592.95670000003,9.769555091857907,0.6972222222222226,0.08024691358024691,50.6401234567901
22486.830399999977,10.756952857971193,-0.9793427230046958,0.03286384976525822,36.29718309859153
16372.101199999986,7.771333885192871,0.36266666666666664,0.11333333333333334,45.72666666666665
54544.69200000008,5.161742210388182,0.503162055335969,0.11857707509881424,40.7539723320158
693060.5936000042,4.5314546585083,0.030447193149381477,0.09007294640025373,40.32851887091553
585563.9944999953,6.7146402359008786,-0.3938981252210836,0.044393349840820655,49.2212981959661
68641.18400000033,8.606094169616703,0.6618897637795286,0.11653543307086614,38.51011023622053
243397.91400000127,8.908064079284667,-0.5815484469170152,0.06768660176170607,55.05439499304623
45322.69000000006,7.280358695983887,0.46287128712871406,0.11386138613861388,50.18767326732673
35131.337000000036,9.115974617004394,0.8519230769230779,0.09615384615384615,46.42695512820512
7579.009299999994,10.264865684509275,0.3492753623188405,0.057971014492753624,62.47971014492751
39118.41390000004,9.311700630187985,-0.4985915492957747,0.04788732394366198,48.127042253521125
36063.59620000004,9.150980949401855,-0.07739938080495351,0.08978328173374614,40.60309597523219
17106.567300000002,5.992387199401855,0.014906832298136618,0.08695652173913043,51.86273291925465
66720.41590000018,7.132463645935059,-0.31816693944353464,0.06382978723404256,49.36382978723422
36668.856300000014,9.097472190856934,0.8650306748466268,0.12576687116564417,36.99757668711655
49821.78730000008,4.980766868591308,-0.49128540305010954,0.050108932461873645,40.245533769063165
11008.97849999999,11.061308097839355,-0.23265306122448962,0.06122448979591837,45.71326530612245
44585.79860000007,5.639360237121582,-0.38303341902313626,0.08226221079691516,40.12313624678663
58826.38840000018,5.134288978576659,-0.6236301369862989,0.07705479452054795,58.8748287671236
50679.36930000005,8.764041709899903,-0.7885583524027454,0.06636155606407323,47.2995423340961
26182.62460000003,6.013588142395019,-0.19035087719298238,0.09649122807017543,47.75438596491229
71208.7028000002,9.26070613861084,-1.159682539682539,0.049206349206349205,41.973015873015974
102279.88930000048,9.08696384429932,-0.657683741648106,0.053452115812917596,54.969844097995754
65262.161900000196,7.773209571838379,0.561485319516409,0.13298791018998274,36.2344559585492
38363.09940000002,5.533867073059081,-0.24289855072463795,0.057971014492753624,43.34289855072462
53215.69770000006,8.400891304016117,0.6202898550724645,0.09316770186335403,47.57209109730851
14501.884399999983,9.86516170501709,-0.07307692307692308,0.06153846153846154,42.06846153846151
56921.29840000005,8.52144718170166,-0.4675422138836763,0.052532833020637895,65.82551594746741
83063.91010000042,4.6430864334106445,-0.5967302452316067,0.07901907356948229,54.576430517711294
29990.867300000016,6.758576774597168,-0.3226053639846747,0.09578544061302682,45.1034865900383
30386.318500000012,6.322735404968263,-0.2432835820895526,0.10074626865671642,45.884738805970144
187386.24000000008,6.891295814514161,-0.7831353919239922,0.06591448931116389,66.65653206650867
66217.43020000019,9.26470317840576,-0.6890784982935126,0.061433447098976114,46.13805460750862
72572.11260000036,9.30377101898193,-0.5726851851851826,0.05864197530864197,48.22592592592604
32063.852400000043,9.280433464050294,-0.6262237762237765,0.0944055944055944,49.85842657342659
113927.34420000088,8.824190711975099,-0.4835480673934567,0.07036669970267592,47.380287413280705
25859.675900000046,8.907677268981931,0.47354260089686084,0.14798206278026904,40.896008968609856
45469.40080000005,6.899764823913575,-0.46616161616161655,0.10606060606060605,51.71694444444444
15172.720699999985,10.314441871643066,-0.4304347826086956,0.036231884057971016,33.103623188405784
51511.06030000008,5.367556190490721,-0.5883002207505523,0.12141280353200884,30.911942604856524
114758.78530000082,7.579672813415528,-0.4709325396825377,0.08035714285714285,48.83035714285735
38279.05360000004,7.143206214904786,0.6345132743362836,0.12979351032448377,44.448702064896764
39515.057800000046,9.59897174835205,0.5812680115273776,0.12103746397694524,36.573544668587886
80505.75060000035,8.927662467956544,-0.8456896551724122,0.09195402298850575,44.01522988505758
56652.12690000003,6.40020694732666,-0.3454191033138401,0.05847953216374269,50.73313840155954
18726.70499999999,8.715045738220216,-0.29828571428571404,0.13142857142857142,70.09771428571428
18320.139099999986,8.5447847366333,-0.2796511627906974,0.1453488372093023,70.01924418604648
54444.30860000022,5.835341072082519,-0.42350674373795616,0.07129094412331408,54.61408477842017
49128.49970000004,5.142530632019042,-0.6605095541401261,0.07643312101910828,55.04227176220819
50360.17960000003,6.029844093322754,-0.7198757763975149,0.07453416149068323,63.39587991718447
62292.89430000019,5.953054618835449,-0.2606643356643358,0.06818181818181818,35.27064685314686
61962.59470000021,6.0423486709594725,-0.2638596491228074,0.07543859649122807,35.30738596491227
62183.05580000013,6.549920845031737,-0.2353146853146853,0.07692307692307693,38.68374125874129
25760.454699999915,8.501010704040528,-0.2557692307692299,0.057692307692307696,66.93717948717939
7855.3263000000015,8.732258796691895,-1.2125,0.013888888888888888,112.15138888888889
44719.55190000008,4.739087486267089,-0.5670050761421318,0.04568527918781726,69.2360406091372
45939.87180000007,4.78143253326416,-0.583168316831683,0.04950495049504951,61.293811881188255
40695.749100000015,8.90793514251709,0.6125348189415043,0.14206128133704737,41.28696378830083
102470.78320000065,4.897611427307129,-1.1304585152838391,0.03275109170305677,71.14497816593922
47948.478700000094,7.9800416946411135,-0.11291866028708146,0.11722488038277512,50.28492822966509
124106.07190000058,8.560450553894043,-0.923727272727274,0.07454545454545455,63.66582727272766
119760.84470000054,5.5136323928832995,-0.3637176050044672,0.044682752457551385,54.35489722966975
107141.02070000074,5.7210378646850595,-0.0911857292759708,0.05771248688352572,37.80881427072415
29907.731700000026,6.54338436126709,-0.07619047619047607,0.10256410256410256,43.86999999999999
40788.187600000056,9.941040992736816,0.3505649717514127,0.12994350282485875,37.23338983050846
23465.63480000001,8.52138271331787,-0.1442857142857142,0.1,48.21909523809523
48879.47560000012,5.760086250305175,-0.09884526558891471,0.09468822170900693,42.446882217090064
49000.52470000011,5.627367210388183,-0.1436489607390302,0.09468822170900693,45.284295612009224
120057.13790000077,7.14593448638916,-0.04696282864913928,0.06255666364460563,51.54551223934755
96458.10390000069,5.866886711120604,-0.49344827586206846,0.07586206896551725,50.73209195402322
70605.07290000036,6.517579460144043,0.4101265822784818,0.1408227848101266,34.23106012658232
122489.66620000062,5.095183753967285,-0.5154131847725166,0.08170844939647168,56.253955431755166
59088.50580000006,8.443118095397953,-0.6491461100569249,0.06451612903225806,48.36129032258073
282583.58840000164,6.177682304382324,-1.058105939004815,0.048154093097913325,54.06781701444666
38075.42550000001,9.621986961364744,-0.2788203753351211,0.09651474530831099,59.99281501340487
36672.115499999985,8.891495704650882,0.7127596439169144,0.12166172106824924,35.32854599406527
9183.953899999997,8.802980613708495,0.9358024691358019,0.1728395061728395,19.100000000000005
47165.74650000008,5.9435625076293945,-0.6895781637717122,0.12406947890818859,44.206476426799014
291073.57170000114,5.555409049987793,-0.3236790606653616,0.08923679060665363,47.8567201565561
35675.17359999997,8.898393821716308,-0.4688821752265858,0.04229607250755287,53.279184290030194
49235.79440000013,6.166314506530762,-0.5264573991031386,0.05605381165919283,52.65650224215249
33569.29820000001,9.851494407653806,-0.4440789473684206,0.049342105263157895,58.145394736842086
39786.206599999976,8.837019920349121,0.7343195266272193,0.17455621301775148,41.63792899408282
65021.53800000026,6.89754810333252,0.16034482758620663,0.11379310344827585,40.96948275862072
81924.36450000045,5.094956398010253,-0.4243277848911641,0.029449423815621,51.48399487836126
21066.278600000005,7.036746788024902,0.10372340425531913,0.0851063829787234,46.573936170212775
104035.84570000078,7.284166908264161,-0.10892274211099062,0.10337323177366703,41.71437431991311
57723.33000000009,5.461624717712403,-0.2861328125000004,0.087890625,46.33046875000001
24830.1359,9.382809257507322,-0.2915178571428572,0.08035714285714286,47.93928571428571
109954.53400000073,6.5346879959106445,-0.3271238485158643,0.06755373592630501,50.93295803480064
142165.28660000037,5.169983863830565,0.22222222222222235,0.12363067292644757,42.61826291079835
23430.52589999999,8.966730308532718,-0.16465116279069764,0.05581395348837209,46.88837209302325
18608.7858,5.748434257507324,-0.5682926829268296,0.0975609756097561,36.87317073170731
21528.52300000001,8.949646186828616,-0.01894736842105257,0.1,38.99263157894736
39726.25329999995,9.239560508728026,-0.2750000000000006,0.07989690721649484,49.55749999999998
94204.26540000032,7.602465248107911,-0.7526315789473694,0.06578947368421054,62.46160287081368
19666.796800000004,8.53453426361084,-0.1327380952380952,0.08333333333333334,51.329166666666666
105985.82540000085,7.412168312072754,-0.2975348338692379,0.097534833869239,45.2382743837087
290459.3759000012,5.516303825378416,-0.35927956147219986,0.08731401722787785,48.39754111198152
20931.526900000015,7.65447292327881,0.7747368421052635,0.10526315789473684,32.966315789473676
100070.15740000062,5.949303245544433,-0.3675496688741712,0.04083885209713024,40.723289183223095
446696.52810000686,6.116580390930174,-0.019685812469317755,0.08124693176239568,44.724761904761884
17141.475800000004,6.011826133728026,0.03293413173652696,0.05389221556886227,67.90718562874251
54194.89520000008,5.5399488449096665,-0.34503042596348893,0.05476673427991886,50.03734279918873
54927.777500000084,5.401375389099121,-0.26831683168316867,0.05148514851485149,51.02259405940605
53500.11100000011,5.564048576354979,-0.3325102880658438,0.05349794238683128,52.65598765432107
38072.10759999999,8.454593467712403,-0.9157894736842097,0.07602339181286549,57.73742690058478
29179.586100000022,9.023269081115721,-0.7810483870967746,0.12903225806451613,49.107338709677414
64880.335000000254,8.935334205627445,0.0376689189189186,0.052364864864864864,47.20168918918933
32851.83479999999,9.711211204528809,0.051677852348993365,0.12416107382550336,17.066778523489923
223732.0898000012,5.5825212478637685,-0.8057246003094425,0.056214543579164514,46.981026302217984
20132.019500000002,5.323676490783691,-0.13771428571428565,0.12,20.312571428571413
24607.56850000001,5.353857994079591,-0.48669724770642236,0.10091743119266056,22.746788990825674
248069.69669999878,8.4493070602417,-1.366122961104143,0.05269761606022585,55.160230029276526
42002.71790000005,5.389211845397949,-0.19015957446808535,0.08776595744680851,36.350558510638294
118581.16780000072,8.005571174621583,0.06217765042979908,0.09837631327602675,42.2333524355303
97262.97930000066,9.870512580871583,-0.764237668161434,0.041479820627802685,51.19372197309446
187877.82230000035,8.241912269592287,-0.7515708358032058,0.05631298162418495,59.98281564908158
326018.0171000005,6.559242439270019,-0.7298929927511276,0.0680013807386952,54.58951328961044
24463.02480000003,8.1805383682251,-0.20046082949308752,0.08294930875576037,36.78433179723501
36742.72279999998,6.836105155944825,-0.11268436578171086,0.07669616519174041,32.573746312684364
21830.626500000006,5.2735445022583,-0.03230769230769239,0.11282051282051282,60.76512820512819
165200.0392000007,5.100697135925292,-0.3469529085872564,0.0865650969529086,50.34979916897537
160272.0382000001,6.778527259826659,-0.083590462833099,0.09326788218793829,48.57156381486704
76062.5226000002,5.675623512268066,-0.9519083969465645,0.05038167938931298,68.63755725190865
57488.82980000018,8.0909273147583,0.5540076335877872,0.12595419847328246,36.75249999999999
40657.918000000034,9.236852836608886,0.5872928176795585,0.1270718232044199,44.27516574585634
34288.77470000002,8.749987602233887,0.9000000000000007,0.1452145214521452,37.82247524752474
43941.062300000034,7.020604515075683,-0.31335078534031435,0.09424083769633508,32.662041884816745
259159.9343000009,7.125131416320801,-0.16553336166595806,0.08159796005099873,58.44403739906539
31881.227300000013,8.76990833282471,-0.24372881355932205,0.04745762711864407,45.42203389830506
22987.725400000003,5.10228862762451,-0.7855721393034831,0.07960199004975124,25.314427860696505
308060.19230000296,6.0099504470825185,-0.2667530544242888,0.08367271380970012,40.06229914846388
76047.30160000031,5.877004051208496,-0.26009036144578374,0.10692771084337349,34.787500000000044
98980.01400000068,6.092878532409666,-0.17684887459807017,0.06216505894962486,64.4381779206863
52667.201500000134,5.178282356262206,0.1822269807280513,0.1070663811563169,45.37053533190578
38589.10509999997,4.834292793273924,-0.6398860398860398,0.05413105413105413,55.49572649572651
20862.6607,10.843985176086427,-1.0726804123711347,0.02577319587628866,22.589175257731945
33299.803800000016,8.18047389984131,-0.734228187919463,0.06711409395973154,53.468791946308706
32865.86789999999,9.763688468933104,0.07516778523489938,0.12080536912751678,14.766778523489922
34270.13730000004,7.811585807800293,-0.5265861027190334,0.03625377643504532,60.96827794561929
79581.9213000004,8.97324161529541,-0.8593294460641384,0.09183673469387756,42.621137026239246
38517.754700000034,9.0611120223999,0.7391812865497083,0.10818713450292397,39.86494152046783
42071.0871000001,9.44979190826416,0.4573726541554963,0.1447721179624665,40.73788203753351
22876.13160000002,9.73377513885498,-0.38039215686274536,0.05882352941176471,36.13039215686275
21228.944499999994,5.0101526260375975,-0.316931216931217,0.07936507936507936,28.978888888888875
21655.58950000001,6.331659126281737,-0.43174603174603193,0.07936507936507936,38.55402116402115
21297.907499999998,5.157251930236815,-0.416931216931217,0.07407407407407407,43.26566137566137
45937.44630000007,9.13157596588135,-0.8224999999999989,0.0925,51.497750000000046
60600.950800000166,9.781223869323728,-0.678860294117645,0.07169117647058824,43.89338235294126
49592.06800000003,8.601001167297365,0.1227064220183484,0.11238532110091742,44.17022935779814
126756.71760000059,5.504253959655761,-0.0747631352282517,0.0818260120585702,39.957881136951144
76506.79570000037,6.379119682312012,-0.3587994542974069,0.060027285129604355,52.016916780355004
60462.12650000019,9.406146812438966,0.19493006993007025,0.0839160839160839,47.89704545454556
59855.50230000005,9.070782279968263,0.30738007380073806,0.1070110701107011,45.71162361623619
45275.59910000009,8.795631217956544,-0.6235436893203878,0.06553398058252427,61.900266990291385
67314.54800000021,8.974530982971192,-0.42452830188679247,0.10291595197255575,41.54547169811323
72212.09390000027,8.165968513488771,0.43353658536585477,0.0975609756097561,33.235853658536584
59871.526800000145,7.581832695007326,0.5416363636363649,0.1109090909090909,40.28965454545459
45466.80660000003,5.585533714294433,-0.16481927710843372,0.09879518072289156,33.9262891566265
34789.04800000003,8.829541587829592,0.7630225080385858,0.135048231511254,43.014855305466206
71685.07380000027,9.366176414489747,-0.7906202723146746,0.07715582450832073,48.490801815431304
39410.111000000106,7.109443855285644,-0.6927977839335177,0.04432132963988919,63.33299168975073
42612.92390000005,8.62072849273682,-0.6043927648578804,0.0723514211886305,58.94832041343676
21406.07289999998,7.613264656066895,1.0048780487804876,0.11707317073170732,19.95219512195121
35399.094600000026,5.4206438064575195,-0.07147239263803679,0.06441717791411043,44.84052147239264
63507.639900000286,4.608357810974121,-0.4696095076400676,0.06281833616298811,71.1866044142617
37606.45169999999,5.229948997497558,-0.43191489361702146,0.08206686930091185,46.21641337386019
35406.639800000004,9.487763786315917,0.034920634920634915,0.12698412698412698,25.23088888888888
54236.68270000004,5.575245857238768,0.04968553459119475,0.11949685534591195,52.281865828092286
98602.05250000053,9.50413875579834,-0.4242740998838546,0.09175377468060394,45.564250871080326
38430.87520000006,8.98710231781006,-0.5742465753424664,0.043835616438356165,60.27068493150691
40449.376000000055,10.019627952575682,-0.5400000000000005,0.08450704225352113,47.524788732394384
106725.67210000083,5.687900733947754,-0.4888535031847123,0.08174097664543525,56.594511677282604
149009.8234000006,9.67878360748291,-0.5119999999999989,0.09411764705882353,35.013976470588496
24814.9289,5.975733375549316,-0.24035874439461868,0.09417040358744394,40.529147982062774
74353.46530000023,8.674495124816897,-0.14969969969970015,0.08408408408408409,23.531681681681672
31539.53850000003,9.314085960388184,-0.781314878892733,0.09688581314878893,61.67993079584776
34242.09010000003,9.247876930236817,-0.6722560975609749,0.08536585365853658,59.69573170731704
104747.95540000066,6.075713157653809,-0.22883569096844367,0.1044613710554951,46.83603917301439
15489.001899999992,9.628885078430176,-0.6968750000000002,0.125,66.98203125
83231.83690000046,9.038612556457519,-0.10027027027027031,0.0891891891891892,39.774094594594686
33848.41580000001,9.392866325378417,0.24730158730158722,0.0761904761904762,21.50730158730158
29950.41320000002,6.775116920471191,0.3770114942528732,0.17624521072796934,22.964789272030643
224956.2630999991,8.285428428649904,-0.5392410920869994,0.05229060620083295,66.47099028227719
44475.83740000009,9.518192863464353,0.39139240506329104,0.1291139240506329,45.0351898734177
60547.98140000016,7.820804786682129,-0.43181818181818155,0.054545454545454536,54.99581818181831
51578.145500000086,5.27172565460205,-0.21917211328976044,0.09150326797385622,50.88411764705887
36289.307300000044,8.965247535705569,0.8451713395638638,0.11214953271028039,43.835545171339575
60625.0555000002,6.101404380798338,-0.6409807355516637,0.05604203152364273,62.47267950963239
76965.40620000042,9.424391365051271,-0.5878338278931752,0.09495548961424333,56.49732937685482
35489.77610000004,5.739340019226075,-0.2790476190476194,0.10793650793650794,37.25088888888888
67682.86320000025,6.427660179138183,-0.2832478632478634,0.12136752136752137,44.667555555555666
145390.39750000078,8.866353034973145,-0.9265105740181299,0.04909365558912387,60.00809667673749
16956.18999999999,5.728256416320801,-0.010810810810810745,0.1283783783783784,29.242635135135128
57682.80030000008,9.034228706359862,-0.9095049504950473,0.07326732673267328,44.18025742574261
91878.6800000005,6.829625511169434,-0.014321608040201068,0.09924623115577891,43.042462311557884
33185.66020000003,5.275704383850097,-0.6996563573883163,0.0824742268041237,46.816151202749154
83976.23930000029,8.90638790130615,-0.9116531165311648,0.08130081300813008,42.86002710027119
76860.2486000003,8.6055139541626,-0.9337313432835802,0.08059701492537313,34.56179104477617
28882.12160000002,9.481897163391114,-0.19242424242424244,0.07954545454545454,37.72613636363637
11077.766499999989,11.741062736511232,-1.239175257731959,0.0824742268041237,56.44536082474225
13015.28349999998,11.0079927444458,-0.66,0.052173913043478265,47.3991304347826
13002.258099999981,10.547688484191895,-0.5217391304347828,0.052173913043478265,51.87130434782608
52270.18440000002,5.541483497619628,-0.22731092436974842,0.13025210084033612,38.45021008403359
55882.46370000005,6.066903114318847,-0.3679089026915115,0.09109730848861283,49.12795031055904
35206.93760000004,9.435093116760253,0.6633440514469459,0.11575562700964631,53.355016077170404
51294.60240000007,4.874591636657715,-0.39207048458149785,0.05947136563876652,43.0977973568282
78241.00540000029,8.975046730041505,-0.9797653958944259,0.09090909090909091,37.67580645161301
59571.63830000009,8.522543144226074,0.37656826568265767,0.07380073800738007,27.78099630996308
39919.98000000011,5.199824333190917,-0.8390449438202241,0.07303370786516855,74.5702247191012
26841.550700000018,9.735000038146971,0.3595652173913038,0.17391304347826086,31.953956521739126
97065.63630000071,8.409272193908695,-0.4925714285714273,0.09257142857142857,45.16378285714304
38787.111900000156,5.2992357254028315,-0.6285302593659937,0.04610951008645533,56.576657060518734
92524.79750000073,6.2651575088500975,-0.6997627520759188,0.066429418742586,51.04247924080693
300353.82690000295,4.917789268493652,-0.26347454610181575,0.06479174083303667,46.70851192595252
42141.59820000004,5.481632041931152,-0.440111420612813,0.10584958217270196,48.91281337047352
42122.84170000005,5.513461875915527,-0.34791086350974937,0.10584958217270196,47.31420612813369
34626.63900000001,8.424035453796389,0.6944983818770225,0.13592233009708737,35.51271844660192
28517.7571,9.709535026550292,0.23707865168539288,0.05617977528089888,47.87677902621723
48747.19400000013,6.756360054016113,-0.16282828282828307,0.06262626262626263,55.236787878787986
35011.68590000005,8.930628013610843,0.8445859872611469,0.11464968152866242,42.17678343949045
56123.86750000008,7.557619285583496,-0.2163021868787277,0.06560636182902585,49.94415506958258
238256.69300000055,5.627878761291503,-0.9159338061465796,0.02458628841607565,58.80298817966944
66127.33240000028,9.326528358459473,-0.10288135593220354,0.10508474576271186,53.4506949152543
55180.03830000012,8.28639545440674,-0.3224448897795591,0.08817635270541083,46.04288577154311
57912.13600000013,5.936173439025879,-0.017933723196881465,0.09551656920077972,59.3696101364524
72331.29270000027,8.451112174987795,-0.7610492845786949,0.0969793322734499,44.17249602543727
65417.65690000014,8.37375011444092,-0.2154385964912284,0.10877192982456141,40.45950877192983
33244.976900000045,9.057566261291505,-0.4961038961038966,0.051948051948051945,61.874025974025955
33949.12030000004,8.774872398376463,-0.6334459459459463,0.0641891891891892,48.75472972972972
32946.67120000007,9.020948219299317,-0.5577181208053688,0.04697986577181208,63.911744966442946
35317.0816,9.019143104553223,0.8249201277955283,0.11182108626198083,44.38434504792332
22373.56279999998,5.826815223693848,-0.5969387755102045,0.14285714285714285,42.80102040816326
62615.08250000011,5.914574623107909,-0.134954954954955,0.09009009009009009,44.65967567567573
295215.91190000356,5.948450660705566,-0.6247282608695697,0.03192934782608696,32.07489809782658
34403.34530000003,6.565153694152832,0.8330097087378645,0.1423948220064725,43.27867313915857
47629.725700000155,6.005573844909667,-0.18075313807531357,0.05439330543933054,53.48744769874486
46139.71060000018,5.026635932922363,-0.21462365591397703,0.058064516129032254,70.37462365591418
64066.08480000017,6.708501625061035,-0.27813559322033876,0.07966101694915255,56.22494915254254
36269.28260000004,8.996192359924319,0.9276595744680867,0.0911854103343465,35.02100303951367
48479.094900000055,8.958800697326662,-0.8629976580796243,0.07494145199063232,49.07681498829043
63419.08110000014,8.45562496185303,-0.38029197080291943,0.11678832116788321,46.25954379562048
111421.46970000079,7.515728950500488,-0.19332659251769474,0.09403437815975732,47.572932254802964
22831.027499999986,4.4648962020874015,-0.5024154589371986,0.07246376811594202,43.501932367149756
41980.546300000075,8.67404384613037,-0.7377260981912142,0.049095607235142114,65.34059431524554
44455.02590000008,7.890301704406737,-0.23166666666666721,0.047619047619047616,49.79142857142858
34444.73850000004,8.696672248840333,0.8217532467532472,0.13636363636363635,39.66431818181817
35135.90709999996,5.209202766418456,-0.459633027522936,0.02140672782874618,60.53761467889906
35000.28160000002,6.191494178771973,-0.3066246056782335,0.0694006309148265,41.78706624605678
37005.100499999964,5.398419761657714,-0.42347826086956536,0.028985507246376812,65.2223188405797
49364.27290000001,5.186978721618652,-0.20224719101123653,0.058426966292134834,29.538202247191006
69018.18030000024,8.76784534454346,-0.9362563237774012,0.08768971332209106,45.629021922428414
9677.06439999999,8.571345710754397,-0.10117647058823527,0.09411764705882353,23.83176470588235
141694.48060000077,8.921280097961429,-0.5255188316679477,0.04073789392774789,52.46442736356684
67025.72920000026,9.14311580657959,0.5888888888888911,0.10945273631840795,33.948308457711434
50568.77540000006,8.890786552429201,-0.6749464668094218,0.08351177730192719,45.66723768736616
55762.014499999976,9.043576622009276,-0.8097510373443972,0.08506224066390042,42.885062240663885
34498.644500000046,9.949550819396972,-0.7765624999999996,0.071875,76.11062500000004
66215.3171000002,8.295936775207519,-0.35361344537815026,0.0722689075630252,45.88405042016814
27319.29139999998,9.708374595642091,-0.5870588235294122,0.08235294117647059,59.78862745098038
147484.75910000017,5.772647666931152,-0.5931852986217448,0.08652373660030627,41.696554364471936
33766.037100000074,8.971694374084475,0.7632450331125832,0.10596026490066225,33.2321523178808
47001.8239000001,7.564326286315919,-0.2487471526195903,0.06605922551252846,55.48883826879285
137918.5376000005,6.193199348449707,-0.11353746978243376,0.07010475423045931,41.770120870266204
34860.38450000002,8.768103218078615,0.8557324840764333,0.10191082802547771,37.171082802547765
62472.41760000012,5.685001945495605,0.330715532286213,0.09773123909249563,34.54659685863872
36753.52670000006,9.103661155700681,0.49561128526645803,0.12852664576802508,28.25363636363636
40245.58480000007,9.79618053436279,0.46510416666666693,0.06770833333333333,42.36953124999999
18564.62009999999,10.48612117767334,-0.8856249999999996,0.075,33.32875
34797.12550000007,8.17621898651123,0.781645569620254,0.11392405063291139,31.417816455696194
52398.615800000094,7.666124916076661,-0.36133056133056074,0.09355509355509356,48.435779625779695
69385.04980000023,6.452783012390136,-0.5193343898573688,0.08240887480190175,58.668621236133305
73644.74580000025,8.965763282775882,-0.9172143974960862,0.08763693270735524,38.30768388106426
50818.480400000124,7.549832344055176,0.7243186582809242,0.1090146750524109,41.068993710691814
56697.77310000006,5.504992866516112,0.016566866267465025,0.10179640718562874,50.46792415169669
75260.45950000033,8.489728736877442,-0.9323708206686919,0.0790273556231003,42.40501519756854
47471.21610000008,8.370526695251467,-0.28200455580865613,0.08200455580865604,45.72915717539862
52964.99810000011,6.43425350189209,-0.3039337474120081,0.08488612836438923,46.561511387163584
70818.52280000021,5.685286140441894,-0.4456923076923076,0.07538461538461538,55.634015384615545
65003.86940000014,6.9650728225708,-0.3303182579564486,0.07202680067001675,51.921943048576345
53273.9375000001,7.967405891418457,-0.17525562372188142,0.08793456032719836,42.59184049079753
47350.24920000014,9.06323947906494,0.3225352112676062,0.08685446009389672,41.330305164319235
26562.93649999999,9.457850456237793,-0.3039682539682542,0.06746031746031746,34.51630952380952
60068.64140000015,8.994967460632324,-0.3805860805860803,0.0641025641025641,56.6064102564104
42717.0638,7.8283475875854505,0.6307894736842115,0.1394736842105263,41.02157894736842
52787.0593000001,6.681730461120606,-0.4663774403470708,0.07809110629067245,48.261822125813495
35247.919800000054,9.623727607727051,0.4360606060606065,0.08484848484848485,44.81969696969697
84938.43280000033,7.756839942932129,-0.5933507170795289,0.07170795306388526,52.09650586701457
25396.052699999993,9.408274269104005,-0.07379912663755453,0.10480349344978165,50.29912663755458
45044.23230000001,6.180865287780762,0.7930648769574958,0.08724832214765102,40.61588366890379
23076.656999999974,9.610124778747558,-0.6598130841121482,0.0514018691588785,72.75093457943923
77737.1025000004,8.793697166442872,0.14199134199134167,0.1038961038961039,46.390476190476335
54536.08100000007,9.78741283416748,-0.3660714285714284,0.05952380952380952,44.07420634920639
76033.99160000034,5.342888069152831,-0.30119047619047606,0.08333333333333334,48.08199404761916
42015.32410000008,8.540465354919434,0.5352303523035232,0.13279132791327913,29.845853658536583
70112.40420000028,6.258109474182128,-0.5789644012944976,0.08414239482200647,50.11296116504869
53026.67180000007,8.627175331115723,0.5663265306122462,0.10816326530612247,34.42838775510202
35109.28060000003,6.058831977844237,0.4126582278481012,0.1518987341772152,42.02025316455696
35053.50710000002,8.398892784118654,0.6941747572815543,0.12944983818770228,46.06967637540451
78237.89830000028,5.5136323928832995,0.3212885154061639,0.10644257703081234,46.69918767507015
57392.76510000005,7.9490968704223635,0.49942638623327057,0.11089866156787763,37.614168260038234
21805.929300000007,5.366987800598144,0.10796019900497522,0.07462686567164178,41.7965174129353
103939.59090000065,6.556741523742676,-0.2145281018027572,0.08695652173913043,32.14882290562044
52931.28130000008,6.170236396789551,-0.10105263157894741,0.07578947368421053,38.25515789473683
62541.42220000014,6.076054191589355,0.42661996497373056,0.08581436077057793,39.972329246935246
54870.25150000002,8.221024513244632,-0.016024340770791273,0.06896551724137931,45.31703853955376
63254.090900000105,9.111977577209473,-0.31754068716094036,0.1301989150090416,34.4649547920434
29328.878600000022,8.419071388244632,-0.028076923076923,0.11153846153846154,43.54923076923076
164937.52060000028,6.296077919006348,-0.12466666666666655,0.07666666666666667,32.71873333333352
12291.06809999999,10.481092643737792,-0.5888888888888891,0.06481481481481481,45.87314814814813
35131.15790000003,8.896653175354007,0.6732484076433121,0.12738853503184713,42.67808917197451
154299.36430000036,8.391092109680176,0.19160636758321298,0.08900144717800289,37.74328509406679
26885.331399999995,9.749118614196775,-0.1243027888446214,0.06374501992031872,46.710756972111554
63524.51800000011,8.483281898498536,-0.11067615658362992,0.12455516014234877,45.070142348754516
130542.60680000072,6.000458335876464,0.2354945968412305,0.08645054031587698,50.012568578553946
127827.68150000052,6.191380500793457,-0.11659501289767865,0.09028374892519347,42.11521926053338
35445.42850000005,5.6558435440063475,-0.4174050632911394,0.09177215189873418,29.831645569620253
246465.12369999933,5.145827293395995,-0.6703322414599957,0.06925596630790828,45.725746373420996
105311.77600000071,5.520396232604979,-0.3419727177334722,0.04512067156348373,41.25824763903478
63966.09840000019,6.149319648742675,-0.34485666104553125,0.03204047217537943,44.88482293423285
35734.69450000002,6.057752037048339,-0.3134185303514382,0.09265175718849841,46.75303514376994
48138.49780000011,4.3508203506469725,-0.3684454756380509,0.04176334106728539,54.489559164733215
258711.6817000008,6.068039894104003,-0.5188097306689846,0.07341442224152911,52.59258036490044
23661.078700000005,5.1098482131958,-0.2784403669724773,0.0871559633027523,51.25417431192659
24101.787800000013,5.751901435852051,-0.08222222222222215,0.08888888888888888,38.02226666666667
24273.985900000014,4.997932243347167,-0.1071111111111111,0.08444444444444443,41.988488888888895
27511.937800000007,6.321143913269044,-0.4417721518987341,0.12658227848101267,46.04556962025317
28191.258500000033,9.056470298767088,-0.37627118644067814,0.13559322033898305,65.82377118644064
30607.60140000001,6.826158332824707,-0.18586956521739123,0.10507246376811594,35.27463768115941
49746.64740000009,4.902329063415528,-0.43563474387527834,0.0378619153674833,54.09601336302902
25335.245900000005,5.676987648010253,-0.6213636363636368,0.09545454545454546,50.66959090909089
86973.68560000046,8.390898704528809,0.1321003963011888,0.12417437252311755,41.21258916776763
93498.28630000046,5.451564216613768,-0.2032902467685072,0.07873090481786135,47.74113983548783
90290.33620000053,6.622788429260253,-0.04541984732824427,0.09796437659033078,44.90954198473293
30220.630800000014,6.472278785705566,-0.6576512455516019,0.03914590747330961,66.49039145907471
54665.01160000005,5.942709922790528,-0.17002096436058728,0.11949685534591195,47.59727463312372
45884.46460000012,5.771226692199707,-0.2919117647058824,0.10294117647058823,37.67551470588235
26262.426899999988,9.245169258117674,-0.6066666666666669,0.08333333333333334,61.37916666666667
52257.66840000004,7.634636116027832,-0.5156989247311826,0.09032258064516129,64.42258064516143
14960.326099999987,9.229890251159667,0.027857142857142962,0.02142857142857143,29.99214285714284
38028.38140000003,6.417656517028808,0.7467836257309942,0.14035087719298245,33.5462573099415
89252.03310000057,4.586133766174316,-1.1228960396039593,0.024752475247524754,52.00792079207945
37778.121000000014,7.128598594665529,-0.2310541310541314,0.06267806267806268,60.990313390313425
65413.755400000315,5.892634773254394,-0.20788590604026883,0.05704697986577181,50.47080536912763
85980.12480000038,5.5645601272583,0.007329842931936519,0.10209424083769633,44.9866623036651
38954.30430000005,6.308753013610841,-0.17846607669616518,0.12389380530973451,47.52241887905603
13916.820199999995,9.161553764343264,-1.1228813559322033,0.0423728813559322,57.644915254237276
74368.04180000028,8.576503181457518,-0.7976708074534139,0.07919254658385093,46.04521739130452
63472.61060000013,5.775148582458496,-0.49772727272727163,0.0839160839160839,59.89003496503522
105909.81990000054,7.153323554992675,-0.5600431965442763,0.09071274298056156,48.344924406047774
23489.474900000012,6.394977760314942,-0.3772946859903383,0.10144927536231885,27.67444444444444
103988.67330000058,6.580500221252441,-0.48598028477546507,0.08543263964950712,47.88152245345043
68009.99890000011,6.866059303283691,-0.7354131534569975,0.08263069139966273,43.067453625632425
23706.538599999996,8.294131660461428,-0.3772093023255815,0.07906976744186046,39.23395348837209
36500.84190000003,8.468454170227051,0.6217522658610276,0.10876132930513595,43.929033232628385
50342.56020000011,4.784615516662597,-0.4191964285714283,0.044642857142857144,53.69531250000006
115200.15070000054,5.824882698059082,-0.543063583815028,0.057803468208092484,39.365606936416356
60702.063700000086,5.038060569763183,-0.2223062381852555,0.1436672967863894,34.884366729678646
181418.26780000044,6.536108970642091,-0.6289863663307651,0.036751630112625965,60.59762892708989
27296.083400000007,9.481510353088382,-0.7902040816326527,0.061224489795918366,54.882448979591835
50479.4937000001,4.785468101501464,-0.43464912280701745,0.03289473684210526,56.28925438596501
56715.5100000001,5.511358833312986,-0.025196850393700954,0.09055118110236221,42.04999999999999
131417.78430000073,5.14361057281494,-0.21226337448559576,0.06172839506172839,44.00198353909492
42507.59190000008,8.183697319030763,0.03799472295514494,0.09498680738786279,36.66071240105542
44105.4684000001,5.0452791213989245,-0.5314999999999998,0.06,50.76174999999999
85032.20780000045,7.257623100280762,-0.872944297082227,0.0716180371352785,47.21763925729463
40463.72020000006,8.689322853088381,0.295197740112994,0.1553672316384181,52.25627118644068
40791.56500000003,8.3579553604126,-1.144252873563217,0.06321839080459771,53.09568965517243
115592.6141000006,5.908492851257324,-0.4923720930232557,0.05395348837209303,66.19825116279108
11081.77739999999,9.864388084411619,0.09999999999999996,0.06862745098039216,33.16274509803921
51267.243500000186,4.984745597839355,-0.5173361522198736,0.0613107822410148,65.79365750528558
51560.90950000015,5.087681007385252,-0.537076271186441,0.057203389830508475,54.49978813559335
45992.8909000001,9.20042819976807,-0.39549549549549556,0.07882882882882883,80.89481981982009
97015.69660000052,5.417290306091308,-0.7700231481481473,0.05439814814814815,45.32802083333355
106598.44350000072,6.032117652893065,-0.3967567567567552,0.09405405405405405,43.30606486486506
120676.17340000073,5.093762779235839,-0.648942042318307,0.06623735050597976,56.93148114075467
98501.70620000071,5.426441383361816,-0.7964812712826339,0.06242905788876277,49.71636776390492
112586.71110000061,5.338454627990722,-0.8152238805970132,0.045771144278606964,55.430079601990364
54583.085900000144,8.94655170440674,-0.4467741935483857,0.06451612903225806,57.62078629032273
97808.71840000078,8.497207069396975,-0.07852193995381089,0.11200923787528869,48.35300230946904
35277.97560000005,10.048896598815915,0.6550161812297739,0.13592233009708737,28.455080906148854
82279.34100000026,9.007538795471191,-0.9975954738330958,0.0891089108910891,36.63622347949089
54541.573499999984,8.748633766174319,-0.7504219409282691,0.08649789029535865,41.93649789029536
62080.68080000011,8.813424491882326,-0.8535315985130097,0.09107806691449813,43.44671003717477
80558.75600000031,8.959703254699708,-0.8057142857142835,0.09285714285714286,40.6416000000001
35610.37700000002,8.820838356018069,0.7342857142857151,0.10476190476190475,39.861587301587306
36635.3086,8.37639331817627,0.7227692307692313,0.12923076923076923,38.00587692307692
103637.3041000009,6.463127708435058,-0.7234341252699787,0.06479481641468682,47.20001079913628
158296.24800000037,5.317822074890137,-0.6932719546742208,0.053824362606232294,54.642776203966314
52966.91090000015,8.918121147155762,-0.715866388308977,0.06680584551148225,55.59832985386233
66804.46350000032,8.825222206115722,-0.4866449511400637,0.06514657980456026,64.4731433224758
82470.67720000038,9.177670860290526,-0.9909348441926338,0.08640226628895184,41.68655807365446
261325.31059999875,4.059918403625488,-0.26778656126482137,0.05612648221343873,51.227988142292716
49874.361999999994,7.2573957443237305,-0.11978021978021974,0.05054945054945055,34.57978021978022
26352.458800000022,7.760591316223145,0.3469565217391299,0.15217391304347827,38.811782608695644
17522.89469999999,10.095700645446776,-0.6705128205128208,0.025641025641025644,47.09166666666666
73002.64550000022,7.169863700866699,-0.3926677067082676,0.10764430577223089,41.63012480499229
17849.37209999999,10.039613151550292,-0.6450617283950624,0.018518518518518517,54.35555555555555
3815983.1404004623,6.017794227600096,-0.46765356622997994,0.06908296943231441,42.375659679764
46500.47030000008,8.554390525817873,-0.20383693045563575,0.11270983213429256,49.008681055155876
57011.0159000001,5.321743965148925,-0.06315789473684236,0.11500974658869395,35.60118908382066
50488.61260000009,8.037740898132324,-0.3859340659340655,0.05714285714285714,61.68351648351662
50218.8547000001,8.615248680114746,0.6872807017543869,0.12938596491228072,37.468881578947354
48105.119000000086,4.9716157913208,-0.6113425925925926,0.05324074074074075,48.12685185185184
41043.286400000085,8.492243003845214,0.613239436619719,0.1464788732394366,37.03216901408451
35378.37039999999,9.105595207214353,-0.5778787878787879,0.08787878787878788,63.520333333333326
53156.16940000004,9.086577033996583,0.049999999999999815,0.1094420600858369,47.273605150214635
48897.320200000104,7.643957710266113,-0.5286041189931341,0.06407322654462243,42.42425629290616
49211.16460000011,4.710099601745605,-0.4458333333333333,0.06140350877192982,54.2197368421053
274605.99609999935,5.392394828796387,-0.7661167512690419,0.06598984771573604,47.850896785110294
72078.16010000028,7.199135780334472,-0.12515723270440257,0.12421383647798742,43.16399371069199
56716.11580000007,4.780238914489746,-0.04088176352705414,0.12024048096192386,50.1838076152305
36724.599700000035,8.452981758117676,-0.2981707317073171,0.09146341463414635,39.0838719512195
122216.42610000074,5.22022953033447,-0.6291943127962095,0.08530805687203791,56.72740284360221
134716.7717000008,8.083835792541507,-0.5781717888100871,0.038613081166272656,62.101032308905054
56464.89530000011,5.077563667297362,-0.06424242424242453,0.11515151515151514,49.55559595959598
134255.74220000085,8.338292503356932,-0.6905439330543938,0.07280334728033472,51.024451882845476
137438.6745000003,6.573736381530763,-0.05723738626964456,0.11497105045492143,36.47933002481407
37314.971300000005,9.380423927307131,0.013544668587896264,0.03746397694524496,28.828530259365987
45561.214300000116,6.445621299743652,0.2587223587223591,0.14004914004914004,41.700024570024574
42441.933800000064,6.38980541229248,-0.4726775956284154,0.10109289617486339,38.30169398907103
53496.64670000016,5.808456230163575,-0.13298097251585642,0.11416490486257928,46.74739957716703
76105.81410000048,6.128061866760253,-0.24940119760479046,0.11676646706586825,54.01529940119775
57138.31070000015,5.10905246734619,0.06679764243614891,0.12573673870333987,46.56037328094306
197020.29059999972,8.401149177551272,-0.541326808047854,0.06199021207177814,60.99309951060392
38940.72049999998,8.05727481842041,-0.1407407407407409,0.13960113960113962,39.38065527065526
40685.83750000003,8.606029701232913,-0.16328124999999996,0.03125,50.280729166666646
24214.086700000007,7.6905088424682635,-0.3675925925925927,0.08796296296296297,46.812499999999986
158535.36340000035,7.239832496643068,-0.27844646606018125,0.099370188943317,44.665654303709175
12783.919899999986,9.65396327972412,-0.2947826086956521,0.06086956521739131,61.59913043478261
82998.68110000047,9.161424827575683,-0.07785058977719528,0.0655307994757536,32.81157273918748
56597.65420000002,5.337090492248534,0.6438077634011103,0.06654343807763402,37.49963031423288
53665.53079999998,7.422285652160644,-0.07586912065439678,0.0736196319018405,52.75276073619637
69949.09690000015,9.272568321228025,-0.764714086471407,0.01394700139470014,31.438772663877383
117388.71190000068,5.658856010437011,-0.6615606936416206,0.06069364161849711,45.32794797687887
121281.0584000007,5.8344316482543945,-0.6714418604651182,0.06046511627906977,45.18335813953516
531784.2614000001,5.742807197570801,-0.6650298889837686,0.04782237403928266,54.77965627668505
62317.001300000185,8.89923191070557,-0.7892193308550173,0.1003717472118959,49.51637546468412
271610.03710000066,5.402512168884278,-0.21841070023603198,0.03540519276160503,37.64583398898533
269764.0274000008,5.774807548522949,-0.24037780401416606,0.031877213695395513,37.14856749311325
58314.156900000075,6.933186149597168,-0.14837476099426397,0.10516252390057361,48.01128107074574
58938.28400000011,9.695094108581543,-0.4440384615384614,0.12307692307692308,49.468096153846204
21992.9855,8.22392559051514,0.8792270531400967,0.09178743961352658,27.86333333333332
34221.65050000002,8.737803077697755,0.8563934426229517,0.13114754098360656,32.09740983606557
32542.176900000028,9.2043607711792,-0.24192439862542978,0.09621993127147765,25.063573883161496
5779.693900000001,9.933562660217284,-0.4117647058823529,0.09803921568627451,6.321568627450977
5806.805300000002,10.149854087829588,-0.3725490196078432,0.09803921568627451,2.9921568627450963
42800.89880000004,9.122872734069826,-0.22462686567164217,0.09950248756218905,32.603980099502486
101739.40520000066,8.485796165466308,-0.04900881057268727,0.09801762114537445,35.454416299559576
127936.6111000006,5.183397865295409,-0.15347405452946336,0.09586631486367633,36.34019349164481
29965.78740000001,7.6416841506958,-0.2067669172932332,0.11278195488721804,48.92187969924812
29961.663000000008,8.814262580871585,-0.2631578947368425,0.10902255639097744,44.73462406015037
116339.73860000109,7.437120628356933,0.21584800741427246,0.07599629286376275,53.642455977757464
14857.849999999984,6.288575172424316,-0.2654135338345865,0.07518796992481203,14.31654135338346
17169.550999999992,6.590617561340332,-0.43825503355704704,0.0738255033557047,41.6376510067114
57152.2619000001,7.117571830749512,-0.18015717092337935,0.07858546168958744,44.40591355599218
43991.34450000001,8.484764671325685,-0.445913461538462,0.055288461538461536,75.45793269230784
39768.07390000012,8.644904136657715,-0.4016713091922009,0.061281337047353765,52.19387186629525
130499.71680000103,6.972689247131348,-0.18819383259911912,0.10132158590308371,49.29140088105747
39313.239700000035,7.19350872039795,-0.4690807799442898,0.04178272980501393,69.46406685236776
23203.595900000004,9.627015495300292,-0.0980392156862747,0.11764705882352941,42.81911764705882
55129.260300000125,6.30227336883545,-0.1511022044088179,0.11022044088176353,51.623086172344756
55990.06540000005,5.286219596862792,0.6753424657534254,0.12720156555772993,37.62369863013697
52224.59650000008,5.859781837463378,-0.16987179487179535,0.07692307692307693,54.08311965811973
71450.2612000003,6.065936851501465,-0.7928012519561809,0.054773082942097026,44.4133020344289
35762.1244,8.365304756164551,0.6778481012658226,0.13291139240506328,33.99882911392405
67768.37290000028,9.228987693786618,-0.4135537190082644,0.07603305785123968,42.00466115702485
103168.2441000008,5.526023292541503,0.16173361522198726,0.06342494714587738,37.874640591966305
59231.44550000007,6.020181465148925,-0.4245353159851293,0.10037174721189593,49.05429368029746
45846.325300000026,9.259674644470213,-0.3332541567695959,0.08076009501187648,53.21068883610454
47686.19320000007,9.60026111602783,0.15060240963855398,0.14216867469879518,45.2077831325301
56000.29830000007,4.9189260482788075,-0.050712830957230344,0.10590631364562118,41.25177189409367
107233.52550000076,6.017510032653808,-0.21657810839532424,0.10839532412327312,40.767608926673915
51485.959900000074,9.262640190124511,0.3070815450643777,0.09871244635193133,44.95111587982834
33949.79730000011,7.114047813415527,0.7861842105263164,0.125,54.40726973684211
17442.35149999998,10.8682897567749,-0.3543624161073827,0.10067114093959732,28.339597315436233
120920.6401000008,8.512808418273927,-0.13450905624404189,0.10390848427073404,38.53327931363217
112095.38530000075,5.576553153991698,-0.28426853707414795,0.0971943887775551,36.252625250501225
23431.568299999974,10.939785194396972,-0.5120930232558146,0.06046511627906977,34.7674418604651
35486.19250000012,8.951644706726075,-0.5632530120481926,0.06927710843373494,55.7301204819277
47577.16510000004,9.59536151885986,0.6546539379474956,0.1479713603818616,42.178544152744635
111591.29710000103,7.655666542053223,0.11189773844641095,0.08062930186823992,45.400117994100555
31762.86450000002,6.285790061950684,0.571428571428572,0.08637873754152824,25.468438538205962
29764.194100000022,8.737480735778806,0.11402214022140184,0.07380073800738007,42.51405904059041
54163.120599999995,5.389098167419434,-0.2086134453781514,0.1407563025210084,38.83741596638655
40020.58420000011,9.460622596740723,0.3524079320113312,0.1388101983002833,39.184532577903695
152283.6048000003,8.64135837554932,0.10345842531273011,0.08903605592347313,37.00853568800619
33229.02230000004,9.736740684509275,0.06731391585760521,0.09061488673139159,41.95119741100322
35631.562700000046,4.8458879470825185,-0.4758620689655171,0.05956112852664577,55.160815047021934
34215.49790000003,9.311700630187985,0.07467948717948725,0.09294871794871795,39.30900641025641
132355.65450000064,6.2664079666137695,-0.10016750418760485,0.08710217755443886,50.433584589615
65471.04650000016,6.338593482971191,-0.10679117147707992,0.11375212224108658,40.3035823429542
16297.682599999993,8.805688285827639,-0.3234482758620693,0.06206896551724138,44.52620689655171
207567.62050000043,9.267926597595213,-0.7535249457700699,0.06019522776572668,47.95797722342777
35510.726300000046,9.61270351409912,-0.0290624999999999,0.11875,39.645343749999995
40743.58330000005,6.429479026794433,-0.2534626038781165,0.060941828254847646,40.79168975069252
44807.90720000008,7.86135540008545,-0.6413793103448274,0.07881773399014778,58.48721674876853
42932.38830000005,9.122163581848145,-0.24211886304909577,0.06459948320413436,31.573126614987075
96805.80890000051,9.173609352111818,-0.829171668667466,0.09123649459783914,52.39412965186097
74530.38440000026,8.956866645812987,-0.8391575663026494,0.08892355694227769,52.812340093603986
114655.19490000079,8.871832847595215,-0.2130479102956156,0.1416921508664628,42.4619979612642
15344.680299999985,9.585368919372556,-0.2985401459854015,0.058394160583941604,28.91029197080292
51208.302100000066,8.598164558410648,-0.5709812108559491,0.04175365344467641,63.783716075156754
214757.34169999903,6.141077995300292,-0.41867154811715535,0.08577405857740586,39.10779288702962
53260.686000000016,6.524968528747559,-0.22068230277185538,0.09594882729211088,42.85543710021321
34429.53570000005,6.419475364685058,0.7745161290322584,0.11290322580645162,40.07648387096775
54240.3424000001,8.002089881896975,0.4981707317073178,0.10365853658536586,38.52235772357722
21797.149999999994,9.122679328918458,-0.027225130890052407,0.1099476439790576,32.245078534031414
20480.228499999997,5.278091621398924,-0.06290322580645155,0.0913978494623656,34.638172043010755
33600.43859999997,6.392704200744629,0.6945859872611464,0.08598726114649681,37.17834394904456
6248.411,10.282916831970212,0.08000000000000003,0.12727272727272726,42.97272727272727
83653.90730000031,9.272890663146974,-0.8837209302325566,0.06566347469220246,52.96155950752411
92568.14150000048,6.46517391204834,-0.5941031941031931,0.05405405405405406,54.73255528255544
363386.20110000327,6.4015710830688475,-0.3799877225291619,0.06537753222836096,60.86765807243663
112438.0007000007,7.650778388977051,-0.8066265060240979,0.06827309236947791,57.10662650602443
55704.157300000115,8.87163944244385,-0.2390873015873017,0.06547619047619047,34.64089285714284
54270.996500000125,8.328493309020995,-0.041113490364025916,0.13276231263383298,54.10241970021424
97334.60290000061,5.325097465515137,-0.41806020066889626,0.0713489409141583,65.20904124860678
43012.18150000007,9.172448921203614,-0.47905236907730603,0.054862842892768084,66.69775561097266
34942.4414,8.494370460510254,0.847301587301588,0.1111111111111111,44.32412698412697
17195.97809999999,9.085223197937015,-0.1333333333333335,0.09333333333333332,56.589999999999996
68855.95250000026,5.709272193908691,-0.21159420289855027,0.07568438003220612,39.71032206119169
53445.26870000005,9.270505332946776,-0.5469214437367295,0.08280254777070063,53.878556263269765
40659.092900000054,7.9219556808471685,0.49565217391304356,0.10054347826086957,43.758722826086945
62265.02760000017,5.720298957824707,0.5524647887323949,0.11619718309859156,44.87554577464795
31539.69250000005,6.412597846984863,-0.6129151291512919,0.1070110701107011,31.50774907749077
31805.94560000005,6.115102577209471,-0.7322222222222222,0.10740740740740741,40.192962962962945
132467.5736000009,8.073714256286618,-0.09744224422442262,0.08250825082508251,48.23812706270647
84141.26980000046,8.035291099548338,-0.5989304812834215,0.08957219251336898,37.820200534759465
135601.44460000074,6.761305046081543,-0.618091286307053,0.07800829875518672,51.43950207468906
126571.6519000007,4.728742790222167,-0.3279560810810798,0.05827702702702703,61.04054898648682
43329.47720000006,8.601387977600101,-0.20158730158730187,0.10052910052910054,44.48544973544973
50332.17620000003,7.649471092224122,0.7109014675052417,0.07337526205450734,40.454716981132044
125428.31000000064,5.659879112243652,-0.3563392857142848,0.06517857142857142,45.91357142857169
36445.26980000007,8.505587959289553,0.8095092024539888,0.11349693251533742,28.943865030674846
35429.05130000001,8.781512641906737,0.7069620253164562,0.09177215189873418,53.52503164556962
30827.340000000026,7.661236763000488,0.6599290780141854,0.08865248226950354,33.50606382978722
90761.86690000052,6.742036628723145,0.20871165644171946,0.09202453987730061,54.63277300613518
55491.98150000007,7.867931175231934,0.5392233009708746,0.1145631067961165,37.73654368932036
79387.30340000041,6.137042427062987,-0.10814917127071824,0.06077348066298342,42.23288674033163
71080.09260000032,5.515621757507323,-0.3293129770992368,0.08702290076335878,45.103664122137474
52163.61290000002,5.362781715393066,-0.8336909871244624,0.06223175965665236,60.48954935622339
39297.43820000008,6.784381675720215,0.09809264305177108,0.07901907356948229,47.17656675749318
16549.89559999998,9.734161949157713,-0.4224489795918369,0.07482993197278912,48.410884353741494
21748.375300000018,8.929983329772952,-0.9930481283422462,0.12299465240641713,38.177540106951845
21275.308500000017,5.0582384109497065,-0.053439153439153446,0.10052910052910052,40.91904761904761
55913.715800000085,6.387361335754394,-0.5006172839506163,0.0823045267489712,55.246748971193504
31669.14840000001,5.79998722076416,0.07298245614035069,0.0912280701754386,35.827368421052626
27884.995400000033,9.43883228302002,-0.8658823529411761,0.09019607843137255,76.30823529411762
84915.83300000038,6.425045585632325,0.22447368421052702,0.11184210526315788,38.70172368421061
57239.880699999994,5.7825944900512685,0.46539923954372736,0.10456273764258556,47.000057034220575
248973.70980000048,6.332625389099121,-0.05204862674470944,0.09770373705538046,48.86629896443078
34166.31720000004,6.56208438873291,0.8866883116883117,0.12987012987012989,32.10587662337661
95337.0811000005,6.406345558166504,-0.20944055944055937,0.07342657342657342,35.58114219114234
47431.791700000096,8.656315040588382,-0.5848623853211018,0.052752293577981654,67.21192660550471
6961.1247,9.032874870300294,-0.18103448275862064,0.10344827586206896,39.13275862068965
51804.584900000016,9.171997642517091,0.3017467248908301,0.08951965065502183,39.118558951965056
35891.48100000005,8.896266365051272,0.7355140186915898,0.11214953271028036,44.04831775700932
39015.99880000003,6.2209367752075195,0.510632183908046,0.15517241379310345,32.28913793103448
35338.24320000002,9.018949699401855,0.5344936708860762,0.11708860759493672,44.9592405063291
34762.59450000002,8.505265617370608,0.5762820512820515,0.1121794871794872,38.933717948717934
109689.93950000075,5.49078311920166,-0.3285123966942149,0.10020661157024793,53.16179752066145
36942.438700000006,7.884177207946777,0.7707831325301214,0.10843373493975904,48.624156626506014
164940.1443000008,6.396910285949708,-0.6862139917695483,0.05761316872427984,58.1624965706451
12440.69069999999,10.592751884460448,-1.1707547169811328,0.07547169811320754,49.607547169811326
12468.70409999999,10.667148399353028,-1.1764150943396237,0.07547169811320754,52.73679245283018
133290.86020000066,7.376530265808105,-0.6328006728343147,0.07232968881412952,54.998511354079405
82859.70250000039,4.356788444519044,-0.7302509907529716,0.062087186261558784,42.37836195508606
25037.267800000023,6.585843086242675,-0.4619718309859156,0.1267605633802817,54.191549295774635
46953.80630000007,9.26689510345459,0.4329545454545472,0.075,45.96863636363636
77919.56720000035,8.26357364654541,-0.4794405594405591,0.07692307692307693,36.63120279720288
157309.49630000023,4.9732072830200185,-0.6248727272727264,0.08872727272727272,47.295716363636636
76111.06190000029,9.332975196838383,-0.4563235294117646,0.08529411764705883,54.46869117647083
60657.79340000005,6.332909584045409,0.49535714285714405,0.07142857142857142,36.24501785714285
48338.54360000004,9.318663215637208,0.33640661938534316,0.1252955082742317,41.919621749408975
18354.00669999998,9.09727878570557,-0.29875776397515535,0.07453416149068323,52.842919254658376
18385.13339999998,10.11807117462158,-0.27874999999999994,0.08125,59.0556875
50076.84260000005,7.232841300964356,-0.23900226757369653,0.1111111111111111,38.31451247165533
7933.1079999999965,9.34393482208252,-0.5710144927536231,0.07246376811594203,52.311594202898554
305626.99350000184,5.758949470520019,-0.34697724039829425,0.06685633001422475,49.31863798008562
36349.996900000086,9.399377632141114,-0.6744615384615388,0.055384615384615386,55.082769230769244
64867.51060000018,9.146468162536621,0.26717428087986506,0.10829103214890015,45.919492385786874
66965.61680000019,8.656895256042482,0.4145867098865485,0.07617504051863858,40.62805510534849
40528.76740000003,6.3264867782592775,-0.4824999999999993,0.06666666666666667,54.905
37231.12930000003,9.03667850494385,0.4017543859649123,0.1111111111111111,37.72576023391812
38043.80520000004,6.698952674865722,0.332080924855491,0.10982658959537572,35.002052023121394
102913.97270000083,4.819742012023925,-0.3379912663755449,0.09388646288209607,47.79097161572072
95846.39880000066,9.348834419250487,-0.3573394495412844,0.08830275229357798,46.188440366972706
65712.82290000028,6.32614574432373,-0.6946488294314369,0.05852842809364548,55.66337792642157
102249.8615000007,8.200523567199706,-0.10065573770491801,0.0907103825136612,32.40502732240442
46678.847800000105,4.908695030212402,-0.7015873015873013,0.061224489795918366,66.13786848072576
34121.4212,5.080064582824705,-0.9603174603174596,0.05396825396825397,68.00253968253969
47262.088200000144,6.872652626037598,-0.48291139240506364,0.05274261603375528,56.732911392405164
73579.73910000022,8.107237815856934,-0.8656060606060598,0.051515151515151514,58.08304545454565
13292.812699999991,11.476935768127444,-0.5410256410256409,0.05128205128205128,37.63931623931623
59322.216500000206,7.4387121200561515,0.5728752260397845,0.09041591320072334,39.872893309222434
257048.42189999868,7.215675926208497,-0.2762197621976242,0.05740057400574006,50.42788847888515
24943.46470000001,8.657862281799318,-0.8014084507042257,0.07511737089201878,59.39295774647887
63065.135800000106,7.821900749206544,-0.018652849740932637,0.07944732297063903,44.09257340241805
21542.011699999995,9.196946907043458,0.051562499999999935,0.09375,15.359895833333324
36578.40830000008,9.22827854156494,-0.17522935779816518,0.10397553516819572,57.5734250764526
31669.35039999998,10.472389411926269,-0.11973244147157208,0.05016722408026756,64.23678929765883
262493.1953,8.780674552917482,-0.25014963659683576,0.09405728943993161,51.252283026934904
18819.451100000002,6.890159034729005,-0.14969325153374233,0.09815950920245399,37.00865030674847
61239.69090000017,4.86430377960205,-0.7343636363636364,0.06363636363636363,73.0898181818184
68585.2760000003,7.640888404846191,0.01851239669421463,0.1090909090909091,48.210082644628216
141519.21890000056,7.527778816223146,-0.7913348946135831,0.06401249024199844,56.59086651053897
55422.34850000005,9.28868541717529,0.6664670658682648,0.11776447105788423,36.67890219560877
30618.69160000003,5.489703178405762,-0.26714801444043323,0.05776173285198556,58.18989169675089
71108.96400000024,4.919949150085448,0.44873817034700353,0.14037854889589907,32.693059936908526
14839.34229999998,10.143729591369631,-0.11999999999999993,0.07692307692307693,25.203076923076914
34258.293900000055,5.708249092102051,-0.575838926174497,0.1174496644295302,56.756409395973144
44510.395600000105,8.061529731750486,-0.1272500000000003,0.057499999999999996,65.67075000000007
40475.33630000005,9.493308067321777,-0.23983286908078005,0.07520891364902507,49.15654596100276
62083.2803000001,8.453948783874516,-0.902394106813994,0.07918968692449355,41.8957826887662
38829.57290000003,9.745186042785644,-0.10507462686567165,0.13134328358208955,51.32868656716417
82703.55440000043,5.546428489685058,-0.3357923497267755,0.08333333333333333,42.04863387978153
51680.73100000003,6.546453666687013,-0.39012875536480707,0.1201716738197425,35.66311158798283
67560.32060000017,7.647254371643067,-0.6870588235294111,0.08571428571428572,44.880184873949645
21396.793100000017,10.177768898010253,-0.9010869565217396,0.059782608695652176,60.224999999999994
43831.61130000007,6.224915504455566,-0.12303797468354433,0.09367088607594937,43.647873417721506
61622.48170000026,9.587045097351073,-0.1637184115523465,0.09566787003610108,41.97346570397121
16701.988899999982,8.400504493713385,0.8913907284768213,0.11258278145695363,43.74172185430462
34898.43590000001,9.00502452850342,0.7830188679245288,0.11006289308176101,32.32018867924528
52596.03170000005,9.056663703918456,-0.7700431034482752,0.08189655172413793,50.40346982758627
66155.24750000016,5.95458927154541,-0.6258536585365848,0.061788617886178863,48.90894308943105
27214.03210000002,9.636492347717283,0.7314049586776863,0.16115702479338845,34.61330578512396
112448.98230000056,7.941231727600098,-0.6541257367387029,0.07465618860510805,54.16829076620856
25007.3998,5.534037590026855,-0.1266666666666666,0.08444444444444445,37.483644444444465
67385.66380000026,5.816186332702637,-0.4515055467511878,0.0427892234548336,59.322503961965324
61322.90290000019,7.392729377746583,-0.6540394973070022,0.05026929982046679,65.94991023339335
68924.21750000023,5.930660057067871,-0.4623456790123451,0.07561728395061729,62.968981481481734
26398.166200000007,8.917025184631349,0.8683333333333338,0.15416666666666667,40.62045833333332
51593.333000000086,6.91573657989502,-0.28776824034334797,0.07510729613733905,48.67768240343351
101017.45410000064,8.619116783142093,-0.12337662337662376,0.08116883116883117,62.94320346320381
59959.96770000021,8.368979454040527,-0.41714285714285715,0.09714285714285714,47.653371428571496
163347.09290000066,6.0196130752563475,-0.19177518848526331,0.10212474297464016,36.95490061686103
100675.65890000094,8.678621101379395,-0.6366090712742961,0.0572354211663067,53.71361771058341
23229.022100000027,9.545205116271973,0.11527093596059128,0.09852216748768472,43.23251231527094
77726.58370000054,5.134743690490722,-0.14193083573487061,0.09077809798270893,44.645994236311374
96384.73320000058,5.748718452453613,0.11119047619047599,0.12023809523809526,47.71538095238112
35540.11100000005,5.22022953033447,-0.3717391304347829,0.08695652173913043,35.38198757763974
39391.16790000008,9.216029548645018,0.5281976744186047,0.14825581395348836,37.5608430232558
92024.00450000043,5.605597877502441,-0.348599269183922,0.08404384896467723,45.03105968331313
150766.94680000047,8.663406562805175,-0.3499999999999993,0.085949177877429,46.14210762331867
60581.11220000011,7.562052726745606,-0.7499999999999989,0.07434944237918216,51.1630297397771
34258.610100000034,8.491211509704591,0.8429508196721319,0.13442622950819672,34.38206557377048
34329.66480000004,8.533567237854005,0.8327868852459025,0.13442622950819672,31.101409836065564
34211.533700000036,8.690160942077636,0.8334426229508203,0.13442622950819672,32.50403278688523
36955.19330000001,8.338034629821777,0.01914893617021289,0.12158054711246201,39.64139817629179
47507.47620000008,8.751986122131349,-0.34613636363636374,0.056818181818181816,49.79340909090909
42952.69600000011,7.10125904083252,-0.12969543147208135,0.06852791878172589,61.31776649746199
32868.29180000004,9.648032188415527,-0.49161073825503415,0.06711409395973154,47.920838926174504
66648.20770000023,8.550973701477051,-0.19370748299319726,0.07482993197278912,53.84494897959199
66584.05120000022,8.234885215759277,-0.20000000000000007,0.07482993197278912,50.64886054421784
63670.7362000002,7.829443550109864,-0.1614285714285715,0.08214285714285714,57.04916071428586
24898.474499999968,10.486443519592285,-0.6982222222222219,0.048888888888888885,76.21866666666666
58502.43000000007,6.071450233459472,-0.015961538461538496,0.11923076923076924,38.10021153846152
93884.39580000052,8.745797157287598,0.13907363420427582,0.10095011876484561,38.505486935867154
140001.07360000006,5.841081809997559,-0.4490055688146365,0.0883054892601432,42.76149562450308
121443.29360000063,5.824882698059082,-0.679441860465118,0.05767441860465117,45.292939534883985
121362.19420000065,5.825678443908691,-0.6826046511627923,0.05953488372093023,43.60521860465142
33805.47840000007,8.34486827850342,-0.26720779220779217,0.06493506493506494,30.573084415584415
158552.3339000008,5.935320854187012,-0.7487769784172693,0.060431654676258995,58.84008633093571
28932.32570000002,4.663377952575684,-0.12490421455938687,0.08045977011494253,43.103448275862064
134299.449900001,8.487923622131351,-0.029983525535420632,0.0914332784184514,41.2663179571666
75519.4309000003,5.595707893371581,-0.41797583081570955,0.06646525679758308,36.64380664652568
33731.27970000004,7.5542089462280275,-0.0012618296529967772,0.06624605678233439,40.157097791798094
28694.563999999995,9.708503532409669,-0.44674329501915727,0.03831417624521073,68.49578544061303
35070.77650000005,8.81735706329346,0.758842443729904,0.1189710610932476,40.52836012861735
57644.67850000011,5.785265922546387,-0.6863813229571981,0.08754863813229571,63.8551167315176
24226.028999999984,8.21135425567627,0.3897196261682243,0.1588785046728972,38.72294392523364
42410.147000000106,8.71246700286865,0.6502645502645511,0.10582010582010581,34.161640211640204
31946.934600000022,8.233015632629396,0.4470790378006871,0.11683848797250859,39.36429553264604
49410.61150000006,6.067414665222167,-0.4004618937644336,0.09468822170900693,47.84228637413395
29279.25760000001,7.495835304260253,-0.4435294117647059,0.10588235294117647,52.2290588235294
125088.31310000065,6.63330364227295,-0.23725834797890977,0.07820738137082602,46.65888400703016
35399.28420000005,9.97095432281494,0.7624595469255674,0.12944983818770228,27.64533980582524
92217.9817000005,8.125869178771975,-0.31561743341404236,0.06053268765133172,51.03801452784523
48643.31400000003,6.644557762145996,-0.3041379310344831,0.08505747126436781,40.62436781609195
41188.9511,8.612347602844238,-0.7115384615384617,0.08241758241758242,40.23324175824175
37393.23729999997,8.348929786682131,-0.2776119402985079,0.13134328358208955,32.627462686567156
76683.5986000003,4.856971549987793,-0.37063953488372103,0.11337209302325582,38.44668604651173
46154.84430000006,7.537100410461426,0.26486486486486466,0.11302211302211301,35.22628992628993
28670.64860000002,6.44357509613037,-0.10957854406130259,0.07662835249042145,46.02988505747126
57447.84170000006,8.14404926300049,-0.27809523809523845,0.07809523809523809,60.45428571428589
28121.393699999993,8.62246913909912,0.6125475285171107,0.12547528517110265,34.04490494296577
28837.13270000001,6.435731315612792,0.5140221402214027,0.08487084870848709,44.28121771217712
8072.290299999998,8.930692481994633,-0.08142857142857163,0.12857142857142856,30.202857142857145
32231.54700000005,8.874024772644042,-0.33714285714285713,0.10357142857142859,37.23432142857141
42631.27900000004,8.091636466979981,-0.27700534759358286,0.0962566844919786,47.14336898395719
28889.303500000016,4.684124183654785,-0.11374045801526704,0.08778625954198474,41.061832061068706
54114.87900000007,9.207842063903808,-0.09302325581395351,0.11839323467230445,41.58987315010571
92853.37420000049,7.046523094177245,0.17577937649880265,0.10071942446043167,39.336582733813046
36965.59589999997,8.717946815490723,-0.5082066869300916,0.10030395136778114,35.05322188449848
81666.64660000027,6.19467716217041,-0.40735694822888185,0.08038147138964577,42.246457765667714
41132.55670000007,9.17122402191162,0.4176623376623376,0.0857142857142857,43.897922077922075
15169.519499999979,10.605903434753419,-0.5067164179104479,0.0746268656716418,57.48432835820895
142865.30910000054,5.913437843322753,-0.27700701480904044,0.06313328137178488,47.70117692907281
75420.41630000013,8.89768466949463,-0.21533923303834812,0.09734513274336283,38.00884955752218
103357.21950000073,5.522442436218261,-0.38262806236080066,0.11692650334075724,50.08199331848575
53746.61950000009,5.165720939636229,-0.15711297071129715,0.11297071129707112,33.28665271966527
103275.06230000076,5.486633872985839,-0.19499455930359091,0.09793253536452666,37.21516866158881
26242.1817,4.893746376037597,-0.46169354838709686,0.06854838709677419,37.01814516129033
52948.22100000004,6.770910835266113,-0.2608791208791215,0.14505494505494504,37.581450549450565
130157.22940000077,5.4811204910278315,-0.15021204410517416,0.07803223070398643,43.17686174724369
55066.971200000145,8.715045738220216,-1.0262939958592114,0.07453416149068323,45.959420289855125
60068.77580000019,6.838719749450684,-0.25349264705882435,0.08272058823529412,53.25810661764719
28086.72690000001,8.273630714416509,-0.33515625000000027,0.0546875,43.296093750000004
45237.13430000003,6.8290002822875975,-0.14698492462311558,0.1407035175879397,41.526206030150746
22918.14060000001,8.216447257995608,-0.08341463414634151,0.0975609756097561,29.436585365853645
59399.21430000014,6.230713081359863,-0.11277777777777778,0.07962962962962963,45.32351851851856
80117.67190000026,5.824655342102051,-0.5099290780141831,0.11631205673758865,42.902609929078174
30678.21489999999,7.828218650817873,0.265505226480836,0.08710801393728224,28.915331010452956
22688.843600000004,6.826499366760253,-0.2800995024875624,0.0845771144278607,56.31144278606965
33200.458900000056,5.35152759552002,-0.13812709030100326,0.08361204013377926,44.87491638795986
62520.3203000001,6.151365852355956,-0.10917107583774266,0.09347442680776014,37.72962962962961
93894.17210000049,5.936912345886231,-0.32606132075471644,0.09433962264150944,42.4065094339624
21557.42640000001,9.115845680236816,-0.18556701030927863,0.08762886597938145,32.431443298969064
11996.389299999993,8.905743217468263,-1.0190476190476194,0.09523809523809523,45.78761904761902
37717.95470000006,6.220879936218262,-0.10241691842900316,0.10876132930513595,44.101208459214504
41328.01200000007,8.648836708068849,0.46912568306010943,0.13387978142076504,42.59483606557375
84329.62060000037,6.498083686828613,-0.3168000000000001,0.12933333333333333,41.87589333333343
88891.60740000043,6.837582969665529,-0.19620733249051814,0.09608091024020227,58.13011378002546
116655.77300000074,6.103621101379393,-0.659733333333333,0.05422222222222222,24.178053333333388
43704.550900000075,9.63114147186279,0.305808080808081,0.10101010101010101,37.62729797979797
30179.71460000001,8.25873851776123,-0.07184115523465709,0.05054151624548736,54.054151624548744
30569.621400000007,8.781641578674318,-0.3321299638989169,0.07220216606498195,37.857761732852
46903.449300000066,9.163810157775881,-0.20093896713615036,0.08215962441314553,49.908708920187806
35213.22450000003,6.824112129211425,0.5993808049535606,0.09597523219814241,25.85356037151702
41653.568999999996,7.1583253860473635,-0.2486413043478264,0.08423913043478261,38.34076086956521
37430.66370000002,9.99532337188721,0.4994169096209918,0.09329446064139943,44.97784256559766
35373.05120000004,8.937912940979007,0.8528846153846157,0.13141025641025642,40.18977564102563
55878.873700000026,10.01982135772705,-0.1681188118811885,0.039603960396039604,54.19841584158425
161810.51340000052,5.993467140197754,-0.2546648237733231,0.09191430545957154,41.413690393918706
41995.62630000004,8.711242103576659,0.6230352303523041,0.14363143631436315,39.730406504065016
36587.43020000003,9.276694297790527,0.655417956656347,0.11455108359133129,50.837213622291024
45562.81460000004,8.389415931701663,-0.21578947368421073,0.12781954887218044,40.48799498746865
29088.77040000003,8.201297187805174,-0.28228346456692915,0.12598425196850394,39.983503937007875
26242.561400000028,6.222130393981933,-0.09141630901287548,0.11158798283261803,40.079828326180255
52070.74630000006,5.851881217956542,-0.3494577006507596,0.0824295010845987,48.82299349240786
37821.19470000001,5.879846000671387,-0.3943952802359885,0.11799410029498525,31.245457227138655
115685.90720000042,6.043428611755371,-0.6056980056980054,0.05792972459639126,46.2446533713203
117411.27320000068,6.4464738845825185,-0.44175506268080866,0.09257473481195756,40.32218900675046
52386.92550000005,6.54338436126709,-0.4312633832976447,0.09421841541755889,37.429550321199144
52057.567000000075,6.033424949645995,-0.10182926829268306,0.034552845528455285,51.9550813008131
28448.8852,10.129611015319824,-0.3828685258964145,0.09163346613545817,45.376533864541834
67350.72970000019,6.110441780090332,-0.2376026272577998,0.08702791461412152,47.42597701149434
111629.30220000065,7.873346519470215,-0.5836458333333323,0.08020833333333333,44.3164687500002
151859.69440000042,6.075485801696778,-1.3445190156599585,0.020879940343027592,76.99112602535462
37207.03060000001,6.16870174407959,-0.26901840490797574,0.1196319018404908,46.05162576687116
82456.3446000005,5.774978065490722,-0.1885714285714286,0.10204081632653061,46.09482993197292
59149.7610000001,9.391770362854004,-0.1361328125000001,0.125,41.64730468750002
134188.2371000005,6.516044807434082,-0.009090909090908966,0.10960067969413764,39.631920135939026
36579.54920000007,8.546783256530762,0.4726726726726734,0.0960960960960961,45.60213213213214
62228.46170000015,8.707631874084473,0.05055762081784383,0.1486988847583643,40.033085501858736
45673.36230000004,5.746274375915529,-0.1343065693430659,0.08272506082725062,44.598077858880764
38734.96930000008,7.914735221862793,-0.3139941690962099,0.09329446064139943,51.295918367346935
164035.68649999972,8.90097255706787,-0.6592307692307704,0.045562130177514794,32.867159763313914
65403.84530000012,7.239320945739748,-0.09321739130434789,0.09913043478260869,44.861565217391366
91866.7272000005,5.820733451843262,-0.3665450121654497,0.0754257907542579,52.26423357664254
55391.78420000011,9.204425239562987,-0.41314741035856606,0.0697211155378486,43.29342629482073
54603.94370000005,8.308830451965335,-0.65924369747899,0.12394957983193278,34.59014705882354
74326.93770000036,8.753339958190917,-0.1772795216741409,0.07174887892376682,27.758475336322846
55044.3355000001,8.962024116516115,-0.07406639004149422,0.0995850622406639,45.23858921161828
54233.91760000007,8.883437156677246,-0.1394514767932489,0.11814345991561181,37.07217299578059
214719.29119999983,6.980703544616699,-0.5298952879581142,0.08638743455497383,46.096764397906114
77153.24950000035,9.127063179016115,-0.3975146198830409,0.0891812865497076,47.575730994152195
28740.97670000001,7.611502647399903,0.012643678160919535,0.07662835249042146,39.880842911877394
40505.702600000055,7.9382017135620115,-1.0653846153846158,0.04395604395604396,66.69340659340668
157749.58989999953,8.137344551086429,-0.6705112219451369,0.03179551122194514,35.88018079800545
34912.09920000006,8.353829383850101,0.7445161290322586,0.12580645161290321,44.00096774193549
54115.34760000014,6.067187309265137,-0.1057851239669422,0.07851239669421488,37.05661157024795
90146.2474000005,9.623663139343261,-0.4665871121718365,0.03937947494033413,70.05384248210056
154371.85620000027,8.407209205627446,-0.37274041937816244,0.10267534345625452,37.38230657989901
10539.266599999992,5.991932487487793,0.06530612244897954,0.06122448979591837,64.0908163265306
133895.10440000045,6.4428930282592765,-0.3714650766609871,0.08347529812606473,40.49140545144828
52864.72910000014,6.2719213485717775,0.09958419958419955,0.08316008316008316,54.93686070686079
54531.26270000014,5.929580116271972,-0.736363636363636,0.06404958677685951,64.97789256198367
92514.08090000061,5.446221351623534,-0.5377008652657587,0.08281829419035847,47.04253399258363
14206.383899999988,10.551556587219238,-0.682203389830509,0.1610169491525424,64.79245762711862
34693.34390000005,9.552747917175292,-0.9969594594594592,0.08108108108108109,46.22364864864866
70513.67550000014,5.20391674041748,-0.2731825525040391,0.08400646203554121,46.28402261712459
50870.69150000008,7.55102596282959,-0.29654427645788256,0.06695464362850971,46.90410367170627
42577.00720000003,6.271125602722168,-0.8272493573264779,0.05655526992287918,73.92544987146547
128084.95210000081,5.7220609664917,-0.9910394265232993,0.02240143369175627,56.43906810035872
110556.30900000075,6.512463951110839,-1.0462904911180786,0.021943573667711595,60.50240334378288
30479.821500000045,9.034228706359862,-0.5369718309859159,0.08802816901408451,60.26338028169014
47044.755400000075,8.162422752380369,-0.4360091743119259,0.08944954128440367,54.05298165137622
141539.9980000003,6.765909004211426,-0.8732128184059192,0.06162695152013147,45.470542317173646
38790.51330000006,4.867884635925292,0.6982608695652183,0.11884057971014493,36.60840579710144
31620.612199999945,9.016886711120605,-0.4305732484076427,0.07006369426751592,47.48821656050951
89386.3421000006,4.793255043029785,-0.4821831869510651,0.08155583437892094,53.56825595984968
113737.36620000076,5.082792854309081,-0.2311776061776062,0.06081081081081081,55.49683397683426
39294.895800000064,9.13712024688721,0.34913294797687844,0.1271676300578035,48.86130057803468
34309.50569999999,9.744219017028808,-0.7422712933753944,0.05993690851735016,58.73091482649844
108545.66050000094,4.9072172164916985,0.03946557040082199,0.10380267214799588,38.421089414183115
40999.7383,9.105337333679199,-0.28337874659400564,0.08446866485013625,50.07005449591279
47420.72080000014,4.592045021057129,-0.9040000000000002,0.04941176470588235,48.26776470588236
35192.98010000006,7.032824897766112,-0.6769938650306749,0.04294478527607362,93.21260736196339
61163.1498000001,6.30147762298584,-1.0523719165085375,0.07590132827324478,55.26889943074017
50423.00210000007,8.191755867004396,-0.3552966101694918,0.0635593220338983,45.68072033898303
41298.956200000124,9.16858081817627,-0.39168765743073014,0.07304785894206549,69.44408060453416
44564.97180000009,9.38629055023193,-0.3463800904977379,0.06334841628959276,63.88619909502277
39124.546100000036,7.530336570739748,0.8031791907514461,0.1069364161849711,40.59023121387282
46336.67520000003,9.04202938079834,-0.15985576923076922,0.10576923076923078,33.72644230769232
60692.87850000008,8.709694862365723,-0.40694698354661785,0.08775137111517368,39.58868372943332
46262.95120000004,8.689000511169432,-0.16244019138755988,0.0861244019138756,40.481842105263155
36894.15980000004,8.605771827697758,0.0707831325301203,0.11746987951807228,37.6385843373494
74543.3977000003,5.086373710632324,-0.8321804511278177,0.039097744360902256,55.814451127819794
87115.51620000064,4.532477760314941,-0.2889027431421443,0.08478802992518704,56.21321695760621
67853.8260000001,9.540305519104006,-0.7096774193548372,0.07809847198641764,54.20173174872679
19674.05839999999,9.644293022155761,0.651445086705202,0.18497109826589597,37.339364161849694
52623.29150000008,8.965247535705569,-0.17111597374179455,0.1225382932166302,44.50964989059081
97207.00820000037,9.320661735534667,-0.35832363213038354,0.08498253783469151,46.02076833527377
44872.392900000064,9.299064826965331,0.4572139303482585,0.11940298507462685,32.94626865671641
24194.203,6.112885856628417,-0.2529953917050688,0.08294930875576037,51.8405529953917
39022.36700000004,9.704506492614744,-0.3746803069053702,0.04859335038363171,51.67851662404089
55943.499500000165,8.661536979675294,-0.5998035363457767,0.07858546168958742,64.06681728880179
55097.5731000002,8.900843620300293,-0.5017928286852588,0.08366533864541832,54.38288844621527
55674.32230000016,8.622017860412601,-0.5559055118110234,0.06889763779527558,62.672244094488356
22613.84990000002,7.49515323638916,-0.19701492537313436,0.0845771144278607,53.668656716417914
46940.20030000013,8.979043769836426,-0.8276119402985068,0.08706467661691542,46.92365671641793
56253.220100000006,6.454317665100096,0.45176470588235296,0.12156862745098039,41.3404117647059
28137.5222,9.579760169982908,-0.6554716981132074,0.08679245283018867,72.88113207547167
36861.83530000002,6.565722084045409,0.8668711656441723,0.13190184049079753,36.18837423312883
33519.24470000001,9.647387504577637,-0.6738019169329076,0.06709265175718851,68.11341853035145
27904.779499999982,9.706569480895993,-0.15608856088560955,0.03690036900369004,57.346125461254594
12614.52619999999,9.433416938781736,-0.15701754385964906,0.13157894736842105,48.93245614035085
107470.28110000056,9.142342185974119,-0.3532494758909855,0.08071278825995808,37.67863731656197
108104.93240000057,8.9898099899292,-0.3558915537017729,0.08029197080291971,37.38948905109501
107701.54330000053,9.11333141326904,-0.3452928870292888,0.08054393305439331,37.97345188284532
108064.84540000057,9.023269081115721,-0.3523461939520336,0.08029197080291971,37.277184567257684
107686.40980000055,9.073167610168458,-0.3712343096234311,0.07845188284518828,37.37826359832648
165181.88240000006,9.08696384429932,-0.25394105551747737,0.08087731322823852,42.99653872515445
109663.67150000045,9.152850532531737,-0.2641898864809088,0.08565531475748195,38.65574819401459
114825.38020000054,9.112557792663573,-0.28796844181459613,0.08678500986193294,39.53581854043409
91946.4624000003,9.209453773498534,-0.24064039408867038,0.08374384236453203,36.397918719211916
17120.46189999999,5.859554481506346,-0.3121794871794871,0.07051282051282051,38.745512820512815
17205.660599999992,8.55516414642334,-0.29679487179487174,0.07692307692307693,33.07820512820512
17107.489499999992,5.859611320495604,-0.2794871794871794,0.07051282051282051,33.09807692307691
17193.60689999999,8.55516414642334,-0.330128205128205,0.07692307692307693,31.989743589743572
17106.524699999994,7.924212074279786,-0.2621794871794871,0.07051282051282051,35.1878205128205
17138.52509999999,7.924212074279786,-0.3057692307692306,0.07692307692307693,33.76858974358973
17090.482299999992,7.924212074279786,-0.29679487179487174,0.07051282051282051,33.76858974358973
17077.39739999999,5.859611320495604,-0.2961538461538461,0.07051282051282051,34.33269230769229
16972.242199999997,5.8592134475707995,-0.3397435897435897,0.057692307692307696,31.454487179487163
17106.481699999993,7.924212074279786,-0.3147435897435896,0.07051282051282051,32.718589743589725
17076.455699999995,7.924212074279786,-0.2987179487179487,0.07051282051282051,33.76858974358973
17100.501999999997,7.950579643249513,-0.25769230769230755,0.06410256410256411,32.757692307692295
