Entry,Hydrolase,Receptor,Structural protein,Transcription factor,Transport protein
P03986,0,1,0,0,0
Q9NRU3,0,0,0,0,1
Q01167,0,0,0,1,0
P51788,0,0,0,0,1
Q9NXT0,0,0,0,1,0
O75439,1,0,0,0,0
P08574,0,0,0,0,1
O43678,0,0,0,0,1
Q9HD20,1,0,0,0,1
O15499,0,0,0,1,0
Q5SRE5,0,0,1,0,0
Q8NE86,0,0,0,0,1
Q96IV0,1,0,0,0,0
Q9Y6N6,0,0,1,0,0
P82673,0,0,1,0,0
Q3SY52,0,0,0,1,0
Q3KQV3,0,0,0,1,0
Q96HQ0,0,0,0,1,0
Q9H707,0,0,0,1,0
Q68DI1,0,0,0,1,0
Q9BSF4,0,0,0,0,1
Q9NX46,1,0,0,0,0
Q12972,1,0,0,0,0
Q9HC07,0,0,0,0,1
Q9Y584,0,0,0,0,1
Q8TAU3,0,0,0,1,0
Q16795,0,0,0,0,1
Q16787,0,0,1,0,0
O75489,0,0,0,0,1
Q96K37,0,0,0,0,1
O00231,0,0,1,0,0
Q9Y2Y9,0,0,0,1,0
P30153,1,0,0,0,0
A6NHR9,1,0,0,0,0
Q9BUY5,0,0,0,1,0
A6NDG6,1,0,0,0,0
Q96K62,0,0,0,1,0
Q99567,0,0,1,0,0
Q9Y2P7,0,0,0,1,0
Q15329,0,0,0,1,0
Q68DY9,0,0,0,1,0
Q9UHI6,1,0,0,0,0
Q9UL25,1,0,0,0,0
Q9HD33,0,0,1,0,0
P23229,0,1,0,0,0
P62070,1,0,0,0,0
P18146,0,0,0,1,0
Q9UJS0,0,0,0,0,1
P35613,0,1,0,0,0
Q6P9A1,0,0,0,1,0
O75380,0,0,0,0,1
O43598,1,0,0,0,0
Q9NTJ4,1,0,0,0,0
P52797,0,1,0,0,0
Q12765,1,0,0,0,0
Q8TEL6,0,0,0,0,1
Q9UBL9,0,1,0,0,1
Q96S44,1,0,0,0,0
Q9NP92,0,0,1,0,0
P15622,0,0,0,1,0
Q99835,0,1,0,0,0
Q8NCA9,0,0,0,1,0
P0C1H6,0,0,1,0,0
Q5VWZ2,1,0,0,0,0
P51787,0,0,0,0,1
P16260,0,0,0,0,1
Q14055,0,0,1,0,0
P12955,1,0,0,0,0
Q6PK81,0,0,0,1,0
Q13106,0,0,0,1,0
Q9UDW1,0,0,0,0,1
Q8N2E6,1,0,0,0,0
Q5JU69,1,0,0,0,0
Q8NBS3,0,0,0,0,1
Q9NS69,0,0,0,0,1
Q8NE01,0,0,0,0,1
Q8TCT7,1,0,0,0,0
Q7Z7H8,0,0,1,0,0
Q9NWU5,0,0,1,0,0
Q9HCX3,0,0,0,1,0
Q9BWM5,0,0,0,1,0
O43296,0,0,0,1,0
Q00688,0,1,0,0,0
Q96SQ5,0,0,0,1,0
Q9BYD6,0,0,1,0,0
Q05195,0,0,0,1,0
Q9BT78,1,0,0,0,0
Q9BX68,1,0,0,0,0
Q14592,0,0,0,1,0
Q9BX74,0,1,0,0,0
Q05397,1,0,0,0,0
Q9UKM7,1,0,0,0,0
P49406,0,0,1,0,0
Q9H0R4,1,0,0,0,0
Q8TCS8,1,0,0,0,0
Q86T03,1,0,0,0,0
Q86YN1,1,0,0,0,0
Q8N4L2,1,0,0,0,0
Q8TDD1,1,0,0,0,0
P41231,0,1,0,0,0
Q96GM8,1,0,0,0,0
Q9HCC6,0,0,0,1,0
Q9HAP2,0,0,0,1,0
Q9UBX3,0,0,0,0,1
Q5VVJ2,1,0,0,0,0
Q8WYA1,0,0,0,1,0
Q8WTS1,1,0,0,0,0
Q96FW1,1,0,0,0,0
Q96G01,0,0,1,0,0
Q8NHW3,0,0,0,1,0
Q9Y5Q3,0,0,0,1,0
Q9UJ14,1,0,0,0,0
Q15620,0,1,0,0,0
Q92859,0,1,0,0,0
Q15916,0,0,0,1,0
Q9UNH5,1,0,0,0,0
P35638,0,0,0,1,0
Q96KR4,1,0,0,0,0
Q8NFH5,0,0,1,0,0
O75333,0,0,0,1,0
O60783,0,0,1,0,0
Q92499,1,0,0,0,0
P28288,1,0,0,0,1
P54289,0,0,0,0,1
O15173,0,1,0,1,1
Q9NU63,0,0,0,1,0
Q9NRC8,1,0,0,0,0
Q14807,1,0,0,0,0
Q9GZR1,1,0,0,0,0
Q9NSA2,0,0,0,0,1
O94810,1,0,0,0,0
O60765,0,0,0,1,0
Q96LW1,0,0,0,1,0
Q15109,0,1,0,0,0
Q9UK17,0,0,0,0,1
Q9NZV8,0,0,0,0,1
O43681,1,0,0,0,0
A2A3K4,1,0,0,0,0
Q13360,0,0,0,1,0
Q12794,1,0,0,0,0
Q2NL82,1,0,0,0,0
Q0VDF9,1,0,0,0,0
Q92526,1,0,0,0,0
A6NM28,0,0,0,1,0
P08134,1,0,0,0,0
P61586,1,0,0,0,0
P62745,1,0,0,0,0
Q92633,0,1,0,0,0
Q8N587,0,0,0,1,0
A8MYZ6,0,0,0,1,0
Q15697,0,0,0,1,0
Q8NGG6,0,1,0,0,0
Q9UBM7,1,0,0,0,0
Q8WWT9,0,0,0,0,1
Q9BXU7,1,0,0,0,0
P10075,0,0,0,1,0
Q9Y256,1,0,0,0,0
Q86TS9,0,0,1,0,0
Q08188,0,0,1,0,0
A6NFI3,0,0,0,1,0
Q9HA72,0,0,0,0,1
Q9NVS2,0,0,1,0,0
P57771,1,0,0,0,0
P23759,0,0,0,1,0
P51164,0,0,0,0,1
O75306,0,0,0,0,1
P62910,0,0,1,0,0
Q86UB9,0,0,0,0,1
Q96PQ6,0,0,0,1,0
Q96KP4,1,0,0,0,0
P27708,1,0,0,0,0
P17023,0,0,0,1,0
P35914,0,0,1,0,0
O43674,0,0,0,0,1
Q9BUG6,0,0,0,1,0
A6NGD5,0,0,0,1,0
P11233,1,0,0,0,0
P11234,1,0,0,0,0
Q9UJU6,0,0,1,0,0
A0PJK1,0,0,0,0,1
O14529,0,0,0,1,0
Q96G91,0,1,0,0,0
A6NJL1,0,0,0,1,0
Q9BTV4,0,0,0,0,1
O95255,1,0,0,0,1
Q96NL3,0,0,0,1,0
P14784,0,1,0,0,0
O95336,1,0,0,0,0
O60306,1,0,0,0,0
A1L453,1,0,0,0,0
Q9Y2R9,0,0,1,0,0
P48047,1,0,0,0,1
P56181,0,0,0,0,1
P82933,0,0,1,0,0
Q9BSW2,1,0,0,0,0
Q96MU6,0,0,0,1,0
Q9H0S4,1,0,0,0,0
P16298,1,0,0,0,0
Q8N594,1,0,0,0,0
O43511,0,0,0,0,1
Q9BRJ2,0,0,1,0,0
Q9BXS4,1,0,0,0,0
O14771,0,0,0,1,0
Q04446,1,0,0,0,0
A6NFX1,0,0,0,0,1
Q08623,1,0,0,0,0
Q9BYU1,0,0,0,1,0
Q12981,0,0,0,0,1
O43464,1,0,0,0,0
P78382,0,0,0,0,1
P42575,1,0,0,0,0
Q6UB28,1,0,0,0,0
Q14117,1,0,0,0,0
Q9NWF4,0,0,0,0,1
Q9HAB3,0,1,0,0,1
Q9H5Z1,1,0,0,0,0
P26992,0,1,0,0,0
Q96NY9,1,0,0,0,0
Q9H2W6,0,0,1,0,0
Q9BYD2,0,0,1,0,0
Q99742,0,0,0,1,0
A6NHC0,1,0,0,0,0
Q9HAU8,1,0,0,0,0
Q10588,1,0,0,0,0
P62826,1,0,0,0,0
O43826,0,0,0,0,1
Q9Y5J7,0,0,0,0,1
Q8NFJ6,0,1,0,0,0
Q14149,1,0,0,0,0
Q8WZ82,1,0,0,0,0
Q15750,1,0,0,0,0
Q9NUV9,1,0,0,0,0
O75113,1,0,0,0,0
Q9BQ61,1,0,0,0,0
P30532,0,1,0,0,1
Q9UQD0,0,0,0,0,1
P14222,0,0,0,0,1
O43184,1,0,0,0,0
Q9H568,0,0,1,0,0
O95167,0,0,0,0,1
Q9H0U3,0,0,0,0,1
Q9HCN4,1,0,0,0,0
Q3ZCQ8,1,0,0,0,0
Q9NZE8,0,0,1,0,0
O95297,0,0,1,0,0
Q08ER8,0,0,0,1,0
O43313,0,0,0,1,0
Q9Y4I1,1,0,0,0,0
P15918,1,0,0,0,0
Q6NTF9,1,0,0,0,0
Q92905,1,0,0,0,0
O94826,0,0,0,0,1
Q9BY32,1,0,0,0,0
Q9HCR9,1,0,0,0,0
Q6P587,1,0,0,0,0
Q9BVC6,0,0,0,0,1
Q7Z2W9,0,0,1,0,0
Q9HD34,0,0,1,0,0
P36776,1,0,0,0,0
Q5JTZ9,1,0,0,0,0
Q96EL2,0,0,1,0,0
Q96IU4,1,0,0,0,0
Q9Y676,0,0,1,0,0
Q8TAE8,0,0,1,0,0
P31930,0,0,0,0,1
Q8WV93,1,0,0,0,0
Q8WUK0,1,0,0,0,0
Q02978,0,0,0,0,1
O00590,0,1,0,0,0
P78545,0,0,0,1,0
Q14141,1,0,0,0,0
Q92599,1,0,0,0,0
Q8NI51,0,0,0,1,0
P22059,0,0,0,0,1
Q9BRH9,0,0,0,1,0
Q3I5F7,1,0,0,0,0
Q86TX2,1,0,0,0,0
P28072,1,0,0,0,0
Q9C0F3,0,0,0,1,0
Q13405,0,0,1,0,0
Q14197,1,0,0,0,0
P13995,1,0,0,0,0
P27540,0,1,0,1,0
Q49AN0,0,1,0,0,0
Q9HB75,1,0,0,0,0
Q8IZD4,1,0,0,0,0
Q15526,0,0,0,0,1
Q14697,1,0,0,0,0
Q9H841,0,0,0,0,1
Q6BEB4,0,0,0,1,0
P53582,1,0,0,0,0
P78381,0,0,0,0,1
Q8WU17,0,1,0,0,0
Q7Z7F7,0,0,1,0,0
Q9NX52,1,0,0,0,0
Q96NG5,0,0,0,1,0
P40227,1,0,0,0,0
Q0P6H9,1,0,0,0,0
P12270,0,0,1,0,0
Q53H82,1,0,0,0,0
P54132,1,0,0,0,0
Q8IUX7,1,0,0,1,0
O43181,0,0,0,0,1
Q99436,1,0,0,0,0
Q8N490,1,0,0,0,0
P34059,1,0,0,0,0
Q9Y3D5,0,0,1,0,0
Q10713,1,0,0,0,0
Q8N988,0,0,0,1,0
P32519,0,0,0,1,0
P18669,1,0,0,0,0
Q8N0Y7,1,0,0,0,0
Q96RJ6,0,0,0,1,0
Q96P56,0,0,0,0,1
Q9H0W9,1,0,0,0,0
P36578,0,0,1,0,0
E5RG02,1,0,0,0,0
Q8IUH8,1,0,0,0,0
P45844,1,0,0,0,1
Q9Y5Y3,0,1,0,0,0
P0DTU3,0,1,0,0,0
P06703,0,0,0,0,1
Q05996,0,1,1,0,0
Q6KB66,0,0,1,0,0
O95477,1,1,0,0,1
A6ND01,0,1,0,0,0
Q96C86,1,0,0,0,0
Q99593,0,0,0,1,0
P42285,1,0,0,0,0
O60755,0,1,0,0,0
P15880,0,0,1,0,0
P20929,0,0,1,0,0
P09497,0,0,1,0,0
Q8TB40,1,0,0,0,0
Q8NH18,0,1,0,0,0
P62495,1,0,0,0,0
P55210,1,0,0,0,0
Q96EB6,1,0,0,0,0
P53814,0,0,1,0,0
O60281,0,0,0,1,0
P49773,1,0,0,0,0
Q6UXS9,1,0,0,0,0
Q8WZ55,0,0,0,0,1
P11137,0,0,1,0,0
Q8IXW5,1,0,0,0,0
Q14344,1,0,0,0,0
A8MX34,0,0,1,0,0
Q96QR8,0,0,0,1,0
P62140,1,0,0,0,0
Q92736,0,0,0,0,1
Q13129,0,0,0,1,0
P37275,0,0,0,1,0
P62280,0,0,1,0,0
O94811,1,0,0,0,0
P61221,1,0,0,0,0
Q96MA1,0,0,0,1,0
Q9H936,0,0,0,0,1
Q5EG05,1,0,0,0,0
P29466,1,0,0,0,0
Q5XLA6,1,0,0,0,0
Q9NYW3,0,1,0,0,0
P33176,1,0,0,0,0
P36873,1,0,0,0,0
Q4KWH8,1,0,0,0,0
P27816,0,0,1,0,0
O60282,1,0,0,0,0
Q9HC24,0,0,0,0,1
Q8TDD5,0,0,0,0,1
Q9P2D1,1,0,0,0,0
Q9HCK8,1,0,0,0,0
Q9Y5R5,0,0,0,1,0
P62333,1,0,0,0,0
P29218,1,0,0,0,0
P09467,1,0,0,0,0
Q9BZJ4,0,0,0,0,1
O43861,1,0,0,0,1
P57730,1,0,0,0,0
O43772,0,0,0,0,1
O00327,0,0,0,1,0
Q13387,0,0,1,0,0
Q00577,0,0,0,1,0
Q16204,0,0,1,0,0
P43119,0,1,0,0,0
Q04941,0,0,0,0,1
P04040,1,0,0,0,0
Q9HBA0,0,1,0,0,1
Q8TD22,0,0,0,0,1
Q9NY33,1,0,0,0,0
O75643,1,0,0,0,0
Q96NY7,0,0,0,0,1
P0C870,1,0,0,0,0
Q6P9A3,0,0,0,1,0
Q8TD17,0,0,0,1,0
Q6ZMS7,0,0,0,1,0
Q9HCE9,0,0,0,0,1
Q9NZ52,0,0,0,0,1
Q16254,0,0,0,1,0
Q8TCG5,1,0,0,0,0
P21854,0,1,0,0,0
O43524,0,0,0,1,0
P56696,0,0,0,0,1
Q12986,0,0,0,1,0
Q12778,0,0,0,1,0
P49638,0,0,0,0,1
Q8NBF1,0,0,0,1,0
Q9NZM6,0,0,0,0,1
Q6NUN9,0,0,0,1,0
Q8IV20,1,0,0,0,0
Q9NVE7,1,0,0,0,0
Q9UPR0,1,0,0,0,0
P60880,0,0,0,0,1
P19838,0,0,0,1,0
P48382,0,0,0,1,0
P57071,0,0,0,1,0
Q07837,0,0,0,0,1
Q9UBK7,1,0,0,0,0
Q9UNT1,1,0,0,0,0
P14854,0,0,0,0,1
P51878,1,0,0,0,0
A6NLW8,0,0,0,1,0
Q8TDX9,0,0,0,0,1
Q9UP38,0,1,0,0,0
Q8IZM8,0,0,0,1,0
P25398,0,0,1,0,0
P21980,1,0,0,0,0
Q9H082,1,0,0,0,0
Q8NHB7,0,1,0,0,0
P0C628,0,1,0,0,0
P56693,0,0,0,1,0
O00299,0,0,0,0,1
Q2KHR2,0,0,0,1,0
Q9NQE9,1,0,0,0,0
Q15776,0,0,0,1,0
Q969T7,1,0,0,0,0
Q9Y342,0,0,1,0,0
Q15111,1,0,0,0,0
Q8NHH9,1,0,0,0,0
Q9Y4E8,1,0,0,0,0
Q15413,0,0,0,0,1
Q13107,1,0,0,0,0
Q8N414,1,0,0,0,0
Q86US8,1,0,0,0,0
P49662,1,0,0,0,0
P07311,1,0,0,0,0
Q5VU57,1,0,0,0,0
Q96FN9,1,0,0,0,0
Q8NA42,0,0,0,1,0
Q6ZV50,0,0,0,1,0
O00574,0,1,0,0,0
O00623,0,0,0,0,1
P58317,0,0,0,1,0
P60510,1,0,0,0,0
Q9H172,1,0,0,0,1
Q92953,0,0,0,0,1
O95935,0,0,0,1,0
P09496,0,0,1,0,0
Q14244,0,0,1,0,0
Q9Y5J9,0,0,0,0,1
Q8NDY6,0,0,0,1,0
Q8IWX5,1,0,0,0,0
Q99941,0,0,0,1,0
P55017,0,0,0,0,1
P45974,1,0,0,0,0
Q8NGQ5,0,1,0,0,0
Q8IVP9,0,0,0,1,0
Q9NQF3,1,0,0,0,0
Q13838,1,0,0,0,0
Q96GC9,0,0,0,0,1
Q9NQT5,1,0,0,0,0
Q6IV72,0,0,0,1,0
Q8IXJ6,1,0,0,0,0
Q8NHX9,0,0,0,0,1
Q8IWA4,1,0,0,0,0
P24666,1,0,0,0,0
O00148,1,0,0,0,0
Q96MI9,1,0,0,0,0
P26998,0,0,1,0,0
Q8TCT6,1,0,0,0,0
P21580,1,0,0,0,0
Q9P2J5,1,0,0,0,0
Q9Y6Y8,1,0,0,0,0
Q8NGE9,0,1,0,0,0
A0A1W2PQL4,0,0,0,1,0
Q99442,0,1,0,0,0
Q6ZU15,1,0,0,0,0
P36896,0,1,0,0,0
Q9UDV6,0,0,0,1,0
Q9P0X4,0,0,0,0,1
Q8NHV1,1,0,0,0,0
Q9HCC8,1,0,0,0,0
Q9Y3Q0,1,0,0,0,0
P49736,1,0,0,0,0
Q92949,0,0,0,1,0
Q58FF3,1,0,0,0,0
Q7Z398,0,0,0,1,0
Q68CJ6,1,0,0,0,0
O95833,0,0,0,0,1
Q6IF63,0,1,0,0,0
Q12840,1,0,0,0,0
Q9H790,1,0,0,0,0
P47804,0,1,0,0,0
Q6B8I1,1,0,0,0,0
O43167,0,0,0,1,0
P61018,1,0,0,0,0
P62841,0,0,1,0,0
P85037,0,0,0,1,0
Q9NTN3,0,0,0,0,1
Q8NH85,0,1,0,0,0
P40429,0,0,1,0,0
P0C025,1,0,0,0,0
P54803,1,0,0,0,0
Q12870,0,0,0,1,0
P12104,0,0,0,0,1
Q99467,0,1,0,0,0
O75467,0,0,0,1,0
Q63ZE4,0,0,0,0,1
Q6P1L8,0,0,1,0,0
Q9GZV3,0,0,0,0,1
P60866,0,0,1,0,0
Q9Y6M9,0,0,0,0,1
Q5T6X5,0,1,0,0,0
Q9NQ40,0,0,0,0,1
Q6GPI1,1,0,0,0,0
Q8WVH0,0,0,0,0,1
Q9HDD0,1,0,0,0,0
Q4U2R8,0,0,0,0,1
Q7Z3B4,0,0,1,0,0
Q9H227,1,0,0,0,0
P06756,0,1,0,0,0
Q6T423,0,0,0,0,1
Q8IVM8,0,0,0,0,1
P52736,0,0,0,1,0
Q96HS1,1,0,0,0,0
Q96S37,0,0,0,0,1
O43426,1,0,0,0,0
Q9NSA0,0,0,0,0,1
Q86XN6,0,0,0,1,0
A6NK97,0,0,0,0,1
Q9Y6X9,1,0,0,0,0
Q14627,0,1,0,0,0
Q9BTE6,1,0,0,0,0
Q8IZY2,1,1,0,0,1
P56750,0,0,1,0,1
P41180,0,1,0,0,0
Q2VYF4,0,0,0,0,1
Q9H9Y4,1,0,0,0,0
P19174,1,0,0,0,0
A6NEY8,1,0,0,0,0
Q9UBR1,1,0,0,0,0
Q9HD43,1,1,0,0,0
Q01650,0,0,0,0,1
Q8MH63,0,0,0,0,1
Q9GIP4,0,0,0,0,1
Q9NP71,0,0,0,1,0
Q9Y5U8,0,0,0,0,1
Q9Y6H3,1,0,0,0,0
P43220,0,1,0,0,0
Q01970,1,0,0,0,0
Q9NQ66,1,0,0,0,0
Q8NCE2,1,0,0,0,0
Q96DE0,1,0,0,0,0
Q13683,0,1,0,0,0
O43896,1,0,0,0,0
Q12756,1,0,0,0,0
Q14766,0,1,0,0,0
Q99571,0,1,0,0,1
O95837,1,0,0,0,0
Q8WY54,1,0,0,0,0
P51797,0,0,0,0,1
Q8NCT3,1,0,0,0,0
P22891,1,0,0,0,0
Q13202,1,0,0,0,0
P48544,0,0,0,0,1
Q8N371,1,0,0,0,0
Q8IVC4,0,0,0,1,0
Q9Y267,0,0,0,0,1
Q02878,0,0,1,0,0
Q9BUQ8,1,0,0,0,0
Q8NGE3,0,1,0,0,0
Q9Y6V7,1,0,0,0,0
Q9C000,1,1,0,0,0
P41091,1,0,0,0,0
Q2VIR3,1,0,0,0,0
Q13637,1,0,0,0,0
P23497,0,0,0,1,0
Q9H930,0,0,0,1,0
Q71UI9,0,0,1,0,0
P0C0S5,0,0,1,0,0
Q6ZMD2,0,0,0,0,1
Q96GM1,1,0,0,0,0
P60852,0,0,1,0,0
O95365,0,0,0,1,0
Q8WYJ6,1,0,0,0,0
Q01860,0,0,0,1,0
Q06416,0,0,0,1,0
Q8N7G0,0,0,0,1,0
Q9NS82,0,0,0,0,1
P17655,1,0,0,0,0
Q4G0N8,0,0,0,0,1
P54764,0,1,0,0,0
A0JNW5,0,0,0,0,1
Q8TCC3,0,0,1,0,0
O95084,1,0,0,0,0
Q93033,1,0,0,0,0
Q14642,1,0,0,0,0
Q9H221,1,0,0,0,1
P11117,1,0,0,0,0
P51151,1,0,0,0,0
Q9Y5L3,1,0,0,0,0
Q96FM1,1,0,0,0,0
Q9NPD3,1,0,0,0,0
P49190,0,1,0,0,0
Q9BZG2,1,0,0,0,0
O94760,1,0,0,0,0
P67936,0,0,1,0,0
Q8IXF9,0,0,0,0,1
A6NM10,0,0,0,0,1
Q8NFW1,0,0,1,0,0
Q8NHS3,0,0,0,0,1
P15502,0,0,1,0,0
O75935,0,0,1,0,0
O15297,1,0,0,0,0
Q96AM1,0,1,0,0,0
A0A3B3IU63,0,0,1,0,0
Q4U2R6,0,0,1,0,0
Q8N0Y5,0,1,0,0,0
Q8IU57,0,1,0,0,0
Q86YS6,1,0,0,0,0
Q8IZS8,0,0,0,0,1
Q9P015,0,0,1,0,0
P09564,0,1,0,0,0
Q14050,0,0,1,0,0
Q6UXD7,0,0,0,0,1
O75037,1,0,0,0,0
Q8NBI5,0,0,0,0,1
Q9UGP8,0,1,0,0,1
Q9HB14,0,0,0,0,1
P51148,1,0,0,0,0
P16870,1,0,0,0,0
Q16864,0,0,0,0,1
P0C7U0,0,1,0,0,0
O75947,0,0,0,0,1
Q9BW91,1,0,0,0,0
P61158,0,0,1,0,0
Q6J4K2,0,0,0,0,1
P57772,1,0,0,0,0
Q13461,0,0,0,1,0
O00468,0,0,1,0,0
P46459,1,0,0,0,0
Q9H2V7,0,0,0,0,1
O14863,0,0,0,0,1
P56556,0,0,0,0,1
Q9H310,0,0,0,0,1
Q96AZ6,1,0,0,0,0
Q9Y3D9,0,0,1,0,0
P25205,1,0,0,0,0
P50579,1,0,0,0,0
Q6NXT6,0,1,0,0,0
Q16718,0,0,0,0,1
Q9C0H2,0,0,0,0,1
P41586,0,1,0,0,0
P42229,0,0,0,1,0
P35080,1,0,0,0,0
Q9NRY6,0,0,0,0,1
Q03001,0,0,1,0,0
P00403,0,0,0,0,1
Q12955,0,0,1,0,0
P10415,0,0,0,0,1
Q8NDQ6,0,0,0,1,0
Q96N87,0,0,0,0,1
Q99829,1,0,0,0,0
O43676,0,0,0,0,1
Q8TAF7,0,0,0,1,0
Q9BY84,1,0,0,0,0
Q15777,1,0,0,0,0
P17081,1,0,0,0,0
Q9HCL3,0,0,0,1,0
Q8NH10,0,1,0,0,0
P0C7N1,0,1,0,0,0
P17039,0,0,0,1,0
Q8NDV3,1,0,0,0,0
Q6PG37,0,0,0,1,0
O60942,1,0,0,0,0
Q9Y4W6,1,0,0,0,0
Q96PQ0,0,1,0,0,0
P24158,1,0,0,0,0
Q99665,0,1,0,0,0
Q8NGD4,0,1,0,0,0
Q9UNE0,0,1,0,0,0
P00734,1,1,0,0,0
O75311,0,1,0,0,1
Q96LI6,0,0,0,1,0
Q9BZE4,1,0,0,0,0
Q13415,1,0,0,0,0
Q96RD7,0,0,1,0,1
A1A5C7,0,0,0,0,1
Q8NGJ9,0,1,0,0,0
Q6ZT21,1,0,0,0,0
Q9H207,0,1,0,0,0
Q9NQ84,0,1,0,0,0
P61619,0,0,0,0,1
Q9Y2C4,1,0,0,0,0
Q96MB7,1,0,0,0,0
P10073,0,0,0,1,0
Q15629,0,1,0,0,0
Q99607,0,0,0,1,0
Q3MJ62,0,0,0,1,0
P0DMV8,1,0,0,0,0
Q9BZ71,1,0,0,0,1
Q9GZV1,0,0,1,0,0
P07949,0,1,0,0,0
P51153,1,0,0,0,0
A6NKH3,0,0,1,0,0
Q14186,0,0,0,1,0
P07307,0,1,0,0,0
O75841,0,0,1,0,0
P07451,1,0,0,0,0
Q5SRI9,1,0,0,0,0
Q8NA29,0,0,0,0,1
P15144,1,1,0,0,0
Q5BJD5,0,0,0,0,1
P82921,0,0,1,0,0
P42766,0,0,1,0,0
Q16281,0,0,0,0,1
P48029,0,0,0,0,1
P61026,1,0,0,0,0
P27169,1,0,0,0,0
O95870,1,0,0,0,0
Q86W47,0,0,0,0,1
P48051,0,0,0,0,1
Q9UK12,0,0,0,1,0
Q8NGQ6,0,1,0,0,0
Q8WXF7,1,0,0,0,0
P08133,0,0,0,0,1
Q9Y2K1,0,0,0,1,0
Q15147,1,0,0,0,0
P59190,1,0,0,0,0
Q96SB8,1,0,0,0,0
P0CB33,0,0,0,1,0
A6NP11,0,0,0,1,0
Q96JC4,0,0,0,1,0
Q8IYX0,0,0,0,1,0
Q92626,0,0,1,0,0
P10243,0,0,0,1,0
Q9NR71,1,0,0,0,0
P61513,0,0,1,0,0
Q96A58,1,0,0,0,0
P47914,0,0,1,0,0
O15379,1,0,0,0,0
Q92930,1,0,0,0,0
P61006,1,0,0,0,0
Q8HWS3,0,0,0,1,0
Q01094,0,0,0,1,0
Q9BYC8,0,0,1,0,0
Q92985,0,0,0,1,0
Q9NWW9,1,0,0,0,0
Q9BZE1,0,0,1,0,0
P28074,1,0,0,0,0
Q13608,1,0,0,0,1
Q5T653,0,0,1,0,0
Q2TAA2,1,0,0,0,0
P15621,0,0,0,1,0
Q8N8R3,0,0,0,0,1
Q9UKU6,1,0,0,0,0
P62195,1,0,0,0,0
Q8NAM6,0,0,0,1,0
P54762,0,1,0,0,0
Q8N8Q3,1,0,0,0,0
Q96PP8,1,0,0,0,0
P07998,1,0,0,0,0
Q9NPB9,0,1,0,0,0
Q99650,0,1,0,0,0
P55058,0,0,0,0,1
Q15582,0,0,1,0,0
Q8N8A6,1,0,0,0,0
Q9NRR2,1,0,0,0,0
Q9Y2N7,0,0,0,1,0
Q8NH09,0,1,0,0,0
O14896,0,0,0,1,0
Q14694,1,0,0,0,0
P50990,1,0,0,0,0
A6NM45,0,0,1,0,0
P33993,1,0,0,0,0
P10768,1,0,0,0,0
Q9NS68,0,1,0,0,0
Q9NZD2,0,0,0,0,1
O75027,1,0,0,0,1
P84550,0,0,0,1,0
P28062,1,0,0,0,0
P15260,0,1,0,0,0
Q9UHL9,0,0,0,1,0
O60393,0,0,0,1,0
P23945,0,1,0,0,0
P42765,1,0,0,0,0
Q9BZM1,1,0,0,0,0
Q6NTF7,1,0,0,0,0
O43812,0,0,0,1,0
O43323,1,0,0,0,0
Q7Z769,0,0,0,0,1
P30550,0,1,0,0,0
Q6U736,0,1,0,0,0
O15393,1,0,0,0,0
O60248,0,0,0,1,0
Q6ZNW5,1,0,0,0,0
Q8WVY7,1,0,0,0,0
A6NMU1,0,1,0,0,0
P54845,0,0,0,1,0
Q5VIY5,0,0,0,1,0
P0CJ79,0,0,0,1,0
Q7L2R6,0,0,0,1,0
Q6ZN06,0,0,0,1,0
P17035,0,0,0,1,0
Q9H7R5,0,0,0,1,0
Q8N2Q7,0,1,0,0,0
Q8N3C0,1,0,0,0,0
P20594,0,1,0,0,0
P52740,0,0,0,1,0
Q6RFH8,0,0,0,1,0
Q9UBX2,0,0,0,1,0
P0CJ85,0,0,0,1,0
P0CJ87,0,0,0,1,0
P01732,0,1,0,0,0
A5LHX3,1,0,0,0,0
P36551,0,0,1,0,0
O15031,0,1,0,0,0
Q6AI14,0,0,0,0,1
P34096,1,0,0,0,0
P36021,0,0,0,0,1
P50583,1,0,0,0,0
P06340,0,1,0,0,0
P21281,0,0,0,0,1
Q50LG9,0,1,0,0,0
Q9UL26,1,0,0,0,0
P33527,1,0,0,0,1
Q8NFF2,0,0,0,0,1
P35858,0,1,0,0,0
O95299,0,0,0,0,1
Q8N0X4,1,0,0,0,0
P29323,0,1,0,0,0
Q06418,0,1,0,0,0
Q9H0U6,0,0,1,0,0
Q8N141,0,0,0,1,0
P11215,0,1,0,0,0
Q9Y3U8,0,0,1,0,0
O14569,0,0,0,0,1
P36543,0,0,0,0,1
Q96A05,0,0,0,0,1
Q05940,0,0,0,0,1
Q9Y5W3,0,0,0,1,0
Q50KZ9,0,1,0,0,0
Q68DU8,0,1,0,0,0
O15056,1,0,0,0,0
Q9Y696,0,0,0,0,1
Q86XU0,0,0,0,1,0
A2RRD8,0,0,0,1,0
Q16363,0,0,1,0,0
Q9Y458,0,0,0,1,0
O94823,1,0,0,0,1
P41595,0,1,0,0,0
P56202,1,0,0,0,0
Q92908,0,0,0,1,0
Q9UKP6,0,1,0,0,0
Q3MIS6,0,0,0,1,0
Q76KX8,0,0,0,1,0
Q96SE7,0,0,0,1,0
Q9HCG1,0,0,0,1,0
Q9NUL7,1,0,0,0,0
Q8N7P3,0,0,1,0,0
Q8IYS5,0,1,0,0,0
Q9NVV5,1,0,0,0,0
Q92484,1,0,0,0,0
Q8WYL5,1,0,0,0,0
Q76I76,1,0,0,0,0
Q8TE77,1,0,0,0,0
P39210,0,0,0,0,1
A8MTJ6,0,0,0,1,0
Q9BW92,1,0,0,0,0
P53041,1,0,0,0,0
Q86W26,1,0,0,0,0
P17040,0,0,0,1,0
Q6ZMY9,0,0,0,1,0
Q5CZA5,0,0,0,1,0
Q86WK9,0,1,0,1,0
Q08357,0,1,0,0,1
Q8NG92,0,1,0,0,0
Q99661,1,0,0,0,0
Q53TN4,0,0,0,0,1
P15313,0,0,0,0,1
Q13868,1,0,0,0,0
O15432,0,0,0,0,1
Q53F39,1,0,0,0,0
Q15858,0,0,0,0,1
Q9NV96,0,0,1,0,1
P51815,0,0,0,1,0
P48052,1,0,0,0,0
O60806,0,0,0,1,0
Q9BRG1,0,0,1,0,0
Q2M3X9,0,0,0,1,0
P17483,0,0,0,1,0
Q9NPG1,0,1,0,0,0
P10588,0,1,0,1,0
P10589,0,1,0,1,0
P24468,0,1,0,1,0
P51795,0,0,0,0,1
Q9Y692,0,0,0,1,0
O95832,0,0,1,0,0
Q9NS67,0,1,0,0,0
P28907,1,0,0,0,0
P15531,1,0,0,0,0
A1YPR0,0,0,0,1,0
Q96DG6,1,0,0,0,0
Q96FC9,1,0,0,0,0
A8MPP1,1,0,0,0,0
Q14524,0,0,0,0,1
P08173,0,1,0,0,0
Q12791,0,0,0,0,1
P48751,0,0,0,0,1
Q6IEZ7,0,1,0,0,0
Q8NH02,0,1,0,0,0
O00398,0,1,0,0,0
P22392,0,0,0,1,0
Q9P0J6,0,0,1,0,0
P04156,0,1,0,0,0
Q13423,0,0,0,0,1
Q8N148,0,1,0,0,0
Q8NHC5,0,1,0,0,0
Q8NBW4,0,0,0,0,1
Q8NGP0,0,1,0,0,0
P30968,0,1,0,0,0
Q8N635,1,0,0,0,0
O95471,0,0,1,0,0
Q8N6F1,0,0,1,0,1
Q6P280,0,0,0,1,0
Q9BZJ7,0,1,0,0,0
Q9NS66,0,1,0,0,0
Q8NDH3,1,0,0,0,0
P51798,0,0,0,0,1
Q96R54,0,1,0,0,0
P60893,0,1,0,0,0
O00421,0,1,0,0,0
O60683,0,0,0,0,1
P21145,0,0,1,0,0
P28360,0,0,0,1,0
Q9NUN7,1,0,0,0,0
P24347,1,0,0,0,0
Q9H324,1,0,0,0,0
P11586,1,0,0,0,0
Q5T2D2,0,1,0,0,0
P62899,0,0,1,0,0
P12319,0,1,0,0,0
O94898,0,1,0,0,0
Q2TV78,1,0,0,0,0
Q8TDE3,1,0,0,0,0
Q9H1E1,1,0,0,0,0
Q9H4K7,1,0,0,0,0
P29322,0,1,0,0,0
P31431,0,1,0,0,0
Q9H8H2,1,0,0,0,0
Q9BVQ7,1,0,0,0,0
Q9H0R5,1,0,0,0,0
P32456,1,0,0,0,0
Q8NGP2,0,1,0,0,0
Q8NGG0,0,1,0,0,0
P10586,1,1,0,0,0
Q7Z4Y8,0,0,0,0,1
P25189,0,0,1,0,0
Q9NS87,1,0,0,0,0
P51170,0,0,0,0,1
P31939,1,0,0,0,0
Q9C0K1,0,0,0,0,1
Q8IZA3,0,0,1,0,0
Q6UW56,0,0,0,0,1
P62750,0,0,1,0,0
P10916,0,0,1,0,0
P05976,0,0,1,0,0
Q6UWU2,1,0,0,0,0
P08590,0,0,1,0,0
Q99928,0,1,0,0,1
Q96A32,0,0,1,0,0
Q9ULC6,1,0,0,0,0
Q9UPR5,0,0,0,0,1
O00743,1,0,0,0,0
P82650,0,0,1,0,0
Q8WXS8,1,0,0,0,0
P04004,0,0,1,0,0
Q9NX62,1,0,0,0,0
P25021,0,1,0,0,0
Q96HZ4,0,0,0,1,0
Q96MU8,0,1,0,0,0
O14579,0,0,1,0,0
Q9BYK8,1,0,0,0,0
Q96H86,0,0,0,1,0
Q2VWP7,0,1,0,0,0
P0C7X2,0,0,0,1,0
O00220,0,1,0,0,0
Q9NYQ6,0,1,0,0,0
Q96CS4,0,0,0,1,0
Q01780,1,0,0,0,0
P30536,0,1,0,0,1
Q6P5R6,0,0,1,0,0
Q9Y4D7,0,1,0,0,0
Q8NCK3,0,0,0,1,0
Q9Y6Q6,0,1,0,0,0
Q5FYB0,1,0,0,0,0
P62263,0,0,1,0,0
Q86UV5,1,0,0,0,0
Q8N8L6,1,0,0,0,0
Q8TF47,0,0,0,1,0
P56199,0,1,0,0,0
Q13261,0,1,0,0,0
P39059,0,0,1,0,0
Q9Y6C2,0,0,1,0,0
Q8WUG5,0,1,0,0,1
O43677,0,0,0,0,1
Q6GMR7,1,0,0,0,0
Q8N4V1,0,0,0,0,1
Q6P1K1,0,0,0,0,1
P26373,0,0,1,0,0
P05362,0,1,0,0,0
Q5TA89,0,0,0,1,0
O00155,0,1,0,0,0
Q8IXF0,0,0,0,1,0
Q8N370,0,0,0,0,1
O75387,0,0,0,0,1
A0A286YEU6,0,1,0,0,0
Q13332,1,0,0,0,0
P20333,0,1,0,0,0
Q9ULX3,1,0,0,0,0
Q6P4Q7,0,0,0,0,1
P35268,0,0,1,0,0
Q9H008,1,0,0,0,0
Q8NFM7,0,1,0,0,0
Q9UBX1,1,0,0,0,0
O95436,0,0,0,0,1
P13945,1,1,0,0,0
A6NI73,0,1,0,0,0
P39060,0,0,1,0,0
Q9H0T7,1,0,0,0,0
Q9BYN7,0,0,0,1,0
Q9NY46,0,0,0,0,1
P56817,1,0,0,0,0
Q9H171,1,0,0,0,0
Q8NDX6,0,0,0,1,0
O14610,1,0,0,0,0
P62913,0,0,1,0,0
Q92806,0,0,0,0,1
Q969W8,0,0,0,1,0
O75503,1,0,0,0,0
Q7Z3C6,0,0,0,0,1
Q8NHC6,0,1,0,0,0
Q9Y226,0,0,0,0,1
O75964,0,0,0,0,1
Q9UBN4,0,0,0,0,1
Q9BU02,1,0,0,0,0
Q9NQX6,0,0,0,1,0
P49802,1,0,0,0,0
P49758,1,0,0,0,0
Q8N184,0,0,0,1,0
Q9UM07,1,0,0,0,0
Q96PD5,1,1,0,0,0
Q86WP2,0,0,0,1,0
Q5TFE4,1,0,0,0,0
Q9Y5U5,0,1,0,0,0
Q00610,0,0,1,0,0
P53675,0,0,1,0,0
Q9Y235,1,0,0,0,0
P05981,1,0,0,0,0
P35749,0,0,1,0,0
Q16651,1,0,0,0,0
P32320,1,0,0,0,0
Q96RN1,0,0,0,0,1
Q5HY98,0,0,0,1,0
Q9UL62,0,0,0,0,1
Q9UPM6,0,0,0,1,0
Q14088,1,0,0,0,0
Q7Z403,0,0,0,0,1
Q9BRJ9,0,0,0,1,0
Q13342,0,0,0,1,0
P04001,0,1,0,0,0
P04000,0,1,0,0,0
O43813,0,1,0,0,0
Q6GTS8,1,0,0,0,0
Q12797,0,0,1,0,0
P15328,0,1,0,0,0
P32247,0,1,0,0,0
Q8WXF5,0,0,1,0,0
O00470,0,0,0,1,0
O14770,0,0,0,1,0
Q0VG99,0,0,0,1,0
Q96T52,1,0,0,0,0
O15350,0,0,0,1,0
Q99250,0,0,0,0,1
Q96RE7,0,0,0,1,0
P48304,0,1,0,0,0
P00813,1,0,0,0,0
Q13547,1,0,0,0,0
P05451,0,1,0,0,0
P78347,0,0,0,1,0
Q86UP8,0,0,0,1,0
Q6EKJ0,0,0,0,1,0
Q5T619,0,0,0,1,0
Q9H254,0,0,1,0,0
Q8NGF0,0,1,0,0,0
Q70EK9,1,0,0,0,0
Q9NVC3,0,0,0,0,1
P52630,0,0,0,1,0
P40763,0,1,0,1,0
Q8TF42,1,0,0,0,0
Q92692,0,1,0,0,0
O43895,1,0,0,0,0
Q5JUK3,0,0,0,0,1
P08514,0,1,0,0,0
O60894,0,1,0,0,0
P15151,0,1,0,0,0
Q04844,0,1,0,0,1
Q92729,1,1,0,0,0
P54753,0,1,0,0,0
Q86U10,1,0,0,0,0
Q96GD0,1,0,0,0,0
Q9Y5Y7,0,1,0,0,0
Q9Y2G7,0,0,0,1,0
Q15286,1,0,0,0,0
Q12931,1,0,0,0,0
Q9BRR0,0,0,0,1,0
P48723,1,0,0,0,0
A6NMS3,0,1,0,0,0
Q8NG83,0,1,0,0,0
Q969J2,0,0,0,1,0
Q9NQ88,1,0,0,0,0
O00555,0,0,0,0,1
Q15878,0,0,0,0,1
O75487,0,1,0,0,0
Q14542,0,0,0,0,1
Q13724,1,0,0,0,0
Q16538,0,1,0,0,0
P05026,0,0,0,0,1
Q92504,0,0,0,0,1
O43246,0,0,0,0,1
P62701,0,0,1,0,0
Q8TD47,0,0,1,0,0
P22090,0,0,1,0,0
P22466,0,1,0,0,0
Q01974,0,1,0,0,0
P08236,1,0,0,0,0
P36269,1,0,0,0,0
Q5K4E3,1,0,0,0,0
Q9Y450,1,0,0,0,0
Q9BSD7,1,0,0,0,0
O14798,0,1,0,0,0
Q9NQZ7,1,0,0,0,0
P14410,1,0,0,0,0
O43451,1,0,0,0,0
P82930,0,0,1,0,0
Q13433,0,0,0,0,1
Q2M2H8,1,0,0,0,0
Q8TAQ5,0,0,0,1,0
Q9NRM0,0,0,0,0,1
P20933,1,0,0,0,0
O94910,0,1,0,0,0
O95248,1,0,0,0,0
P40259,0,1,0,0,0
Q99062,0,1,0,0,0
P57057,0,0,0,0,1
Q86V88,1,0,0,0,0
Q8IUS5,1,0,0,0,0
Q9HBH1,1,0,0,0,0
P0DKB6,0,0,0,0,1
Q15223,0,1,0,0,0
O75365,1,0,0,0,0
Q93096,1,0,0,0,0
Q6UXK5,0,1,0,0,0
Q16540,0,0,1,0,0
Q9Y5Y0,0,0,0,0,1
Q13467,0,1,0,0,0
P26842,0,1,0,0,0
Q9BU20,1,0,0,0,0
O15303,0,1,0,0,0
P35499,0,0,0,0,1
Q6ZVD7,0,0,0,1,0
Q96JA1,0,1,0,0,0
Q10586,0,0,0,1,0
P42263,0,1,0,0,1
Q5VU97,0,0,0,0,1
Q8IZK6,0,0,0,0,1
P17787,0,1,0,0,1
P51575,0,1,0,0,1
Q9UBR2,1,0,0,0,0
Q92581,0,0,0,0,1
B4DU55,0,0,0,1,0
P10242,0,0,0,1,0
Q5VSG8,1,0,0,0,0
Q13822,1,0,0,0,0
Q7RTY0,0,0,0,0,1
Q99687,0,0,0,1,0
A8K0S8,0,0,0,1,0
P49862,1,0,0,0,0
P30679,1,0,0,0,0
Q8NHV9,0,0,0,1,0
Q8NG08,1,0,0,0,0
Q8TCD5,1,0,0,0,0
P0DPK2,0,0,1,0,0
P0DPK5,0,0,1,0,0
P68431,0,0,1,0,0
Q71DI3,0,0,1,0,0
Q5TEC6,0,0,1,0,0
P84243,0,0,1,0,0
Q6NXT2,0,0,1,0,0
Q16695,0,0,1,0,0
P02790,0,0,0,0,1
Q494X3,0,0,0,1,0
Q86VE0,0,0,0,1,0
P38935,1,0,0,0,0
O15357,1,0,0,0,0
Q6PJF5,0,0,0,0,1
O95716,1,0,0,0,0
P56880,0,0,1,0,0
P56747,0,0,1,0,0
Q13635,0,1,0,0,0
Q86YT5,0,0,0,0,1
Q8NCV1,1,0,0,0,0
Q13496,1,0,0,0,0
P20336,1,0,0,0,0
O95182,0,0,0,0,1
Q76MJ5,1,0,0,0,0
Q96K78,0,1,0,0,0
P43320,0,0,1,0,0
Q9P0K8,0,0,0,1,0
Q9P2E2,1,0,0,0,0
P29972,0,0,0,0,1
Q6ZVK8,1,0,0,0,0
Q8N8V2,1,0,0,0,0
P32455,1,0,0,0,0
O75444,0,0,0,1,0
Q9ULG1,1,0,0,0,0
Q93075,1,0,0,0,0
Q9BXP2,0,0,0,0,1
Q9H5I5,0,0,0,0,1
Q16581,0,1,0,0,0
P55072,1,0,0,0,0
P49790,0,0,1,0,0
Q04864,0,0,0,1,0
P25490,0,0,0,1,0
Q9H4A4,1,0,0,0,0
Q96NU7,1,0,0,0,0
Q9C035,0,1,0,0,0
Q14839,1,0,0,0,0
Q9H9J2,1,0,0,0,0
Q8NGG1,0,1,0,0,0
O14978,0,0,0,1,0
Q16611,0,0,0,0,1
Q00978,0,0,0,1,0
O75976,1,0,0,0,0
Q13424,0,0,1,0,0
Q5S007,1,0,0,0,0
Q9P2S2,0,1,0,0,0
Q9Y330,0,0,0,1,0
O95202,0,0,0,0,1
Q96SU4,0,0,0,0,1
Q92764,0,0,1,0,0
A0PG75,0,0,0,0,1
Q9BXE9,0,1,0,0,0
Q8N427,1,0,0,0,0
Q8N7X0,1,0,0,0,0
Q99497,1,0,0,0,0
Q9H4I2,0,0,0,1,0
Q9Y6X8,0,0,0,1,0
O14782,1,0,0,0,0
O14522,1,1,0,0,0
Q5HYI8,1,0,0,0,0
Q9Y233,1,0,0,0,0
Q86UK0,1,0,0,0,1
O00168,0,0,0,0,1
P57739,0,0,1,0,1
Q9BT81,0,0,0,1,0
Q9BRC7,1,0,0,0,0
Q9UHL0,1,0,0,0,0
Q9Y3R4,1,0,0,0,0
O60895,0,1,0,0,0
P78371,1,0,0,0,0
P35462,0,1,0,0,0
Q13501,0,1,0,0,0
Q6P5W5,0,0,0,0,1
P17538,1,0,0,0,0
P42658,1,0,0,0,0
Q6Q788,0,0,0,0,1
O14493,0,1,1,0,1
P48643,1,0,0,0,0
Q96LX8,0,0,0,1,0
O15391,0,0,0,1,0
Q96M93,1,0,0,0,0
Q13950,0,0,0,1,0
P10276,0,1,0,1,0
Q99594,0,0,0,1,0
P41182,0,0,0,1,0
P18825,0,1,0,0,0
Q13021,0,0,1,0,0
P00915,1,0,0,0,0
P0DPD8,1,0,0,0,0
Q92820,1,0,0,0,0
P50897,1,0,0,0,0
Q9UL19,1,0,0,0,0
Q16877,1,0,0,0,0
P51810,0,1,0,0,0
O75899,0,1,0,0,0
O75884,1,0,0,0,0
P35548,0,0,0,1,0
O43194,0,1,0,0,0
Q8NGH8,0,1,0,0,0
O75820,0,0,0,1,0
Q8N4N8,1,0,0,0,0
Q6QNY0,0,0,0,0,1
A0A1B0GTS1,0,0,0,1,0
A0A1B0GWH4,0,0,0,1,0
Q92968,0,0,0,0,1
O95670,1,0,0,0,1
O75348,1,0,0,0,1
Q96PD2,0,1,0,0,0
Q5JUK2,0,0,0,1,0
Q14994,0,1,0,1,0
P20339,1,0,0,0,0
P19484,0,0,0,1,0
O15372,1,0,0,0,0
P28328,0,0,0,0,1
Q02045,0,0,1,0,0
P10606,0,0,0,0,1
Q96GC6,0,0,0,1,0
Q9UKY1,0,0,0,1,0
Q9BYZ8,0,1,0,0,0
O14561,0,0,1,0,0
Q7Z5H5,0,1,0,0,0
Q9BXG8,0,0,0,1,0
Q7KZF4,1,0,0,0,0
Q8TBJ5,0,0,0,1,0
O75381,0,0,0,0,1
Q9P0V9,1,0,0,0,0
Q9NX45,0,0,0,1,0
Q8TDD2,0,0,0,1,0
Q9Y530,1,0,0,0,0
Q16445,0,1,0,0,1
O95861,1,0,0,0,0
Q9BU19,0,0,0,1,0
Q2VWA4,0,0,0,1,0
Q63HM9,1,0,0,0,0
Q03518,1,0,0,0,1
Q6ZSI9,1,0,0,0,0
Q96FV2,1,0,0,0,0
P78383,0,0,0,0,1
P49683,0,1,0,0,0
P46663,0,1,0,0,0
P78369,0,0,1,0,1
O95500,0,0,1,0,0
Q96LW9,0,0,0,1,0
P43004,0,0,0,0,1
P51582,0,1,0,0,0
O95484,0,0,1,0,0
P11308,0,0,0,1,0
Q16600,0,0,0,1,0
Q8NGF8,0,1,0,0,0
P04259,0,0,1,0,0
P48668,0,0,1,0,0
P02538,0,0,1,0,0
Q9NY91,0,0,0,0,1
O43309,0,0,0,1,0
Q96GE5,0,0,0,1,0
Q9Y2A4,0,0,0,1,0
Q96L93,1,0,0,0,0
Q9NS39,1,0,0,0,0
Q9H8N7,0,0,0,1,0
O43808,0,0,0,0,1
P46063,1,0,0,0,0
P05386,0,0,1,0,0
Q7Z4H3,1,0,0,0,0
P20337,1,0,0,0,0
Q15024,1,0,0,0,0
Q9P0M9,0,0,1,0,0
Q15031,1,0,0,0,0
Q01433,1,0,0,0,0
P25686,0,0,0,0,1
P20265,0,0,0,1,0
P20264,0,0,0,1,0
P49335,0,0,0,1,0
P29144,1,0,0,0,0
Q9NTJ5,1,0,0,0,0
Q9H6X2,0,1,0,0,0
Q9H2W2,0,0,0,1,0
Q13351,0,0,0,1,0
Q92542,1,0,0,0,0
Q9Y5K2,1,0,0,0,0
P34931,1,0,0,0,0
Q99500,0,1,0,0,0
Q16670,0,0,0,1,0
O00139,1,0,0,0,0
P61106,1,0,0,0,0
Q9Y337,1,0,0,0,0
Q7Z2G1,0,0,1,0,0
O43414,1,0,0,0,0
Q9UPM9,0,1,0,0,0
P20700,0,0,1,0,0
O95125,0,0,0,1,0
P82675,0,0,1,0,0
Q9BTX1,0,0,1,0,0
Q9NUQ8,1,0,0,0,0
Q13183,0,0,0,0,1
Q9Y2I7,1,0,0,0,0
Q9UMR2,1,0,0,0,0
Q9NUU7,1,0,0,0,0
O15197,0,1,0,0,0
Q7RTR8,0,1,0,0,0
P49910,0,0,0,1,0
O00178,1,0,0,0,0
Q9UM63,0,0,0,1,0
Q9BSK2,0,0,0,0,1
P06213,0,1,0,0,0
P56748,0,0,1,0,0
P45880,0,0,0,0,1
P15259,1,0,0,0,0
P13056,0,1,0,1,0
P31641,0,0,0,0,1
Q8N434,0,0,0,0,1
A8K979,1,0,0,0,0
Q6P161,0,0,1,0,0
O00476,0,0,0,0,1
P42858,1,0,0,0,0
Q8WUM9,0,1,0,0,1
P16150,0,1,0,0,0
Q9H598,0,0,0,0,1
Q9C0A1,0,0,0,1,0
P29371,0,1,0,0,0
Q8N196,0,0,0,1,0
O75818,1,0,0,0,0
P36406,1,0,0,0,0
P30531,0,0,0,0,1
P13631,0,1,0,1,0
Q9HBZ2,0,0,0,1,0
O60231,1,1,0,0,0
Q92843,0,0,0,0,1
O00303,1,0,0,0,0
Q96CW5,0,0,1,0,0
Q9UKD1,0,0,0,1,0
Q9NQ90,0,0,0,0,1
Q92621,0,0,1,0,0
Q86Y34,0,1,0,0,0
Q8IY18,1,0,0,0,0
P22670,0,0,0,1,0
Q08AN1,0,0,0,1,0
O76013,0,0,1,0,0
Q13127,0,0,0,1,0
Q5VZP5,1,0,0,0,0
Q9Y614,0,0,1,0,0
Q92673,0,1,0,0,1
Q13887,0,0,0,1,0
Q14587,0,0,0,1,0
O14807,1,0,0,0,0
O15273,0,0,1,0,0
Q9NUN5,0,0,0,0,1
O15522,0,0,0,1,0
P0CG40,0,0,0,1,0
Q6NXR0,1,0,0,0,0
Q9NPY3,0,1,0,0,0
Q9GZM6,0,1,0,0,0
Q93034,0,1,0,0,1
Q9Y399,0,0,1,0,0
Q9UK23,1,0,0,0,0
O75356,1,0,0,0,0
Q03052,0,0,0,1,0
Q13555,1,0,0,0,0
P38919,1,0,0,0,0
P31269,0,0,0,1,0
Q86TI2,1,0,0,0,0
Q8NFJ5,0,1,0,0,0
O75808,1,0,0,0,0
Q6DJT9,0,0,0,1,0
P59535,0,1,0,0,0
O60304,0,0,0,1,0
Q01469,0,0,0,0,1
O95980,0,1,0,0,0
Q9Y230,1,0,0,0,0
P46821,0,0,1,0,0
Q96D96,0,0,0,0,1
Q6ZQN5,0,0,0,1,0
Q13884,0,0,1,0,0
Q9Y6G3,0,0,1,0,0
Q9NRX4,1,0,0,0,0
P0C869,1,0,0,0,0
O14678,1,0,0,0,1
Q63HK3,0,0,0,1,0
Q6P9G9,0,0,0,1,0
O00144,0,1,0,0,0
P51784,1,0,0,0,0
O95169,0,0,0,0,1
Q05215,0,0,0,1,0
Q9NUJ1,1,0,0,0,0
Q14562,1,0,0,0,0
Q9GZW5,0,0,0,1,0
Q9NVA2,1,0,0,0,0
Q9H307,0,0,1,0,0
Q9UKJ8,1,0,0,0,0
Q86Y25,0,0,0,1,0
Q86Y91,1,0,0,0,0
Q8NF99,0,0,0,1,0
P78346,1,0,0,0,0
Q13241,0,1,0,0,0
Q9BZD7,1,0,0,0,0
Q13410,0,1,0,0,0
O75787,0,1,0,0,0
O43506,1,0,0,0,0
P61247,0,0,1,0,0
Q8NB42,0,0,0,1,0
Q96NI8,0,0,0,1,0
Q8TBJ4,1,0,0,0,0
Q8NGI9,0,1,0,0,0
Q6UWR7,1,0,0,0,0
O75746,0,0,0,0,1
Q9BQ48,0,0,1,0,0
Q8N819,1,0,0,0,0
Q9UQ90,1,0,0,0,0
P27658,0,0,1,0,0
Q99758,1,0,0,0,1
O75251,0,0,0,0,1
A8MT65,0,0,0,1,0
Q7Z3H4,0,0,0,1,0
Q9UI36,0,0,0,1,0
Q9NY47,0,0,0,0,1
Q14432,1,1,0,1,0
P21796,0,0,0,0,1
P14616,0,1,0,0,0
Q5VUY2,1,0,0,0,0
Q01726,0,1,0,0,0
P23396,0,0,1,1,0
P43246,1,0,0,0,0
P46736,1,0,0,0,0
P78367,0,0,0,1,0
Q6ZN44,0,1,0,0,0
Q96NX9,0,0,0,1,0
Q8N9F8,0,0,0,1,0
Q9ULQ1,0,0,0,0,1
O00515,0,0,1,0,0
O14981,1,0,0,0,0
Q9P1P5,0,1,0,0,0
Q92643,1,0,0,0,0
Q9UL59,0,0,0,1,0
E7ETH6,0,0,0,1,0
Q9H993,1,0,0,0,0
Q9BZD2,0,0,0,0,1
P51692,0,0,0,1,0
Q9NQE7,1,0,0,0,0
Q12800,0,0,0,1,0
P13612,0,1,0,0,0
Q96R28,0,1,0,0,0
A3KFT3,0,1,0,0,0
Q8NG81,0,1,0,0,0
Q6UXN2,0,1,0,0,0
Q16819,1,0,0,0,0
P57103,0,0,0,0,1
O14931,0,1,0,0,0
Q9UBD6,0,0,0,0,1
Q8NCC5,0,0,0,0,1
O95944,0,1,0,0,0
P30530,0,1,0,0,0
Q9ULV1,0,1,0,0,0
Q9H300,1,0,0,0,0
Q02127,1,0,0,0,0
C9JDP6,0,0,1,0,0
Q08334,0,1,0,0,0
Q96R72,0,1,0,0,0
Q8N357,0,0,0,0,1
Q70EK8,1,0,0,0,0
Q9NZI7,0,0,0,1,0
P61019,1,0,0,0,0
Q96MR9,0,0,0,1,0
O15342,0,0,0,0,1
O15143,0,0,1,0,0
Q92769,1,0,0,0,0
Q6MZZ7,1,0,0,0,0
Q9Y2T3,1,0,0,0,0
Q2M1V0,0,0,0,1,0
P0C617,0,1,0,0,0
P15090,0,0,0,0,1
P68032,1,0,0,0,0
P68133,1,0,1,0,0
P60660,0,0,1,0,0
Q8TE56,1,0,0,0,0
O14775,1,0,0,0,0
Q02556,0,0,0,1,0
P62736,1,0,0,0,0
P63267,1,0,0,0,0
Q70CQ2,1,0,0,0,0
Q92753,0,1,0,1,0
P35452,0,0,0,1,0
Q504Y0,0,0,0,0,1
Q99680,0,1,0,0,0
O75608,1,0,0,0,0
O95372,1,0,0,0,0
P35030,1,0,0,0,0
Q8NFK1,0,0,0,0,1
Q96FZ2,1,0,0,0,0
Q9ULL4,0,1,0,0,0
P29460,0,1,0,0,0
A6NNY8,1,0,0,0,0
O15539,1,0,0,0,0
P49798,1,0,0,0,0
Q04741,0,0,0,1,0
Q0P5N6,1,0,0,0,0
Q9Y277,0,0,0,0,1
Q9BV47,1,0,0,0,0
Q8NH07,0,1,0,0,0
Q8NG94,0,1,0,0,0
B2RN74,0,1,0,0,0
Q9UNW8,0,1,0,0,0
P12980,0,0,0,1,0
Q8IV45,1,1,0,0,0
O15547,0,1,0,0,1
P21589,1,0,0,0,0
Q5JW98,0,0,0,0,1
Q8NH67,0,1,0,0,0
Q6ICL7,0,0,0,0,1
O15492,1,0,0,0,0
Q8NAG6,1,0,0,0,0
Q8NGH3,0,1,0,0,0
Q8NGX1,0,1,0,0,0
Q8NH03,0,1,0,0,0
Q96HD9,1,0,0,0,0
Q6EMK4,0,1,0,0,0
P17275,0,0,0,1,0
P43489,0,1,0,0,0
Q9H3Z7,1,0,0,0,0
Q24JQ0,0,0,0,0,1
Q8NGY3,0,1,0,0,0
Q13324,0,1,0,0,0
Q6UY18,0,1,0,0,0
Q9Y4P1,1,0,0,0,0
Q13422,0,0,0,1,0
O94844,1,0,0,0,0
O60284,0,0,0,1,0
P78337,0,0,0,1,0
Q8N5C1,0,0,0,0,1
Q9H175,0,0,0,1,0
Q8N661,1,0,0,0,0
Q15365,0,0,0,1,0
Q99712,0,0,0,0,1
P07951,0,0,1,0,0
P09493,0,0,1,0,0
P21506,0,0,0,1,0
O15438,1,0,0,0,1
P00750,1,0,0,0,0
O14764,0,1,0,0,1
Q9HBH0,1,0,0,0,0
Q587J8,0,0,1,0,0
Q7Z7M1,0,1,0,0,0
Q7Z5M8,1,0,0,0,0
Q9UL51,0,0,0,0,1
Q8TB61,0,0,0,0,1
A6NND4,0,1,0,0,0
Q9Y6W3,1,0,0,0,0
Q8TA94,0,0,0,1,0
Q13520,0,0,0,0,1
Q96BA8,0,0,0,1,0
Q7RTS3,0,0,0,1,0
Q9BYR6,0,0,1,0,0
Q9BYR7,0,0,1,0,0
Q9HAV5,0,1,0,0,0
P29320,0,1,0,0,0
Q9BSG5,0,1,0,0,1
Q9Y345,0,0,0,0,1
A0A1W2PQ73,0,0,0,1,0
P98196,1,0,0,0,1
Q15935,0,0,0,1,0
Q9BZV2,0,0,0,0,1
P60709,1,0,1,0,0
Q8ND82,0,0,0,1,0
Q9H040,1,0,0,0,0
Q9BYX7,0,0,1,0,0
P0DN80,0,1,0,0,0
Q9NUM3,0,1,0,0,1
Q9P0U3,1,0,0,0,0
P62714,1,0,0,0,0
Q3LIE5,1,0,0,0,0
Q8TF32,0,0,0,1,0
Q9NZT2,0,1,0,0,0
Q7L8S5,1,0,0,0,0
Q8IYN0,0,0,0,1,0
P40426,0,0,0,1,0
Q9UI33,0,0,0,0,1
Q5TA50,0,0,0,0,1
Q12772,0,0,0,1,0
O60519,0,0,0,1,0
Q9HD42,1,0,0,0,0
Q7L1I2,0,0,0,0,1
P55211,1,0,0,0,0
Q8NGB9,0,1,0,0,0
Q15645,1,0,0,0,0
Q8TDG4,1,0,0,0,0
P08048,0,0,0,1,0
Q99743,0,0,0,1,0
P17010,0,0,0,1,0
Q9NP72,1,0,0,0,0
O43497,0,0,0,0,1
Q8N5A5,0,0,0,1,0
Q13615,1,0,0,0,0
Q9C0J9,0,0,0,1,0
Q9H2Y9,0,0,0,0,1
P67775,1,0,0,0,0
Q04206,0,0,0,1,0
P13797,0,0,1,0,0
Q6IQ20,1,0,0,0,0
P36956,0,1,0,1,0
P40424,0,0,0,1,0
P40425,0,0,0,1,0
P22001,0,0,0,0,1
Q9H2B4,0,0,0,0,1
Q9Y271,0,1,0,0,0
P31270,0,0,0,1,0
Q8N5P1,0,0,0,1,0
P01106,0,0,0,1,0
Q9H3M9,1,0,0,0,0
Q9NQR9,1,0,0,0,0
Q86UE6,0,1,0,0,0
P30939,0,1,0,0,0
P14384,1,0,0,0,0
O15062,0,0,0,1,0
Q13105,0,0,0,1,0
Q9BZF2,0,0,0,0,1
Q9NSN8,0,0,1,0,0
P38606,1,0,0,0,1
Q9NPA1,0,0,0,0,1
Q14790,1,0,0,0,0
P35900,0,0,1,0,0
Q6Q0C1,0,0,0,0,1
O60667,0,1,0,0,0
P47884,0,1,0,0,0
P58170,0,1,0,0,0
Q8N1N0,0,1,0,0,0
O95013,0,1,0,0,0
Q6IEY1,0,1,0,0,0
P41161,0,0,0,1,0
P50549,0,0,0,1,0
P34982,0,1,0,0,0
Q99929,0,0,0,1,0
B9EJG8,0,0,0,0,1
O00624,0,0,0,0,1
P28340,1,0,0,0,0
P48065,0,0,0,0,1
Q5T6V5,1,0,0,0,0
Q96EP9,0,0,0,0,1
O15194,1,0,0,0,0
P10074,0,0,0,1,0
Q07812,0,0,0,0,1
Q9H3M0,0,0,0,0,1
Q6P499,0,0,0,0,1
P04201,0,1,0,0,0
Q96GZ6,0,0,0,0,1
Q01543,0,0,0,1,0
Q7Z3T1,0,1,0,0,0
P78559,0,0,1,0,0
O95371,0,1,0,0,0
P00797,1,0,0,0,0
P58743,0,0,0,0,1
Q8IZF4,0,1,0,0,0
Q96EF0,1,0,0,0,0
P19235,0,1,0,0,0
Q01826,0,0,0,1,0
P18089,0,1,0,0,0
O15431,0,0,0,0,1
Q06330,0,0,0,1,0
P12814,0,0,1,0,0
P02511,0,0,1,0,0
O60663,0,0,0,1,0
P78563,1,0,0,0,0
Q92731,0,1,0,1,0
P28223,0,1,0,0,0
Q8NH37,0,1,0,0,0
Q8N6M6,1,0,0,0,0
P32249,0,1,0,0,0
P35251,1,0,0,0,0
Q9NZP5,0,1,0,0,0
O15195,0,0,1,0,0
Q9P2E9,0,1,0,0,0
Q7RTY8,1,0,0,0,0
Q8NGP9,0,1,0,0,0
Q86XJ0,0,0,0,0,1
P16070,0,1,0,0,0
Q9P2H5,1,0,0,0,0
Q8NB14,1,0,0,0,0
Q8NGS5,0,1,0,0,0
Q13639,0,1,0,0,0
Q9UN76,0,0,0,0,1
Q9Y3Q4,0,0,0,0,1
P0C623,0,1,0,0,0
O15162,1,0,0,1,1
Q9BQF6,1,0,0,0,0
Q8NGD3,0,1,0,0,0
Q14566,1,0,0,0,0
Q8N680,0,0,0,1,0
Q9BV23,1,0,0,0,0
P21439,1,0,0,0,1
Q99705,0,1,0,0,0
P08183,1,0,0,0,1
Q02548,0,0,0,1,0
Q15761,0,1,0,0,0
Q9H0C8,1,0,0,0,0
Q8TEY5,0,0,0,1,0
P32248,0,1,0,0,0
P47883,0,1,0,0,0
Q70EL4,1,0,0,0,0
Q86V15,0,0,0,1,0
P25106,0,1,0,0,0
Q49SQ1,0,1,0,0,0
Q12767,0,0,0,0,1
Q16515,0,0,0,0,1
Q6PJQ5,0,0,0,1,0
Q8NH43,0,1,0,0,0
Q86SQ6,0,1,0,0,0
O75636,0,1,0,0,0
Q8N7R0,0,0,0,1,0
O14842,0,1,0,0,0
Q9UKX5,0,1,0,0,0
Q00613,0,0,0,1,0
P47898,0,1,0,0,0
Q9UI40,0,0,0,0,1
Q8WUI4,1,0,0,0,0
O75792,1,0,0,0,0
Q07507,0,0,1,0,0
Q99456,0,0,1,0,0
Q05516,0,0,0,1,0
Q9H1N7,0,0,0,0,1
Q9P1P4,0,1,0,0,0
Q08AG5,0,0,0,1,0
Q16820,1,0,0,0,0
O00321,0,0,0,1,0
P10912,0,1,0,0,0
P30874,0,1,0,0,0
Q96C28,0,0,0,1,0
Q8N6M5,1,0,0,0,0
P41439,0,1,0,0,0
A8MYZ0,1,0,0,0,0
O60462,0,1,0,0,0
Q02962,0,0,0,1,0
Q15853,0,0,0,1,0
P32745,0,1,0,0,0
P35125,1,0,0,0,0
P13686,1,0,0,0,0
P49639,0,0,0,1,0
P48145,0,1,0,0,0
P31644,0,1,0,0,1
Q8NH00,0,1,0,0,0
A6NI15,0,0,0,1,0
A6ND48,0,1,0,0,0
Q13485,0,0,0,1,0
P26715,0,1,0,0,0
Q15612,0,1,0,0,0
P25103,0,1,0,0,0
P50221,0,0,0,1,0
Q9UBG7,0,0,0,1,0
Q9NYA1,0,1,0,0,0
Q9NSY2,0,0,0,0,1
Q6QHK4,0,0,0,1,0
P48307,0,0,1,0,0
P17098,0,0,0,1,0
P49685,0,1,0,0,0
O95076,0,0,0,1,0
Q5T1R4,0,0,0,1,0
Q8TBP6,0,0,0,0,1
Q9BRQ3,1,0,0,0,0
Q8TC59,1,0,0,0,0
Q6IQ22,1,0,0,0,0
Q14863,0,0,0,1,0
Q8N9H8,1,0,0,0,0
P98177,0,0,0,1,0
P0DMU2,0,1,0,0,0
O14523,0,0,0,0,1
Q13291,0,1,0,0,0
Q96KN2,1,0,0,0,0
P24071,0,1,0,0,0
P17516,0,0,0,0,1
P14416,0,1,0,0,0
Q8IYM1,1,0,0,0,0
Q969I6,0,0,0,0,1
Q3B8N5,0,0,0,1,0
O95450,1,0,0,0,0
P04114,0,0,0,0,1
P42081,0,1,0,0,0
Q8NGD5,0,1,0,0,0
Q8NAF0,0,0,0,1,0
Q9BW19,1,0,0,0,0
O77932,1,0,0,0,0
Q13813,0,0,1,0,0
Q04656,1,0,0,0,1
P19419,0,0,0,1,0
Q96LB2,0,1,0,0,0
Q96LB1,0,1,0,0,0
Q96LA9,0,1,0,0,0
Q0D2J5,0,0,0,1,0
Q8IYI8,0,0,0,1,0
Q6ZSB9,0,0,0,1,0
Q96LD8,1,0,0,0,0
P49238,0,1,0,0,0
Q9NPD5,0,0,0,0,1
F5H094,0,0,0,0,1
Q8NGJ1,0,1,0,0,0
P59922,0,1,0,0,0
Q9UG22,1,0,0,0,0
Q9Y6L6,0,0,0,0,1
Q8NEC5,0,0,0,0,1
P59044,0,1,0,0,0
Q96FJ0,1,0,0,0,0
Q5VST9,0,0,1,0,0
Q12918,0,1,0,0,0
Q9Y2R2,1,0,0,0,0
Q2LD37,0,0,0,0,1
Q8NGE8,0,1,0,0,0
Q9Y3N9,0,1,0,0,0
P32019,1,0,0,0,0
P60059,0,0,0,0,1
Q8NGY6,0,1,0,0,0
P51449,0,1,0,1,0
Q70CQ1,1,0,0,0,0
P12525,0,0,0,1,0
Q9H7F0,1,0,0,0,1
Q6NS38,1,0,0,0,0
Q8TCU3,0,0,0,0,1
P98164,0,0,0,0,1
Q9NXH8,1,0,0,0,0
Q7RTU0,0,0,0,1,0
P17813,0,1,0,0,0
O00487,1,0,0,0,0
O00291,0,0,1,0,0
Q92618,0,0,0,1,0
Q13613,1,0,0,0,0
Q70HW3,0,0,0,0,1
Q02643,0,1,0,0,0
P57740,0,0,1,0,0
Q99811,0,0,0,1,0
P28324,0,0,0,1,0
Q8TCT9,1,0,0,0,0
Q13516,0,0,0,1,0
Q9BYZ6,1,0,0,0,0
Q9H6V9,1,0,0,0,0
P51826,0,0,0,1,0
P21730,0,1,0,0,0
Q9Y462,0,0,0,1,0
P47901,0,1,0,0,0
P51178,1,0,0,0,0
Q8IYD1,1,0,0,0,0
Q92963,1,0,0,0,0
Q9NQV6,0,0,0,1,0
P04150,0,1,0,1,0
Q02763,0,1,0,0,0
Q6VMQ6,1,0,0,0,0
Q4G0A6,1,0,0,0,0
Q9GZX7,1,0,0,0,0
Q8NGC2,0,1,0,0,0
Q86VL8,0,0,0,0,1
Q9UII6,1,0,0,0,0
P41145,0,1,0,0,0
Q8NH08,0,1,0,0,0
Q9NVV0,0,0,0,0,1
P61160,0,0,1,0,0
Q9BX10,1,0,0,0,0
Q9NSD5,0,0,0,0,1
P35372,0,1,0,0,1
Q9GZU7,1,0,0,0,0
A0PJY2,0,0,0,1,0
A0A0U1RQI7,0,0,0,1,0
O60928,0,0,0,0,1
Q147U1,0,0,0,1,0
Q8NCN2,0,0,0,1,0
P13866,0,0,0,0,1
Q8NGG3,0,1,0,0,0
Q96LB0,0,1,0,0,0
P49588,1,0,0,0,0
Q96SF2,0,0,0,0,1
Q8N8Z8,0,0,0,1,0
Q7L945,0,0,0,1,0
C9JN71,0,0,0,1,0
P16415,0,0,0,1,0
Q8IZC7,0,0,0,1,0
P52737,0,0,0,1,0
Q3KP31,0,0,0,1,0
Q8TBZ8,0,0,0,1,0
P62508,0,1,0,1,0
Q9BS34,0,0,0,1,0
P17017,0,0,0,1,0
Q8NEP9,0,0,0,1,0
Q68EA5,0,0,0,1,0
Q8N972,0,0,0,1,0
P18433,1,1,0,0,0
P01589,0,1,0,0,0
P24278,0,0,0,1,0
Q15029,1,0,0,0,0
Q8N1F7,0,0,1,0,0
P31629,0,0,0,1,0
Q8NGZ6,0,1,0,0,0
Q8NGY5,0,1,0,0,0
O14843,0,1,0,0,0
O15529,0,1,0,0,0
Q6A163,0,0,1,0,0
P19793,0,1,0,1,0
Q86W33,0,1,0,0,0
Q9C056,0,0,0,1,0
Q8N695,0,0,0,0,1
Q96C55,0,0,0,1,0
Q9UGI6,0,0,0,0,1
P11150,1,0,0,0,0
O75473,0,1,0,0,0
P62857,0,0,1,0,0
Q9NYB5,0,0,0,0,1
Q8NH76,0,1,0,0,0
Q15262,1,1,0,0,0
Q8TDT2,0,1,0,0,0
Q6UXB4,0,1,0,0,0
Q9HAH1,0,0,0,1,0
Q16322,0,0,0,0,1
A0A5F9ZHS7,0,0,0,1,0
Q8NGD2,0,1,0,0,0
Q9Y2R4,1,0,0,0,0
P20908,0,0,1,0,0
O75840,0,0,0,1,0
Q99612,0,0,0,1,0
P08908,0,1,0,0,0
P13349,0,0,0,1,0
O60779,0,0,0,0,1
P43234,1,0,0,0,0
Q16288,0,1,0,0,0
P02489,0,0,1,0,0
Q9UMD9,0,0,1,0,0
Q99527,0,1,0,1,0
P32238,0,1,0,0,0
Q96LU7,0,0,0,1,0
Q8NH69,0,1,0,0,0
O95452,0,0,0,0,1
P29033,0,0,0,0,1
O75712,0,0,0,0,1
P12524,0,0,0,1,0
P14653,0,0,0,1,0
Q15762,0,1,0,0,0
P51681,1,1,0,0,0
Q9BRS2,1,0,0,0,0
Q13285,0,1,0,1,0
O14813,0,0,0,1,0
P51685,0,1,0,0,0
Q8IUE1,0,0,0,1,0
Q8IUE0,0,0,0,1,0
P12755,0,0,0,1,0
Q6YBV0,0,0,0,0,1
Q8NFI3,1,0,0,0,0
O14983,1,0,0,0,1
Q93084,1,0,0,0,1
Q8NGR3,0,1,0,0,0
O75197,0,1,0,0,0
Q7L0X0,0,1,0,0,0
O60543,0,0,0,0,1
Q9UPU3,0,1,0,0,0
P36897,0,1,0,0,0
Q01804,1,0,0,0,0
Q8TET4,1,0,0,0,0
P51124,1,0,0,0,0
Q8IZ41,1,0,0,0,0
Q96NB2,0,0,0,0,1
Q8IXU6,0,0,0,0,1
P52739,0,0,0,1,0
Q8N4Z0,1,0,0,0,0
Q08499,1,0,0,0,0
Q13569,1,0,0,0,0
Q8NG98,0,1,0,0,0
P0C6A0,0,0,0,1,0
Q9P1Z3,0,0,0,0,1
O75360,0,0,0,1,0
P78562,1,0,0,0,0
Q9BRV3,0,0,0,0,1
Q96RA2,0,1,0,0,0
Q14973,0,0,0,0,1
Q96DA2,1,0,0,0,0
Q7Z6V5,1,0,0,0,0
Q14692,1,0,0,0,0
Q9BRI3,0,0,0,0,1
Q6NT16,0,0,0,0,1
O00429,1,0,0,0,0
Q4G112,0,0,0,1,0
P08253,1,0,0,0,0
A6NKF2,0,0,0,1,0
Q9NPI6,1,0,0,0,0
Q9ULK0,0,1,0,0,1
P11473,0,1,0,1,0
A1A4Y4,1,0,0,0,0
Q9Y2B2,1,0,0,0,0
Q68D06,1,0,0,0,0
Q9NZQ0,1,0,0,0,0
P0CJ78,0,0,0,1,0
Q7Z7L1,1,0,0,0,0
Q14119,0,0,0,1,0
Q96EG3,0,0,0,1,0
O43711,0,0,0,1,0
Q6UX01,0,1,0,0,0
Q96FL8,0,0,0,0,1
Q99624,0,0,0,0,1
Q8IY17,1,0,0,0,0
P10071,0,0,0,1,0
Q92536,0,0,0,0,1
Q8NG99,0,1,0,0,0
P31941,1,0,0,0,0
Q2NKX8,1,0,0,0,0
Q32M45,0,0,0,0,1
Q8IZM9,0,0,0,0,1
Q6ZNB6,0,0,0,1,0
Q96DT6,1,0,0,0,0
P54802,1,0,0,0,0
Q92911,0,0,0,0,1
Q8N6M0,1,0,0,0,0
Q9H3S7,1,0,0,0,0
Q5VTE6,1,0,0,0,0
Q8TE60,1,0,0,0,0
Q8N6G6,1,0,0,0,0
Q9HD23,0,0,0,0,1
Q9Y6I4,1,0,0,0,0
Q63HN8,1,0,0,0,0
Q32M88,1,0,0,0,0
P0C7H9,1,0,0,0,0
P0C7I0,1,0,0,0,0
D6RBM5,1,0,0,0,0
D6RJB6,1,0,0,0,0
D6RBQ6,1,0,0,0,0
D6RA61,1,0,0,0,0
D6R9N7,1,0,0,0,0
C9JVI0,1,0,0,0,0
C9J2P7,1,0,0,0,0
C9JJH3,1,0,0,0,0
Q6R6M4,1,0,0,0,0
A8MUK1,1,0,0,0,0
Q0WX57,1,0,0,0,0
Q6QN14,1,0,0,0,0
Q9Y6R1,0,0,0,0,1
P25025,0,1,0,0,0
Q9UKT9,0,0,0,1,0
P0C626,0,1,0,0,0
Q96H78,0,0,0,0,1
Q9UBD0,0,0,0,1,0
P46091,0,1,0,0,0
Q8NGU9,0,1,0,0,0
Q99676,0,0,0,1,0
Q9H609,0,0,0,1,0
Q8IV48,1,0,0,0,0
P42694,1,0,0,0,0
O75398,0,0,0,1,0
Q9NY93,1,0,0,0,0
P18846,0,0,0,1,0
Q13336,0,0,0,0,1
O95677,1,0,0,0,0
Q496J9,0,0,0,0,1
P49961,1,0,0,0,0
O15015,0,0,0,1,0
Q53S99,0,0,0,0,1
Q8WVB6,1,0,0,0,0
Q86TP1,1,0,0,0,0
Q9H9D4,0,0,0,1,0
P0C645,0,1,0,0,0
O15090,0,0,0,1,0
P34972,0,1,0,0,0
Q8N4V2,0,0,0,0,1
C9JLJ4,1,0,0,0,0
C9JPN9,1,0,0,0,0
D6R901,1,0,0,0,0
D6RCP7,1,0,0,0,0
Q9H3U5,0,0,0,0,1
Q6P9H5,1,0,0,0,0
Q7L7V1,1,0,0,0,0
P63261,1,0,1,0,0
Q6ZV29,1,0,0,0,0
A6NHG9,0,1,0,0,0
A6NKK0,0,1,0,0,0
A6NDH6,0,1,0,0,0
Q99504,1,0,0,0,0
Q32M78,0,0,0,1,0
Q9NQT4,1,0,0,0,0
Q8WUY3,1,0,0,0,0
P51801,0,0,0,0,1
Q9UHI5,0,0,0,0,1
Q7L0J3,0,0,0,0,1
P35414,0,1,0,0,0
Q68CZ2,1,0,0,0,0
P35575,1,0,0,0,0
P06734,0,1,0,0,0
Q8WVJ9,0,0,0,1,0
Q16656,0,0,0,1,0
P31639,0,0,0,0,1
P43686,1,0,0,0,0
Q8N720,0,0,0,1,0
Q86VH2,1,0,0,0,0
Q96IQ9,0,0,0,1,0
Q8IWI9,0,0,0,1,0
Q8TAD4,0,0,0,0,1
Q9BW27,0,0,1,0,0
P02730,0,0,0,0,1
O15266,0,0,0,1,0
O60902,0,0,0,1,0
P51800,0,0,0,0,1
P19622,0,0,0,1,0
P51674,0,0,0,0,1
Q7Z404,0,0,0,0,1
Q4VNC0,1,0,0,0,1
Q9BY41,1,0,0,0,0
P28222,0,1,0,0,0
Q8IZ08,0,1,0,0,0
Q8IZV2,0,0,1,0,0
P04637,0,0,0,1,0
Q9Y239,0,1,0,0,0
Q05925,0,0,0,1,0
Q8N8W4,1,0,1,0,0
Q96FN5,1,0,0,0,0
Q5VZM2,1,0,0,0,0
Q9UJV9,1,0,0,0,0
Q5TZ20,0,1,0,0,0
Q9UNY4,1,0,0,0,0
Q9UQ49,1,0,0,0,0
P49327,1,0,0,0,0
Q99595,0,0,0,0,1
O60830,0,0,0,0,1
O43829,0,0,0,1,0
O75364,0,0,0,1,0
Q8TDB8,0,0,0,0,1
Q8IWU4,0,0,0,0,1
Q15699,0,0,0,1,0
Q99592,0,0,0,1,0
B2RXF5,0,0,0,1,0
P15976,0,0,0,1,0
Q9Y5Y9,0,0,0,0,1
Q9P2U7,0,0,0,0,1
P04062,1,0,0,0,0
Q9UMR3,0,0,0,1,0
Q13606,0,1,0,0,0
Q8NGF6,0,1,0,0,0
Q8NH19,0,1,0,0,0
O60391,0,1,0,0,1
O14791,0,0,0,0,1
Q13796,0,0,0,0,1
Q16665,0,0,0,1,0
P30559,0,1,0,0,0
Q66K89,0,0,0,1,0
Q8IYS0,0,0,0,0,1
Q15911,0,0,0,1,0
P49711,0,0,0,1,0
Q14112,0,0,1,0,0
P08912,1,1,0,0,0
Q9GZQ6,0,1,0,0,0
Q9UH77,0,0,1,0,0
Q8N1W2,0,0,0,1,0
P23276,1,0,0,0,0
Q5SRD1,0,0,0,0,1
O14925,0,0,0,0,1
O60741,0,0,0,0,1
Q9BZF1,0,0,0,0,1
Q8WXA8,0,1,0,0,1
Q8NGI7,0,1,0,0,0
P61073,0,1,0,0,0
P47890,0,1,0,0,0
Q8NHA8,0,1,0,0,0
Q99956,1,0,0,0,0
Q9ULJ3,0,0,0,1,0
Q9Y2P0,0,0,0,1,0
Q96DR4,0,0,0,0,1
Q96HA8,1,0,0,0,0
P37088,0,0,0,0,1
Q96R47,0,1,0,0,0
Q6IF42,0,1,0,0,0
Q8IUH4,0,0,0,0,1
P17987,1,0,0,0,0
Q6NUI6,0,1,1,0,0
Q07001,0,1,0,0,1
Q8WVP7,0,1,0,0,0
P15374,1,0,0,0,0
P52198,1,0,0,0,0
Q15735,1,0,0,0,0
A6NNN8,0,0,0,0,1
Q96NT5,0,0,0,0,1
Q8N697,0,0,0,0,1
O95785,0,0,0,1,0
Q9BZE3,0,0,0,1,0
P0DMS9,0,1,0,0,0
Q15124,0,0,1,0,0
Q9P2Y4,0,1,0,1,0
A5X5Y0,0,1,0,0,1
Q15561,0,0,0,1,0
Q96KN9,0,0,0,0,1
P18124,0,0,1,0,0
Q6HA08,1,0,0,0,0
Q96JA3,0,0,0,0,1
Q9NU22,1,0,0,0,0
O14595,1,0,0,0,0
P39086,0,1,0,0,1
Q9Y216,1,0,0,0,0
Q9Y217,1,0,0,0,0
P08519,1,0,0,0,0
P00747,1,0,0,0,0
Q8N6M3,1,0,0,0,0
P31314,0,0,0,1,0
P50222,0,0,0,1,0
A2A288,1,0,0,0,0
Q86UW2,0,0,0,0,1
P04234,0,1,0,0,0
Q6DWJ6,0,1,0,0,0
Q8NHQ9,1,0,0,0,0
P22460,0,0,0,0,1
O95006,0,1,0,0,0
Q9H9G7,1,0,0,0,0
O95453,1,0,0,0,0
Q6U841,0,0,0,0,1
O15327,1,0,0,0,0
O75317,1,0,0,0,0
Q9UKP5,1,0,0,0,0
Q16587,0,0,0,1,0
O14558,0,0,1,0,0
P56597,1,0,0,0,0
Q96BR9,0,0,0,1,0
Q9NQ69,0,0,0,1,0
Q9GZK7,0,1,0,0,0
Q9NQN1,0,1,0,0,0
Q9NP91,0,0,0,0,1
O43868,0,0,0,0,1
Q09666,0,0,1,0,0
Q8NDY3,1,0,0,0,0
Q5R3K3,0,0,0,0,1
Q5TC79,0,0,0,1,0
P30793,1,0,0,0,0
O15226,0,0,0,1,0
Q8NH73,0,1,0,0,0
Q16602,0,1,0,0,0
Q9Y2G2,1,1,0,0,0
Q96R67,0,1,0,0,0
Q5TGS1,0,0,0,1,0
Q6QNK2,0,1,0,0,0
O00339,0,0,1,0,0
Q16534,0,0,0,1,0
Q9Y223,1,0,0,0,0
Q8N8Y5,0,0,0,1,0
Q9BS91,0,0,0,0,1
Q15619,0,1,0,0,0
P50219,0,0,0,1,0
P43007,0,0,0,0,1
Q8NGL7,0,1,0,0,0
Q13614,1,0,0,0,0
Q7L211,1,0,0,0,0
Q8N349,0,1,0,0,0
P54922,1,0,0,0,0
Q9UKL6,0,0,0,0,1
P04626,0,1,0,0,0
Q9UNK4,1,0,0,0,0
Q9HB40,1,0,0,0,0
P47211,0,1,0,0,0
P07686,1,0,0,0,0
Q7LC44,0,0,1,0,0
Q15485,0,1,0,0,0
Q96A46,0,0,0,0,1
O43889,0,0,0,1,0
O95007,0,1,0,0,0
Q9Y2H2,1,0,0,0,0
Q8NBP5,0,0,0,0,1
P43681,0,1,0,0,1
Q8NGI4,0,1,0,0,0
P30304,1,0,0,0,0
O95551,1,0,0,0,0
Q8TDS5,0,1,0,0,0
P78348,0,0,0,0,1
Q8NBH2,1,0,0,0,0
Q7RTY1,0,0,0,0,1
P32239,0,1,0,0,0
Q04912,0,1,0,0,0
Q9H6F2,0,0,0,0,1
P15172,0,0,0,1,0
Q3SXZ3,0,0,0,1,0
B4DXR9,0,0,0,1,0
Q8TB69,0,0,0,1,0
Q15928,0,0,0,1,0
O95780,0,0,0,1,0
Q8NGL6,0,1,0,0,0
Q14582,0,0,0,1,0
Q6RW13,0,1,0,0,0
O75578,0,1,0,0,0
Q9NUA8,0,0,0,1,0
Q7Z444,1,0,0,0,0
P29317,0,1,0,0,0
Q8WUX1,0,0,0,0,1
Q8NDL9,1,0,0,0,0
Q6DD87,0,0,0,1,0
A6NM03,0,1,0,0,0
P09958,1,0,0,0,0
Q96SC8,0,0,0,1,0
Q9NYZ2,0,0,0,0,1
Q9HAS3,0,0,0,0,1
Q96C10,1,0,0,0,0
P54760,0,1,0,0,0
Q0D2K0,0,0,0,0,1
P15170,1,0,0,0,0
O00602,0,1,0,0,0
O60422,0,0,0,1,0
Q01064,1,0,0,0,0
Q8N1A0,0,0,1,0,0
P09848,1,0,0,0,0
Q8IYT4,1,0,0,0,0
P21754,0,0,1,0,0
P55268,0,0,1,0,0
Q9UI09,0,0,0,0,1
Q8IYB9,0,0,0,1,0
Q9H205,0,1,0,0,0
P15173,0,0,0,1,0
P18031,1,0,0,0,0
Q8NGI6,0,1,0,0,0
O60353,0,1,0,0,0
Q96Q91,0,0,0,0,1
Q99502,1,0,0,0,0
Q8NAP8,0,0,0,1,0
Q8NG77,0,1,0,0,0
Q8NG76,0,1,0,0,0
Q86YW0,1,0,0,0,0
Q8TDU5,0,1,0,0,0
P16615,1,0,0,0,1
Q96R09,0,1,0,0,0
O00337,0,0,0,0,1
A0AVK6,0,0,0,1,0
P34981,0,1,0,0,0
A6NH00,0,1,0,0,0
Q6PXP3,0,0,0,0,1
O96006,0,0,0,1,0
Q8NH48,0,1,0,0,0
Q08493,1,0,0,0,0
Q9H8G1,0,0,0,1,0
P12757,0,0,0,1,0
Q14585,0,0,0,1,0
Q9NR97,0,1,0,0,0
O75132,0,0,0,1,0
Q8NGF7,0,1,0,0,0
Q96R08,0,1,0,0,0
Q8NH72,0,1,0,0,0
Q8NET5,0,1,0,0,0
Q9ULD5,0,0,0,1,0
Q8NGS0,0,1,0,0,0
A6NHA9,0,1,0,0,0
Q2M3G0,1,0,0,0,1
P43146,0,1,0,0,0
A6NL26,0,1,0,0,0
Q14651,0,0,1,0,0
P42574,1,0,0,0,0
O60241,0,1,0,0,0
Q9UGF7,0,1,0,0,0
Q8NG85,0,1,0,0,0
Q8NG80,0,1,0,0,0
Q8NGY9,0,1,0,0,0
Q8NH16,0,1,0,0,0
O60346,1,0,0,0,0
P55771,0,0,0,1,0
P41143,0,1,0,0,0
P43378,1,0,0,0,0
Q9NP62,0,0,0,1,0
A0A087WUV0,0,0,0,1,0
Q8NFN8,0,1,0,0,0
O60431,0,1,0,0,0
O14581,0,1,0,0,0
Q96IC2,1,0,0,0,0
Q0VDG4,1,0,0,0,0
Q9UIQ6,1,0,0,0,0
Q96T83,0,0,0,0,1
Q9H7X3,0,0,0,1,0
O43763,0,0,0,1,0
Q15622,0,1,0,0,0
Q92826,0,0,0,1,0
Q9BXI3,1,0,0,0,0
Q86UW1,0,0,0,0,1
Q05469,1,0,0,0,0
O43298,0,0,0,1,0
P25105,0,1,0,0,0
Q92508,0,0,0,0,1
Q8WW27,1,0,0,0,0
Q9BW11,0,0,0,1,0
P23469,1,1,0,0,0
P41146,0,1,0,0,0
P35346,0,1,0,0,0
Q9UBY0,0,0,0,0,1
Q96N22,0,0,0,1,0
Q8NGT2,0,1,0,0,0
Q6NVU6,1,0,0,0,0
Q9NZC2,0,1,0,0,0
P42701,0,1,0,0,0
P50895,0,1,0,0,0
Q9BQY4,0,0,0,1,0
P0C7M4,0,0,0,1,0
Q92956,0,1,0,0,0
Q9UNY5,0,0,0,1,0
P15529,0,1,0,0,0
Q8IWK6,0,1,0,0,0
Q01968,1,0,0,0,0
Q96T25,0,0,0,1,0
Q6ICB0,1,0,0,0,0
P27815,1,0,0,0,0
O95672,1,0,0,0,0
Q8NGX0,0,1,0,0,0
Q15615,0,1,0,0,0
Q96RP8,0,0,0,0,1
Q8NGN8,0,1,0,0,0
Q6IF82,0,1,0,0,0
A1KZ92,1,0,0,0,0
Q8NGA1,0,1,0,0,0
P55011,0,0,0,0,1
O94759,0,0,0,0,1
O43613,0,1,0,0,0
Q8IXT2,0,0,0,1,0
Q99726,0,0,0,0,1
O15209,0,0,0,1,0
P11166,0,0,0,0,1
Q16719,1,0,0,0,0
Q13698,0,0,0,0,1
P28347,0,0,0,1,0
Q7Z410,1,0,0,0,0
Q9UJ96,0,0,0,0,1
P02708,0,1,0,0,1
P12107,0,0,1,0,0
Q8NGV7,0,1,0,0,0
P28370,1,0,0,0,0
A6NKX4,0,0,0,0,1
Q7Z3I7,0,0,0,1,0
P02549,0,0,1,0,0
P09693,0,1,0,0,0
Q3ZCQ2,0,1,0,0,0
Q8NH51,0,1,0,0,0
P10827,0,1,0,1,0
Q9NP94,0,0,0,0,1
P51530,1,0,0,0,0
O95153,0,0,0,0,1
Q03181,0,1,0,1,0
Q9NXJ5,1,0,0,0,0
P22732,0,0,0,0,1
O14763,0,1,0,0,0
Q93038,0,1,0,0,0
O75051,0,1,0,0,0
Q86YH2,0,0,0,1,0
Q8N187,0,0,0,1,0
Q8NH04,0,1,0,0,0
P35523,0,0,0,0,1
Q9NY37,0,0,0,0,1
P35498,0,0,0,0,1
Q05209,1,0,0,0,0
Q8NGX5,0,1,0,0,0
P23511,0,0,0,1,0
P23142,0,0,1,0,0
Q6P531,1,0,0,0,0
P54278,1,0,0,0,0
Q86WJ1,1,0,0,0,0
O76074,1,0,0,0,0
Q8NH42,0,1,0,0,0
Q9Y5N1,0,1,0,0,0
O94993,0,0,0,1,0
Q9UJV8,0,0,0,1,0
P08571,0,1,0,0,0
Q9BXB5,0,0,0,0,1
Q6UWW8,1,0,0,0,0
P13942,0,0,1,0,0
Q15406,0,1,0,1,0
P22413,1,0,0,0,0
Q96R84,0,1,0,0,0
Q9BYE2,1,0,0,0,0
Q9H5H4,0,0,0,1,0
Q6ZN57,0,0,0,1,0
O60312,1,0,0,0,1
Q9Y6M7,0,0,0,0,1
Q9NV23,1,0,0,0,0
O14786,0,1,0,0,0
Q8NFJ8,0,0,0,1,0
O60412,0,1,0,0,0
A5D6W6,1,0,0,0,0
O95848,1,0,0,0,0
Q8NGR8,0,1,0,0,0
Q8NGC4,0,1,0,0,0
O14503,0,0,0,1,0
Q9NS75,0,1,0,0,0
Q9UGF6,0,1,0,0,0
Q5T3U5,1,0,0,0,1
O94761,1,0,0,0,0
Q8NH94,0,1,0,0,0
Q8IY21,1,0,0,0,0
Q8WYK0,1,0,0,0,0
Q9NR83,0,0,0,1,0
P09601,0,0,1,0,0
Q99523,0,1,0,0,0
Q8NH74,0,1,0,0,0
Q9Y5J6,0,0,0,0,1
Q8IVB4,0,0,0,0,1
P13798,1,0,0,0,0
P29120,1,0,0,0,0
P43268,0,0,0,1,0
P14136,0,0,1,0,0
Q9UPW6,0,0,0,1,0
P21709,0,1,0,0,0
P78509,1,0,0,0,0
Q9BSJ8,0,0,0,0,1
Q5VZB9,0,0,0,1,0
Q8NGS7,0,1,0,0,0
P50539,0,0,0,1,0
Q9HBE1,0,0,0,1,0
Q6IF99,0,1,0,0,0
P49715,0,0,0,1,0
Q16572,0,0,0,0,1
P41970,0,0,0,1,0
Q9NYV9,0,1,0,0,0
P35398,0,1,0,1,0
Q00653,0,0,0,1,0
Q9UPU5,1,0,0,0,0
P0CG24,0,0,0,1,0
Q8NGD1,0,1,0,0,0
P51790,0,0,0,0,1
Q9H116,0,0,0,1,0
Q96BV0,0,0,0,1,0
Q9H228,0,1,0,0,0
Q6ZN66,1,0,0,0,0
Q92889,1,0,0,0,0
Q8WWX8,0,0,0,0,1
P54252,1,0,0,0,0
P06858,1,0,0,0,0
O14862,0,1,0,0,0
P36508,0,0,0,1,0
Q8WXS5,0,0,0,0,1
P0C7P3,1,0,0,0,0
Q9UJN7,0,0,0,1,0
Q8N693,0,0,0,1,0
Q86XP0,1,0,0,0,0
Q58FG1,1,0,0,0,0
Q96Q89,1,0,0,0,0
A6NJ46,0,0,0,1,0
Q8NGT7,0,1,0,0,0
Q8NH57,0,1,0,0,0
Q8NGY2,0,1,0,0,0
Q6ZNH5,0,0,0,1,0
Q14123,1,0,0,0,0
Q86YA3,1,0,0,0,0
Q9UKK9,1,0,0,0,0
Q05823,1,0,0,0,0
P49640,0,0,0,1,0
Q86T24,0,0,0,1,0
Q8N7M2,0,0,0,1,0
P50553,0,0,0,1,0
Q8TDV5,0,1,0,0,0
P46094,0,1,0,0,0
Q8NBR6,1,0,0,0,0
Q9BZJ8,0,1,0,0,0
Q9BUM1,1,0,0,0,0
O14638,1,0,0,0,0
Q9P2U8,0,0,0,0,1
Q8WYN0,1,0,0,0,0
Q15814,1,0,0,0,0
Q96JL9,0,0,0,1,0
A0A0X1KG70,0,1,0,0,0
Q8NGB6,0,1,0,0,0
Q8NGD0,0,1,0,0,0
Q5JZY3,0,1,0,0,0
Q86UP3,0,0,0,1,0
Q9HBT8,0,0,0,1,0
P0CG31,0,0,0,1,0
A0A2Z4LIS9,0,0,0,1,0
Q9UKS7,0,0,0,1,0
O60896,0,1,0,0,0
P58180,0,1,0,0,0
O76099,0,1,0,0,0
Q7Z6P3,1,0,0,0,0
Q14964,1,0,0,0,0
P08235,0,1,0,1,0
Q8NGR5,0,1,0,0,0
Q8IU60,1,0,0,0,0
P25101,1,1,0,0,0
Q99697,0,0,0,1,0
P25089,0,1,0,0,0
P25090,0,1,0,0,0
P21462,0,1,0,0,0
P13726,0,1,0,0,0
P17535,0,0,0,1,0
P32246,1,1,0,0,0
P02545,0,0,1,0,0
Q96C00,0,0,0,1,0
P17036,0,0,0,1,0
P05813,0,0,1,0,0
Q8IXE1,0,1,0,0,0
Q9P243,0,0,0,1,0
Q6XD76,0,0,0,1,0
Q9Y5X4,0,1,0,1,0
Q9H8K7,1,0,0,0,0
P40937,1,0,0,0,0
P10070,0,0,0,1,0
O95665,0,1,0,0,0
Q9NS28,1,0,0,0,0
Q8TCW9,0,1,0,0,0
Q9Y6H6,0,0,0,0,1
P31645,0,0,0,0,1
Q96R30,0,1,0,0,0
P22459,0,0,0,0,1
P23769,0,0,0,1,0
Q8N0Y2,0,0,0,1,0
Q13946,1,0,0,0,0
Q9UL68,0,0,0,1,0
Q96K58,0,0,0,1,0
P35250,1,0,0,0,0
Q8IZD6,0,0,0,0,1
Q99578,1,0,0,0,0
O43424,0,1,0,0,1
O75575,0,1,0,0,0
Q8NH80,0,1,0,0,0
Q1EHB4,0,0,0,0,1
Q70SY1,0,0,0,1,0
Q9UMX3,0,0,0,0,1
P14923,0,0,1,0,0
Q14995,0,1,0,1,0
Q96AV8,0,0,0,1,0
Q9Y5B0,1,0,0,0,0
Q9UC06,0,0,0,1,0
P30305,1,0,0,0,0
P10275,0,1,0,1,0
O75469,0,1,0,1,0
Q7Z418,0,0,0,0,1
Q96S55,1,0,0,0,0
Q99463,0,1,0,0,0
A0A2R8YED5,0,1,0,0,0
O60486,0,1,0,0,0
P23771,0,0,0,1,0
Q9Y2G1,1,0,0,1,0
P17097,0,0,0,1,0
Q15077,0,1,0,0,0
Q8NGS9,0,1,0,0,0
Q8NGS8,0,1,0,0,0
Q8NGT0,0,1,0,0,0
Q7Z2K6,1,0,0,0,0
Q9H461,0,1,0,0,0
P78552,0,1,0,0,0
O95222,0,1,0,0,0
Q96AQ7,0,0,0,0,1
Q01664,0,0,0,1,0
Q9BXN2,0,1,0,0,0
Q8N5J2,1,0,0,0,0
Q9UHD4,0,0,0,0,1
Q14774,0,0,0,1,0
P48201,0,0,0,0,1
Q06055,0,0,0,0,1
P00395,0,0,0,0,1
Q53H47,1,0,0,0,0
P41214,0,1,0,0,0
O60443,0,0,0,0,1
Q8NBJ9,0,0,0,0,1
Q9Y2D2,0,0,0,0,1
Q14520,1,0,0,0,0
Q499Z4,0,0,0,1,0
Q8TF62,1,0,0,0,1
Q02108,0,1,0,0,0
Q8NA58,1,0,0,0,0
O14494,1,0,0,0,0
A0A1W2PRP0,0,0,0,1,0
Q96CP6,0,0,0,0,1
P12004,1,0,0,0,0
Q5VTM2,1,0,0,0,0
A8MZ59,0,0,0,1,0
Q8NGC7,0,1,0,0,0
Q7Z443,0,0,0,0,1
P57789,0,0,0,0,1
P19404,0,0,0,0,1
Q9NVE5,1,0,0,0,0
P17041,0,0,0,1,0
Q9HAK2,0,0,0,1,0
Q9H4W6,0,0,0,1,0
Q9UH73,0,0,0,1,0
Q5SQQ9,0,0,0,1,0
Q86SM5,0,1,0,0,0
Q07820,0,0,0,0,1
Q5VVQ6,1,0,0,0,0
O95445,0,0,0,0,1
Q9UK39,1,0,0,0,0
Q6P179,1,0,0,0,0
P13611,0,0,1,0,0
Q9Y691,0,0,0,0,1
Q92817,0,0,1,0,0
O95619,0,0,1,0,0
Q9NQW8,0,0,0,0,1
Q96L46,1,0,0,0,0
P56159,0,1,0,0,0
P51841,0,1,0,0,0
Q75T13,1,0,0,0,0
P06727,0,0,0,0,1
Q9Y3Q7,1,0,0,0,0
Q9P0G3,1,0,0,0,0
P28838,1,0,0,0,0
Q8NGJ4,0,1,0,0,0
O75394,0,0,1,0,0
Q96IS3,0,0,0,1,0
Q9H2C8,0,1,0,0,0
Q9BQC6,0,0,1,0,0
Q8NGK9,0,1,0,0,0
P04632,1,0,0,0,0
Q8NGV6,0,1,0,0,0
Q9UJD0,0,0,1,0,0
P52948,1,0,1,0,0
O43665,1,0,0,0,0
P08151,0,0,0,1,0
O43248,0,0,0,1,0
Q9UBF9,0,1,1,0,0
Q8WUM0,0,0,1,0,0
Q5U5Z8,1,0,0,0,0
Q8NGS4,0,1,0,0,0
Q9BQW3,0,0,0,1,0
P20645,0,1,0,0,1
Q8NEV4,1,0,0,0,0
P24311,0,0,0,0,1
P30872,0,1,0,0,0
Q5FWF6,0,0,0,1,0
Q96AD5,1,0,0,0,0
Q92665,0,0,1,0,0
P52952,0,0,0,1,0
P56270,0,0,0,1,0
Q86YE8,0,0,0,1,0
P53539,0,0,0,1,0
Q6IQ32,0,0,0,1,0
A0A1B0GVH4,1,0,0,0,0
O95475,0,0,0,1,0
Q9H2P0,0,0,0,1,0
Q04743,0,0,0,1,0
Q6ZNG0,0,0,0,1,0
A8MYU2,0,0,0,0,1
O14924,1,0,0,0,0
P15407,0,0,0,1,0
Q5H913,1,0,0,0,0
Q8TC27,1,0,0,0,0
P08913,0,1,0,0,0
Q3YEC7,1,0,0,0,0
O15484,1,0,0,0,0
Q92890,1,0,0,0,0
P02452,0,0,1,0,0
Q8TDQ0,0,1,0,0,0
Q7L2E3,1,0,0,0,0
P22894,1,0,0,0,0
Q3SXY8,1,0,0,0,0
Q96TA2,1,0,0,0,0
P02671,0,0,1,0,0
Q9NYW2,0,1,0,0,0
Q8NGP8,0,1,0,0,0
P30411,1,1,0,0,0
P36542,0,0,0,0,1
P62081,0,0,1,0,0
Q00325,0,0,0,0,1
Q8TAX9,0,0,0,0,1
Q8NI37,1,0,0,0,0
Q9NZN4,1,0,0,0,0
Q7L1W4,0,0,0,0,1
Q9BZD6,1,0,0,0,0
Q9HB58,0,0,0,1,0
Q8NBM4,1,0,0,0,0
O75355,1,0,0,0,0
Q96EE3,0,0,1,0,0
Q9NZH0,0,1,0,0,0
Q86UG4,0,0,0,0,1
Q9H2A3,0,0,0,1,0
Q5T1V6,1,0,0,0,0
A6NNA5,0,0,0,1,0
Q8NH60,0,1,0,0,0
Q9NQ35,1,0,0,0,0
P11717,0,1,0,0,0
P27037,0,1,0,0,0
P20023,0,1,0,0,0
Q8WUJ3,1,0,0,0,0
Q13308,0,1,0,0,0
Q96F46,0,1,0,0,0
Q14934,0,0,0,1,0
P12821,1,0,0,0,0
Q96SA4,0,0,0,0,1
P35813,1,0,0,0,0
O75688,1,0,0,0,0
P11488,1,0,0,0,0
P08138,0,1,0,0,0
O95907,0,0,0,0,1
Q96PE1,0,1,0,0,0
P53634,1,0,0,0,0
Q8IZC6,0,0,1,0,0
P08588,0,1,0,0,0
P17568,0,0,0,0,1
Q9UM73,0,1,0,0,0
Q8NFA0,1,0,0,0,0
Q8NGB4,0,1,0,0,0
Q9Y5Z0,1,0,0,0,0
P18428,0,1,0,0,0
Q969P0,0,1,0,0,0
Q6ZMV8,0,0,0,1,0
Q9Y6R7,0,0,1,0,0
Q5T848,0,1,0,0,0
P24821,0,0,1,0,0
Q9BSY9,1,0,0,0,0
P22607,0,1,0,0,0
Q5QJU3,1,0,0,0,0
Q9H313,0,0,0,0,1
P15289,1,0,0,0,0
Q9HC84,0,0,1,0,0
Q8N5S1,0,0,0,0,1
Q6NVV3,0,0,0,0,1
Q7RTY9,1,0,0,0,0
Q9Y6M0,1,0,0,0,0
Q13454,0,0,0,0,1
Q8IZJ1,0,1,0,0,0
P36639,1,0,0,0,0
P17927,0,1,0,0,0
Q15782,1,0,0,0,0
Q13530,0,0,0,0,1
O75581,0,1,0,0,1
Q9NZI2,0,0,0,0,1
O00754,1,0,0,0,0
P61313,0,0,1,0,0
O15355,1,0,0,0,0
O60658,1,0,0,0,0
O95263,1,0,0,0,0
O75690,0,0,1,0,0
Q8WWI5,0,0,0,0,1
Q8N468,0,0,0,0,1
P16671,0,1,0,0,1
P06239,1,0,0,0,0
P30825,0,0,0,0,1
P38405,1,0,0,0,0
P63092,1,0,0,0,0
P19086,1,0,0,0,0
Q8WTV0,0,1,0,0,0
O14829,1,0,0,0,0
P08754,1,0,0,0,0
P63096,1,0,0,0,0
P09471,1,0,0,0,0
P04899,1,0,0,0,0
P29376,0,1,0,0,0
Q9Y6M5,0,0,0,0,1
P21817,0,0,0,0,1
P17544,0,0,0,1,0
Q7RTZ2,1,0,0,0,0
A6NCW7,1,0,0,0,0
A6NCW0,1,0,0,0,0
Q86UD5,0,0,0,0,1
Q9NQI0,1,0,0,0,0
Q8TDV2,0,1,0,0,0
P35658,0,0,1,0,0
Q8IWA5,0,0,0,0,1
Q9UIW0,0,0,0,1,0
P12235,0,0,0,0,1
O60602,0,1,0,0,0
P59817,0,0,0,1,0
P13637,1,0,0,0,1
P61970,0,0,1,0,0
Q1XH10,0,0,0,1,0
Q9H222,1,0,0,0,1
P20020,1,0,0,0,1
Q16720,1,0,0,0,1
P61371,0,0,0,1,0
Q8N1G0,0,0,0,1,0
Q92610,0,0,0,1,0
Q01814,1,0,0,0,1
O95047,0,1,0,0,0
Q96R45,0,1,0,0,0
Q6N043,0,0,0,1,0
Q75V66,0,0,0,0,1
Q9Y4E5,0,0,0,1,0
Q99677,0,1,0,0,0
P16435,1,0,0,0,0
Q9NQT8,1,0,0,0,0
Q9Y2K6,1,0,0,0,0
P82251,0,0,0,0,1
Q92620,1,0,0,0,0
Q6ZSA7,0,0,0,0,1
Q08211,1,0,0,0,0
Q8NG97,0,1,0,0,0
P35212,0,0,0,0,1
P57773,0,0,0,0,1
Q969M2,0,0,0,0,1
Q8NGJ5,0,1,0,0,0
P17302,0,0,0,0,1
P36382,0,0,0,0,1
P48165,0,0,0,0,1
Q9Y6H8,0,0,0,0,1
Q2T9K0,0,0,0,0,1
Q9HC29,0,1,0,0,0
Q9NYA4,1,0,0,0,0
P31275,0,0,0,1,0
P58872,1,0,0,0,0
Q14872,0,0,0,1,0
P51160,1,0,0,0,0
Q9H5V7,0,0,0,1,0
Q9Y2E8,0,0,0,0,1
Q93050,0,0,0,0,1
Q95460,0,1,0,0,0
Q9BWM7,0,0,0,0,1
P16520,1,0,0,0,0
P57727,1,0,0,0,0
Q8NGT9,0,1,0,0,0
P18850,0,0,0,1,0
Q6ZVN8,0,1,0,0,0
Q15562,0,0,0,1,0
Q5H9E4,0,0,0,0,1
Q8N8L2,0,0,0,1,0
Q96I27,0,0,0,1,0
Q96PP9,1,0,0,0,0
O95744,1,0,0,0,0
P46721,0,0,0,0,1
P37231,0,1,0,1,0
Q96T60,1,0,0,0,0
P16499,1,0,0,0,0
Q8N144,0,0,0,0,1
Q9UKL4,0,0,0,0,1
Q9NR96,0,1,0,0,0
Q8N4F4,0,0,0,0,1
Q9Y694,0,0,0,0,1
Q58FG0,1,0,0,0,0
Q86VH4,0,1,0,0,0
Q7Z6Z6,1,0,0,0,0
Q9BZC7,1,0,0,0,1
Q9NV72,0,0,0,1,0
Q14683,1,0,0,0,0
Q8NGG7,0,1,0,0,0
Q9BY21,0,1,0,0,0
Q86VH5,0,1,0,0,0
P46777,0,0,1,0,0
P78363,1,0,0,0,1
Q01638,1,1,0,0,0
Q8NHA6,0,1,0,0,0
Q14957,0,1,0,0,1
O15427,0,0,0,0,1
Q13286,0,0,0,0,1
Q9UF33,0,1,0,0,0
O15554,0,0,0,0,1
P40616,1,0,0,0,0
Q9NQA5,0,0,0,0,1
Q96F15,1,0,0,0,0
P34998,0,1,0,0,0
Q7Z478,1,0,0,0,0
Q53GD3,0,0,0,0,1
O00746,0,0,0,0,1
Q9Y2U2,0,0,0,0,1
P25874,0,0,0,0,1
A4D2G3,0,1,0,0,0
Q13797,0,1,0,0,0
Q92874,1,0,0,0,0
Q9NUJ7,1,0,0,0,0
Q8WWP7,1,0,0,0,0
P48960,0,1,0,0,0
Q9UHX3,0,1,0,0,0
Q9HBA9,1,0,0,0,0
Q92737,1,0,0,0,0
Q9NYV8,0,1,0,0,0
Q86UQ4,1,0,0,0,1
Q4VNC1,1,0,0,0,1
Q16827,1,1,0,0,0
P13688,0,0,0,0,1
Q86WI1,0,1,0,0,0
Q14439,0,1,0,0,0
Q03405,0,1,0,0,0
Q8NGZ0,0,1,0,0,0
P62273,0,0,1,0,0
Q9HB07,1,0,0,0,0
P35573,1,0,0,0,0
O95528,0,0,0,0,1
P33681,0,1,0,0,0
O95258,0,0,0,0,1
Q9H114,1,0,0,0,0
Q8N474,1,0,0,0,0
Q9H9S3,0,0,0,0,1
P55039,1,0,0,0,0
Q9Y689,1,0,0,0,0
P31994,0,1,0,0,0
P31995,0,1,0,0,0
P0C646,0,1,0,0,0
P39748,1,0,0,0,0
Q9UQ84,1,0,0,0,0
Q2TB18,1,0,0,0,0
Q9UN88,0,1,0,0,1
P62241,0,0,1,0,0
Q9UGM3,0,1,0,0,0
Q9UL17,0,0,0,1,0
Q8NEB5,1,0,0,0,0
P20648,1,0,0,0,1
Q9GZR2,1,0,0,0,0
P62266,0,0,1,0,0
A6NFC9,0,1,0,0,0
Q5VTE0,1,0,0,0,0
P68104,1,0,0,0,0
Q05639,1,0,0,0,0
Q8NGL2,0,1,0,0,0
Q8NGL0,0,1,0,0,0
P61353,0,0,1,0,0
Q9NYS0,1,0,0,0,0
P05023,1,0,0,0,1
Q96PR1,0,0,0,0,1
P07316,0,0,1,0,0
P07315,0,0,1,0,0
P11844,0,0,1,0,0
P07320,0,0,1,0,0
O60841,1,0,0,0,0
Q9Y5T5,1,0,0,0,0
O60721,0,0,0,0,1
Q8IY37,1,0,0,0,0
Q15166,1,0,0,0,0
Q8TE59,1,0,0,0,0
P43005,0,0,0,0,1
Q8NGR9,0,1,0,0,0
Q5GJ75,0,0,0,0,1
P19447,1,0,0,0,0
Q9NYR9,1,0,0,0,0
Q495T6,1,0,0,0,0
P08473,1,0,0,0,0
P62166,0,0,0,0,1
Q13206,1,0,0,0,0
Q8NGC3,0,1,0,0,0
Q8WY21,0,1,0,0,0
P62330,1,0,0,0,0
Q9BXS9,0,0,0,0,1
Q9UNX9,0,0,0,0,1
P07996,0,0,1,0,0
Q9UL36,0,0,0,1,0
Q05923,1,0,0,0,0
Q2M1P5,1,0,0,0,0
P07919,0,0,0,0,1
Q8WXI8,0,1,0,0,0
Q9Y698,0,0,0,0,1
Q9H344,0,1,0,0,0
Q14CN2,1,0,0,0,1
Q8N131,0,1,0,0,0
Q14162,0,1,0,0,0
Q6UWY2,1,0,0,0,0
Q8NGZ4,0,1,0,0,0
O95236,0,0,0,0,1
Q01113,0,1,0,0,0
O43897,1,0,0,0,0
Q8NCC3,1,0,0,0,0
Q96KC2,1,0,0,0,0
Q6P093,1,0,0,0,0
O43525,0,0,0,0,1
Q8IW36,0,0,0,1,0
Q7RTY7,1,0,0,0,0
Q9H0F7,1,0,0,0,0
Q9GZR5,0,1,0,0,0
P60201,0,0,1,0,0
Q92959,0,0,0,0,1
Q9UKG4,0,0,0,0,1
P07942,0,0,1,0,0
P36405,1,0,0,0,0
Q8TD23,0,0,0,1,0
P36404,1,0,0,0,0
Q9H340,0,1,0,0,0
Q14114,0,1,0,0,0
Q6UX52,0,1,0,0,0
Q9Y543,0,0,0,1,0
O14773,1,0,0,0,0
Q6NW40,0,1,0,0,0
Q6P1J6,1,0,0,0,0
Q9GZZ6,0,1,0,0,1
Q9UKR0,1,0,0,0,0
Q96KN8,1,0,0,0,0
Q5MY95,1,0,0,0,0
Q8TBE9,1,0,0,0,0
P19438,0,1,0,0,0
Q8IZF7,0,1,0,0,0
P18085,1,0,0,0,0
Q86YW5,0,1,0,0,0
Q8NH06,0,1,0,0,0
P84085,1,0,0,0,0
Q13733,1,0,0,0,1
Q9UBN6,0,1,0,0,0
Q9UPW0,0,0,0,1,0
Q6IF00,0,1,0,0,0
Q8NGX2,0,1,0,0,0
O15060,0,0,0,1,0
P46059,0,0,0,0,1
Q8NH93,0,1,0,0,0
Q8NGZ5,0,1,0,0,0
O75844,1,0,0,0,0
O95661,1,0,0,0,0
P43116,0,1,0,0,0
Q16570,0,1,0,0,0
Q9P296,0,1,0,0,0
Q9Y6V0,0,0,1,0,0
P63098,1,0,0,0,0
Q6PIV2,0,0,0,1,0
Q9UPA5,0,0,1,0,0
Q9H2C2,0,0,0,0,1
P40617,1,0,0,0,0
Q9NRW4,1,0,0,0,0
P57735,1,0,0,0,0
Q86VD7,1,0,0,0,1
P02686,0,0,1,0,0
P49703,1,0,0,0,0
P46093,0,1,0,0,0
P84077,1,0,0,0,0
I3L3L1,1,0,0,0,0
Q8IVW1,1,0,0,0,0
P61204,1,0,0,0,0
A6NIR3,1,0,0,0,0
Q5VUJ5,1,0,0,0,0
Q96P64,1,0,0,0,0
Q5VW22,1,0,0,0,0
P56559,1,0,0,0,0
Q15743,0,1,0,0,0
Q5TC84,0,1,0,0,0
Q9NZP6,0,0,1,0,0
Q9UQ16,1,0,0,0,0
Q05193,1,0,0,0,0
P50570,1,0,0,0,0
P25940,0,0,1,0,0
P21917,0,1,0,0,0
Q07011,0,1,0,0,0
Q969M1,0,0,0,0,1
O96008,0,0,0,0,1
Q8NGM8,0,1,0,0,0
Q8NGC5,0,1,0,0,0
Q4G0W2,1,0,0,0,0
Q7RTY5,1,0,0,0,0
Q9BQ83,1,0,0,0,0
Q12866,0,1,0,0,0
O75593,0,0,0,1,0
Q08345,0,1,0,0,0
A6NDR6,0,0,0,1,0
P17301,0,1,0,0,0
A8K7I4,1,0,0,0,1
Q9UM47,0,1,0,0,0
Q96P69,0,1,0,0,0
Q86Y22,0,0,1,0,0
Q6NUT3,0,0,0,0,1
P26006,0,1,0,0,0
Q9UBG0,0,1,0,0,0
P07333,0,1,0,0,0
P49146,0,1,0,0,0
Q03938,0,0,0,1,0
Q8N1C3,0,1,0,0,1
P06681,1,0,0,0,0
O15496,1,0,0,0,0
Q5JVG8,0,0,0,1,0
Q6ZN08,0,0,0,1,0
O75346,0,0,0,1,0
O75373,0,0,0,1,0
Q68DY1,0,0,0,1,0
P35789,0,0,0,1,0
Q9H1D0,0,0,0,0,1
A8MTY0,0,0,0,1,0
Q03923,0,0,0,1,0
Q03936,0,0,0,1,0
Q86V71,0,0,0,1,0
P0DPD5,0,0,0,1,0
Q9Y2Q1,0,0,0,1,0
P04180,1,0,0,0,0
Q15768,0,1,0,0,0
A8K8V0,0,0,0,1,0
Q9Y6Q1,1,0,0,0,0
Q92932,1,1,0,0,0
Q8IWU5,1,0,0,0,0
Q6Q4G3,1,0,0,0,0
Q9Y3M9,0,0,0,1,0
Q8TCT8,1,0,0,0,0
Q8TE23,0,1,0,0,0
P15848,1,0,0,0,0
O94956,0,0,0,0,1
P02462,0,0,1,0,0
Q8NGA0,0,1,0,0,0
P25116,0,1,0,0,0
P49450,0,0,1,0,0
Q15822,0,1,0,0,1
Q13585,0,1,0,0,0
P21453,0,1,0,0,0
P32314,0,0,0,1,0
O00409,0,0,0,1,0
Q9NY26,0,0,0,0,1
O00408,1,0,0,0,0
Q93086,0,1,0,0,1
P16452,0,0,1,0,0
P0CG00,0,0,0,1,0
Q9HBW0,0,1,0,0,0
Q13702,0,0,1,0,0
P48547,0,0,0,0,1
Q8NH50,0,1,0,0,0
Q9Y2E5,1,0,0,0,0
A6NH57,1,0,0,0,0
Q8N2I2,0,0,0,1,0
P07550,0,1,0,0,0
Q6NVY1,1,0,0,0,0
P62191,1,0,0,0,0
P62683,0,0,1,0,0
P62685,0,0,1,0,0
P63126,0,0,1,0,0
P63128,1,0,1,0,0
Q7LDI9,0,0,1,0,0
P62684,0,0,1,0,0
P63145,0,0,1,0,0
P63130,0,0,1,0,0
P87889,0,0,1,0,0
Q9HDB9,0,0,1,0,0
Q8NGY1,0,1,0,0,0
Q6UXZ4,0,1,0,0,0
Q9HCN3,1,0,0,0,0
Q9ULZ3,0,1,0,0,0
Q14108,0,1,0,0,0
P08572,0,0,1,0,0
Q7L014,1,0,0,0,0
P50993,1,0,0,0,1
Q7RTS5,0,0,0,0,1
O75900,1,0,0,0,0
P37173,0,1,0,0,0
Q8NH89,0,1,0,0,0
Q6P988,1,0,0,0,0
Q9Y227,1,0,0,0,0
Q14814,0,0,0,1,0
Q02080,0,0,0,1,0
Q02078,0,0,0,1,0
Q06413,0,0,0,1,0
P22760,1,0,0,0,0
Q6IA69,1,0,0,0,0
Q9UFB7,0,0,0,1,0
P19835,1,0,0,0,0
Q8N2A8,1,0,0,0,0
Q15165,1,0,0,0,0
Q9HC73,0,1,0,0,0
P62277,0,0,1,0,0
P00742,1,0,0,0,0
O60259,1,0,0,0,0
Q92482,0,0,0,0,1
P42785,1,0,0,0,0
Q8NGG4,0,1,0,0,0
P27635,0,0,1,0,0
Q96L21,0,0,1,0,0
Q9H089,1,0,0,0,0
Q9NT22,0,0,1,0,0
P35556,0,0,1,0,0
O75783,1,0,0,0,0
O14668,1,0,0,0,0
Q12879,0,1,0,0,1
P62917,0,0,1,0,0
P08708,0,0,1,0,0
Q9NQQ7,0,0,0,0,1
Q04756,1,0,0,0,0
Q9UI38,1,0,0,0,0
Q8NHB1,0,1,0,0,0
P18054,1,0,0,0,0
Q6XR72,0,0,0,0,1
O00501,0,0,1,0,0
P57764,0,0,0,0,1
Q9UHL4,1,0,0,0,0
O95238,0,0,0,1,0
P51511,1,0,0,0,0
Q9Y5Y6,1,0,0,0,0
P19544,0,0,0,1,0
Q8N4P3,1,0,0,0,0
Q96KW2,0,0,1,0,0
Q8NGV0,0,1,0,0,0
Q6ZT89,0,0,0,0,1
Q13443,1,0,0,0,0
P19087,1,1,0,0,0
Q8WZ75,0,1,0,0,0
A8MTJ3,1,0,0,0,0
P32297,0,1,0,0,1
P13224,0,1,0,0,0
O76083,1,0,0,0,0
O14830,1,0,0,0,0
P13765,0,1,0,0,0
A6NF34,0,1,0,0,0
Q8N2R0,0,0,0,1,0
Q5H9U9,1,0,0,0,0
A2RU54,0,0,0,1,0
Q12965,1,0,0,0,0
P98073,1,0,0,0,0
Q8TAX0,0,0,0,1,0
Q9Y487,0,0,0,0,1
Q8N4G2,1,0,0,0,0
Q14416,0,1,0,0,0
P0DKX0,0,0,0,1,0
A8MXY4,0,0,0,1,0
O95136,0,1,0,0,0
Q13488,0,0,0,0,1
A0A3B3IT45,0,1,0,0,0
P00751,1,0,0,0,0
Q9UMX9,0,0,0,0,1
Q8N143,0,0,0,1,0
O15156,0,0,0,1,0
O14841,1,0,0,0,0
Q53RT3,1,0,0,0,0
Q96BF3,0,1,0,0,0
O43193,0,1,0,0,0
Q9NSU2,1,0,0,0,0
Q96AA3,0,0,0,0,1
Q96S21,1,0,0,0,0
Q99653,0,0,0,0,1
O14966,1,0,0,0,0
Q86SQ3,0,1,0,0,0
Q86VW1,0,0,0,0,1
P08648,0,1,0,0,0
Q96SL1,0,0,0,0,1
P54750,1,0,0,0,0
Q9UP65,1,0,0,0,0
Q8NFR9,0,1,0,0,0
Q7RTT9,0,0,0,0,1
Q969Q4,1,0,0,0,0
P63252,0,0,0,0,1
Q7RTP0,0,0,0,0,1
Q9ULB1,0,1,0,0,0
Q969S8,1,0,0,0,0
Q03431,0,1,0,0,0
O94919,1,0,0,0,0
O95976,0,1,0,0,0
P21452,0,1,0,0,0
Q13607,0,1,0,0,0
P46092,0,1,0,0,0
Q9NY99,0,0,1,0,0
Q96NJ6,0,0,0,1,0
Q8WZ94,0,1,0,0,0
O60423,1,0,0,0,1
Q6NXT4,0,0,0,0,1
Q5SXM1,0,0,0,1,0
Q96LB9,1,1,0,0,0
O95865,1,0,0,0,0
Q14653,0,0,0,1,0
Q8NCW0,0,1,0,0,0
Q9HCG7,1,0,0,0,0
P11169,0,0,0,0,1
P62491,1,0,0,0,0
Q15907,1,0,0,0,0
Q6PRD1,0,1,0,0,0
Q9HAQ2,1,0,0,0,0
P98155,0,1,0,0,0
P16234,0,1,0,0,0
Q9ULE6,1,0,0,0,0
O95243,1,0,0,0,0
Q8NBP7,1,0,0,0,0
Q99217,0,0,1,0,0
Q99218,0,0,1,0,0
A6NH11,0,0,0,0,1
Q07020,0,0,1,0,0
P36222,0,0,1,0,0
Q8NGM9,0,1,0,0,0
Q8IXM3,0,0,1,0,0
Q6ZRI0,1,0,1,0,0
P38567,1,0,0,0,0
Q86XX4,0,0,1,0,0
B4DX44,0,0,0,1,0
Q16526,0,1,0,0,0
Q17RS7,1,0,0,0,0
Q99487,1,0,0,0,0
Q9H0D6,1,0,0,0,0
Q8IZH2,1,0,0,0,0
Q8WWR8,1,0,0,0,0
Q9NZ20,1,0,0,0,0
P28715,1,0,0,0,0
Q9BVJ7,1,0,0,0,0
P10253,1,0,0,0,0
Q5JWF2,1,0,0,0,0
Q9Y2P5,0,0,0,0,1
Q8N945,0,0,0,0,1
Q14728,0,0,0,0,1
Q92824,1,0,0,0,0
P26718,0,1,0,0,0
P24394,0,1,0,0,0
Q96EG1,1,0,0,0,0
Q6P5S7,1,0,0,0,0
P98160,0,0,1,0,0
Q9BZ11,1,0,0,0,0
A8MTI9,1,0,0,0,0
A6NFA1,1,0,0,0,0
Q9Y3P4,1,0,0,0,0
Q33E94,0,0,0,1,0
Q9UMQ3,0,0,0,1,0
Q8N4M1,0,0,0,0,1
Q6ZN32,0,0,0,1,0
Q9UHP7,0,1,0,0,0
Q8NGC1,0,1,0,0,0
Q8WWG9,0,0,0,0,1
A4D1S5,1,0,0,0,0
O43435,0,0,0,1,0
P24928,1,0,0,0,0
P07510,0,1,0,0,1
Q70Z53,1,0,0,0,0
P48050,0,0,0,0,1
P51522,0,0,0,1,0
Q96L91,1,0,0,0,0
Q96RD6,0,0,1,0,1
P15884,0,0,0,1,0
Q9UKN5,0,0,0,1,0
O95347,1,0,0,0,0
Q2M1K9,0,0,0,1,0
Q6P1N0,0,0,0,1,0
Q8N1L9,0,0,0,1,0
Q04671,0,0,0,0,1
Q9Y2V3,0,0,0,1,0
Q17RW2,0,0,1,0,0
Q9HDB5,0,1,0,0,0
Q6ZS10,0,1,0,0,0
Q3LHN0,0,0,1,0,0
Q4KMG0,0,1,0,0,0
Q96D31,0,0,0,0,1
P45452,1,0,0,0,0
Q6ZNF0,1,0,0,0,0
Q9UHW9,0,0,0,0,1
P61565,0,0,1,0,0
O43316,0,0,0,1,0
P54707,1,0,0,0,1
Q76LX8,1,0,0,0,0
Q7Z5D8,0,0,0,1,0
O60939,0,0,0,0,1
Q9H0C2,0,0,0,0,1
Q6GMV3,1,0,0,0,0
Q01973,0,1,0,0,0
P04233,0,1,0,0,0
P03956,1,0,0,0,0
P06276,1,0,0,0,0
Q9BZE0,0,0,0,1,0
P0CH99,0,0,0,1,0
P0CI00,0,0,0,1,0
A8MUZ8,0,0,0,1,0
A8MWA4,0,0,0,1,0
Q6ZN79,0,0,0,1,0
Q9UKV0,1,0,0,0,0
Q92481,0,0,0,1,0
O15198,0,0,0,1,0
P00746,1,0,0,0,0
Q8IYK8,1,0,0,0,0
Q49A33,0,0,0,1,0
Q5FYB1,1,0,0,0,0
O14901,0,0,0,1,0
Q9H2S9,0,0,0,1,0
Q4ZJI4,0,0,0,0,1
Q969F8,0,1,0,0,0
P51168,0,0,0,0,1
P15428,0,1,0,0,0
Q12923,1,0,0,0,0
A6NMB9,1,0,0,0,0
P49184,1,0,0,0,0
Q02509,1,0,1,0,0
Q96BM9,1,0,0,0,0
Q9BYT8,1,0,0,0,0
P19013,0,0,1,0,0
O95298,0,0,0,0,1
Q9UNK9,1,0,0,0,0
P16581,0,1,0,0,0
Q8NGE5,0,1,0,0,0
P0DTE0,0,1,0,0,0
P48357,0,1,0,0,0
Q3SY17,0,0,0,0,1
Q16828,1,0,0,0,0
Q6DHV7,1,0,0,0,0
Q5SGD2,1,0,0,0,0
P47736,1,0,0,0,0
P40879,0,0,0,0,1
Q96NZ1,0,0,0,1,0
Q2M218,0,0,0,1,0
Q6ZN11,0,0,0,1,0
P03951,1,0,0,0,0
Q8NGQ1,0,1,0,0,0
Q9H8M5,0,0,0,0,1
Q3ZCT1,0,0,0,1,0
P13051,1,0,0,0,0
Q9UGJ1,0,0,1,0,0
Q8NGJ2,0,1,0,0,0
Q9BZ72,0,0,0,0,1
P98066,1,0,0,0,0
P34903,0,1,0,0,1
Q01344,0,1,0,0,0
Q8NG78,0,1,0,0,0
Q9UHC1,1,0,0,0,0
Q6ZUV0,1,0,0,0,0
Q96NJ3,0,0,0,1,0
Q9UBF2,0,0,1,0,0
Q6PF04,0,0,0,1,0
Q8N883,0,0,0,1,0
O00451,0,1,0,0,0
O14874,1,0,0,0,0
Q9NZC4,0,0,0,1,0
P03952,1,0,0,0,0
Q16832,0,1,0,0,0
P55157,0,0,0,0,1
O15144,0,0,1,0,0
O75123,0,0,0,1,0
P51512,1,0,0,0,0
P01906,0,1,0,0,0
P01909,0,1,0,0,0
P30556,0,1,0,0,0
Q12864,0,0,0,0,1
P18859,0,0,0,0,1
P15382,0,0,0,0,1
Q9BZV3,0,0,1,0,0
Q92670,0,0,0,1,0
P09017,0,0,0,1,0
Q9Y2L8,0,0,0,1,0
Q15391,0,1,0,0,0
Q9Y2W3,0,0,0,0,1
P04275,0,0,1,0,0
P30273,0,1,0,0,0
P52569,0,0,0,0,1
Q9NYV7,0,1,0,0,0
O00115,1,0,0,0,0
Q5T1Q4,0,0,0,0,1
A9YTQ3,0,1,0,1,0
Q8NHJ6,0,1,0,0,0
Q6NSJ5,0,0,0,0,1
O43462,1,0,0,0,0
Q8TDW0,0,0,0,0,1
Q8IWT6,0,0,0,0,1
Q9GZX5,0,0,0,1,0
Q14032,1,0,0,0,0
Q96DW6,0,0,0,0,1
Q8WXI4,1,0,0,0,0
Q8NGH5,0,1,0,0,0
P10619,1,0,0,0,0
Q7RTV3,0,0,0,1,0
Q5PT55,0,0,0,0,1
P02458,0,0,1,0,0
Q9NPB1,1,0,0,0,0
O60931,0,0,0,0,1
P83105,1,0,0,0,0
Q9H813,0,0,0,0,1
Q8N1Q8,1,0,0,0,0
P08217,1,0,0,0,0
P08218,1,0,0,0,0
P38646,1,0,0,0,0
Q5T5D7,0,0,0,1,0
Q9HBJ7,1,0,0,0,0
P05186,1,0,0,0,0
Q9UK13,0,0,0,1,0
O00189,0,0,0,0,1
Q6DKI1,0,0,1,0,0
Q5HY92,1,0,0,0,0
Q03721,0,0,0,0,1
Q6T4P5,1,0,0,0,0
Q96RW7,0,0,1,0,0
P59541,0,1,0,0,0
P59540,0,1,0,0,0
P59539,0,1,0,0,0
P59537,0,1,0,0,0
P59544,0,1,0,0,0
Q9NPH0,1,0,0,0,0
Q14330,0,1,0,0,0
P17032,0,0,0,1,0
Q9H7R0,0,0,0,1,0
Q6UXV0,0,1,0,0,0
Q8WXD0,0,1,0,0,0
Q8NGS6,0,1,0,0,0
Q02930,0,0,0,1,0
Q8N3J9,0,0,0,1,0
Q12873,1,0,0,0,0
Q6UWQ5,1,0,0,0,0
Q7Z4W2,1,0,0,0,0
P14921,0,0,0,1,0
P02647,0,0,0,0,1
O95948,0,0,0,1,0
P41162,0,0,0,1,0
Q8NG95,0,1,0,0,0
Q8NET8,0,0,0,0,1
Q8IV16,0,0,0,0,1
O00254,1,1,0,0,0
P61626,1,0,0,0,0
Q9HCM2,0,1,0,0,0
Q8NGU4,0,1,0,0,0
P08581,0,1,0,0,0
Q9NZN1,1,0,0,0,0
Q02543,0,0,1,0,0
Q96KX0,1,0,0,0,0
P07585,0,0,1,0,0
O60242,0,1,0,0,0
Q8TEA8,1,0,0,0,0
Q96QH8,1,0,0,0,0
Q8NFP7,1,0,0,0,0
Q96G61,1,0,0,0,0
Q8N4T0,1,0,0,0,0
Q99638,1,0,0,0,0
Q9NP73,1,0,0,0,0
Q5KU26,0,1,0,0,0
O15440,1,0,0,0,1
Q9C0D4,0,0,0,1,0
Q9H3W5,0,1,0,0,0
P20701,0,1,0,0,0
O75061,1,0,0,0,0
Q2TAC6,1,0,0,0,0
Q7Z4N2,0,0,0,0,1
Q9UNM6,0,0,1,0,0
Q9BWV3,1,0,0,0,0
Q9H0X9,0,0,0,0,1
Q8IZ20,0,0,0,1,0
Q8IZF6,0,1,0,0,0
Q14190,0,0,0,1,0
P81133,0,0,0,1,0
Q9NQZ8,0,0,0,1,0
P16471,0,1,0,0,0
Q96MT7,1,0,0,0,0
Q9BX84,0,0,0,0,1
Q92730,1,0,0,0,0
P61587,1,0,0,0,0
Q9H4L4,1,0,0,0,0
Q06265,1,0,0,0,0
P43115,0,1,0,0,0
Q9UBH6,0,0,0,0,1
P19961,1,0,0,0,0
P04746,1,0,0,0,0
Q9BZW2,0,0,0,0,1
Q8IYP2,1,0,0,0,0
P15336,0,0,0,1,0
Q9Y646,1,0,0,0,0
P39900,1,0,0,0,0
P48167,0,1,0,0,1
P02808,0,0,1,0,0
P61254,0,0,1,0,0
Q9UNX3,0,0,1,0,0
P15863,0,0,0,1,0
Q99102,0,0,1,0,0
P63215,1,0,0,0,0
Q3KR37,0,0,0,0,1
P16519,1,0,0,0,0
Q9BRQ5,0,0,0,0,1
P39877,1,0,0,0,0
P50052,0,1,0,0,0
P22415,0,0,0,1,0
Q8WY36,0,0,0,1,0
Q01718,0,1,0,0,0
P41247,1,0,0,0,0
Q96SQ7,0,0,0,1,0
Q9Y4A8,0,0,0,1,0
A0A096LPK9,0,1,0,0,0
Q8N0Y3,0,1,0,0,0
Q8TDX5,1,0,0,0,0
Q9Y265,1,0,0,0,0
Q05707,0,0,1,0,0
Q9Y2X9,0,0,0,1,0
Q13002,0,1,0,0,1
Q9NZW4,0,0,1,0,0
Q7Z3Q1,0,0,0,0,1
A8TX70,0,0,1,0,0
Q8TCD6,1,0,0,0,0
Q9H342,0,1,0,0,0
G3V0H7,0,0,0,0,1
Q96N28,0,0,0,0,1
Q9Y3B1,0,0,0,0,1
Q96QD8,0,0,0,0,1
Q8IXI2,1,0,0,0,0
Q9Y585,0,1,0,0,0
Q8NH05,0,1,0,0,0
P55064,0,0,0,0,1
Q9BZM2,1,0,0,0,0
O75354,1,0,0,0,0
A6NGU5,1,0,0,0,0
P19440,1,0,0,0,0
Q92876,1,0,0,0,0
Q99884,0,0,0,0,1
Q4KMQ2,0,0,0,0,1
Q96HI0,1,0,0,0,0
Q5SVQ8,0,0,0,1,0
Q07343,1,0,0,0,0
Q9UHD8,1,0,0,0,0
Q9P2F5,0,0,0,1,0
Q9UMZ3,1,0,0,0,0
Q8NER1,0,1,0,0,1
Q9Y272,1,0,0,0,0
Q9BX93,1,0,0,0,0
Q96IY4,1,0,0,0,0
Q9C009,0,0,0,1,0
P0DTE7,1,0,0,0,0
Q7L513,0,1,0,0,0
Q9UKQ9,1,0,0,0,0
O14656,1,0,0,0,0
O95838,0,1,0,0,0
P46926,1,0,0,0,0
Q9GZR7,1,0,0,0,0
Q9NQW1,0,0,1,0,0
O94979,0,0,1,0,0
P49641,1,0,0,0,0
P02652,0,0,0,0,1
O00154,1,0,0,0,0
P05156,1,0,0,0,0
Q15043,0,0,0,0,1
Q8NGC6,0,1,0,0,0
P22695,1,0,0,0,0
Q9Y6X5,1,0,0,0,0
P04054,1,0,0,0,0
P62753,0,0,1,0,0
P18074,1,0,0,0,0
P13727,0,0,1,0,0
P29400,0,0,1,0,0
P11021,1,0,0,0,0
Q16706,1,0,0,0,0
P02788,1,0,0,0,0
Q14703,1,0,0,0,0
Q8NGR1,0,1,0,0,0
Q5BKX6,0,0,0,0,1
Q96P20,1,0,0,0,0
Q8TD26,1,0,0,0,0
Q9HCZ1,0,0,0,1,0
Q9BQP7,1,0,0,0,0
Q8IZF3,0,1,0,0,0
Q9UKF5,1,0,0,0,0
Q14832,0,1,0,0,0
P38571,1,0,0,0,0
Q9Y6E7,1,0,0,0,0
Q9BSK1,0,0,0,1,0
A6NIJ9,0,1,0,0,0
Q9NZP2,0,1,0,0,0
P08922,0,1,0,0,0
A6NF89,0,1,0,0,0
Q8NGE2,0,1,0,0,0
P29973,0,0,0,0,1
Q16829,1,0,0,0,0
Q8NGE1,0,1,0,0,0
A6NM76,0,1,0,0,0
Q12913,1,0,0,0,0
Q13491,0,0,1,0,0
Q15303,0,1,0,0,0
Q86Z14,1,0,0,0,0
Q9HC16,1,0,0,0,0
Q8IUX4,1,0,0,0,0
Q8IV08,1,0,0,0,0
Q8IVL8,1,0,0,0,0
Q96RK0,0,0,0,1,0
O60906,1,0,0,0,0
P52888,1,0,0,0,0
Q9NP60,1,1,0,0,0
O75077,1,0,0,0,0
Q16667,1,0,0,0,0
Q13224,0,1,0,0,1
Q8TE57,1,0,0,0,0
O15381,1,0,0,0,0
A6NFU8,1,0,0,0,0
O14732,1,0,0,0,0
Q9UHC3,0,0,0,0,1
Q6UWM7,1,0,0,0,0
Q08AI6,0,0,0,0,1
Q5TEC3,0,0,0,1,0
Q8WZ79,1,0,0,0,0
P54277,1,0,0,0,0
O60315,0,0,0,1,0
P22888,0,1,0,0,0
Q9Y5Q5,1,0,0,0,0
Q03933,0,0,0,1,0
Q8NGW6,0,1,0,0,0
Q9Y5J3,0,0,0,1,0
Q9BZR6,0,1,0,0,0
Q8NGS1,0,1,0,0,0
Q03924,0,0,0,1,0
P52744,0,0,0,1,0
Q8NHC4,0,1,0,0,0
O60729,1,0,0,0,0
Q9H306,1,0,0,0,0
Q9HBW9,0,1,0,0,0
P25774,1,0,0,0,0
P02675,0,0,1,0,0
Q6ZVD8,1,0,0,0,0
Q9UBP5,0,0,0,1,0
Q9NQ87,0,0,0,1,0
P58181,0,1,0,0,0
O14649,0,0,0,0,1
Q9NPC2,0,0,0,0,1
O75762,0,1,0,0,1
P02774,0,0,0,0,1
Q6ZQN7,0,0,0,0,1
Q02241,1,0,0,0,0
Q8N100,0,0,0,1,0
Q5JQS5,0,1,0,0,0
Q9Y6W8,0,1,0,0,0
Q9BXI2,0,0,0,0,1
P08069,0,1,0,0,1
P21554,0,1,0,0,0
P08493,0,0,1,0,0
P08254,1,0,0,0,0
Q9Y619,0,0,0,0,1
Q9UPY3,1,0,0,0,0
Q13258,0,1,0,0,0
Q9NZK7,1,0,0,0,0
Q8NCI6,1,0,0,0,0
Q8IZF2,0,1,0,0,0
Q6ECI4,0,0,0,1,0
Q92851,1,0,0,0,0
Q63HR2,1,0,0,0,0
Q9NQ30,0,0,1,0,0
O76100,0,1,0,0,0
P20849,0,0,1,0,0
Q9GZN6,0,0,0,0,1
Q8NH92,0,1,0,0,0
P32969,0,0,1,0,0
P35790,1,0,0,0,0
P47869,0,1,0,0,1
Q7RTS1,0,0,0,1,0
Q8NGQ3,0,1,0,0,0
P25092,0,1,0,0,0
P14555,1,0,0,0,0
P14091,1,0,0,0,0
Q7Z6A9,0,1,0,0,0
P50548,0,0,0,1,0
P27487,1,0,0,0,0
Q7Z5M5,0,0,0,0,1
Q08050,0,0,0,1,0
Q12884,1,0,0,0,0
P59047,0,0,1,0,0
P98194,1,0,0,0,1
P83731,0,0,1,0,0
Q5T601,0,1,0,0,0
Q9ULF5,0,0,0,0,1
Q5R387,1,0,0,0,0
Q9BY07,0,0,0,0,1
Q6PII5,1,0,0,0,0
Q6UWJ1,0,0,0,0,1
P14778,1,1,0,0,0
O60882,1,0,0,0,0
Q2M3T9,1,0,0,0,0
P02649,0,0,1,0,1
P13501,1,0,0,0,0
Q9H756,0,1,0,0,0
Q9NW15,0,0,0,0,1
Q16690,1,0,0,0,0
A1A4F0,0,0,0,0,1
Q15198,0,1,0,0,0
Q2L4Q9,1,0,0,0,0
P20963,0,1,0,0,0
Q9Y6N7,0,1,0,0,0
P0DJD9,1,0,0,0,0
P0DJD7,1,0,0,0,0
P0DJD8,1,0,0,0,0
P20142,1,0,0,0,0
P02753,0,0,0,0,1
P17812,1,0,0,0,0
Q8IWU6,1,0,0,0,0
Q8TDV0,0,1,0,0,0
Q9H3K2,0,0,0,0,1
Q14722,0,0,0,0,1
Q8N119,1,0,0,0,0
Q8IXZ3,0,0,0,1,0
P11597,0,0,0,0,1
Q96GQ7,1,0,0,0,0
Q6ZVW7,0,1,0,0,0
Q01892,0,0,0,1,0
Q9NVJ2,1,0,0,0,0
P15086,1,0,0,0,0
Q9H0E7,1,0,0,0,0
Q9BPU6,1,0,0,0,0
Q9H1C0,0,1,0,0,0
Q15842,0,0,0,0,1
Q8NGG8,0,1,0,0,0
Q96RD0,0,1,0,0,0
O15259,0,0,1,0,0
Q01118,0,1,0,0,1
Q9HBT7,0,0,0,1,0
P14543,0,0,1,0,0
P49821,0,0,0,0,1
P13073,0,0,0,0,1
P78426,0,0,0,1,0
P08887,0,1,0,0,0
P24046,0,1,0,0,1
Q0VAA5,1,0,0,0,0
Q9UD57,0,0,0,1,0
Q5TF39,0,0,0,0,1
Q8N9Z0,0,0,0,1,0
Q8WV37,0,0,0,1,0
Q8N3E9,1,0,0,0,0
Q6KCM7,0,0,0,0,1
O95256,1,1,0,0,0
Q8TD46,0,1,0,0,0
Q96S66,0,0,0,0,1
P39880,0,0,0,1,0
Q99797,1,0,0,0,0
P08240,1,0,0,0,0
Q8TE12,0,0,0,1,0
O94850,0,0,0,1,0
O75626,0,0,0,1,0
P55316,0,0,0,1,0
P57073,0,0,0,1,0
Q9UNI6,1,0,0,0,0
Q6PJP8,1,0,0,0,0
Q9ULC3,1,0,0,0,0
Q15937,0,0,0,1,0
Q8N8Y2,0,0,0,0,1
Q7RTM1,0,0,0,0,1
Q8NH81,0,1,0,0,0
Q92887,1,0,0,0,1
Q6ZS27,0,0,0,1,0
P17027,0,0,0,1,0
Q14584,0,0,0,1,0
Q5EBM4,0,0,0,1,0
Q8N7Q3,0,0,0,1,0
Q9P255,0,0,0,1,0
B1APH4,0,0,0,1,0
Q86XF7,0,0,0,1,0
Q9HC78,0,0,0,1,0
Q6ZRF7,0,0,0,1,0
Q9NYW7,0,1,0,0,0
Q8N127,0,1,0,0,0
Q5VYY2,1,0,0,0,0
P31249,0,0,0,1,0
P50458,0,0,0,1,0
Q9BQI9,1,0,0,0,0
Q8TE99,1,0,0,0,0
O15516,0,0,0,1,0
Q9NZI6,0,0,0,1,0
P20674,0,0,0,0,1
Q7Z4S6,1,0,0,0,0
Q9Y261,0,0,0,1,0
Q96SZ4,0,0,0,1,0
Q86X76,1,0,0,0,0
Q13398,0,0,0,1,0
P06576,0,0,0,0,1
P28356,0,0,0,1,0
Q9Y3B8,1,0,0,0,0
Q9BXA5,0,1,0,0,0
Q99895,1,0,0,0,0
Q17RR3,1,0,0,0,0
P25445,0,1,0,0,0
Q9UMR5,1,0,0,0,0
Q9H343,0,1,0,0,0
O60403,0,1,0,0,0
P05107,0,1,0,0,0
Q9NQX1,0,0,0,1,0
P01303,0,1,0,0,0
Q8NGU1,0,1,0,0,0
Q7RTX0,0,1,0,0,0
Q8NGK6,0,1,0,0,0
P05187,1,0,0,0,0
Q9BZW8,0,1,0,0,0
P59534,0,1,0,0,0
Q8NGE7,0,1,0,0,0
Q16671,0,1,0,0,0
Q9H078,1,0,0,0,0
P55318,0,0,0,1,0
P25067,0,0,1,0,0
P55317,0,0,0,1,0
H3BV60,0,1,0,0,0
P07204,0,1,0,0,0
Q14028,0,0,0,0,1
Q96N58,0,0,0,1,0
P51690,1,0,0,0,0
Q12769,0,0,1,0,0
P0CG23,0,0,0,1,0
Q7L985,0,1,0,0,0
Q8NH55,0,1,0,0,0
Q96DB2,1,0,0,0,0
P54315,1,0,0,0,0
O00562,0,0,0,0,1
Q14031,0,0,1,0,0
Q7RTZ1,1,0,0,0,0
Q8WTU0,1,0,0,0,0
Q9H7X7,1,0,0,0,0
Q12805,0,1,1,0,0
Q6NSZ9,0,0,0,1,0
Q9Y678,0,0,1,0,0
P03905,0,0,0,0,1
Q7Z5H4,0,1,0,0,0
Q9NQV5,0,0,0,1,0
P0DPQ6,0,0,0,1,0
P40306,1,0,0,0,0
Q96BZ4,1,0,0,0,0
P31785,0,1,0,0,0
Q8TDN2,0,0,0,0,1
O15374,0,0,0,0,1
Q8IZF0,0,0,0,0,1
Q9Y2L1,1,0,0,0,0
A2PYH4,1,0,0,0,0
P52747,0,0,0,1,0
P23975,0,0,0,0,1
P49675,0,0,0,0,1
P0CW18,1,0,0,0,0
Q96FE7,1,0,0,0,0
P30954,0,1,0,0,0
A5YM72,1,0,0,0,0
Q7RTX1,0,1,0,0,0
O95409,0,0,0,1,0
Q15915,0,0,0,1,0
O95971,0,1,0,0,0
Q9UBR4,0,0,0,1,0
P29275,0,1,0,0,0
Q6W3E5,1,0,0,0,0
Q6UWB4,1,0,0,0,0
P01833,0,1,0,0,0
Q6P1M0,0,0,0,0,1
Q9UNA0,1,0,0,0,0
Q9UKF7,0,0,0,0,1
P17050,1,0,0,0,0
Q9BZJ3,1,0,0,0,0
Q15465,1,0,0,0,0
Q8IU80,1,0,0,0,0
Q8TE58,1,0,0,0,0
Q92496,0,0,0,0,1
Q9UBS5,0,1,0,0,0
A0A1B0GTW7,1,0,0,0,0
Q9NYZ4,0,1,0,0,0
Q9Y286,0,1,0,0,0
Q8IZ26,0,0,0,1,0
P23946,1,0,0,0,0
Q9UK33,0,0,0,1,0
P40313,1,0,0,0,0
P15509,0,1,0,0,0
Q6UWY0,1,0,0,0,0
Q14943,0,1,0,0,0
A2VEC9,0,0,1,0,0
Q9Y3D8,1,0,0,0,0
Q8IU68,0,0,0,0,1
O00238,0,1,0,0,0
Q9Y251,1,0,0,0,0
Q9P2P1,1,0,0,0,0
Q13018,0,1,0,0,0
A6NCS4,0,0,0,1,0
P48551,0,1,0,0,0
Q9Y2P4,0,0,0,0,1
Q8NGL1,0,1,0,0,0
Q5TDH0,1,0,0,0,0
Q96PJ5,0,1,0,0,0
Q96P31,0,1,0,0,0
Q96LA5,0,1,0,0,0
Q6DN72,0,1,0,0,0
Q96RD9,0,1,0,0,0
P46098,0,1,0,0,1
Q8TE76,1,0,0,0,0
P30518,0,1,0,0,0
P57682,0,0,0,1,0
Q9GZK6,0,1,0,0,0
Q96KK3,0,0,0,0,1
Q8NGU2,0,1,0,0,0
Q9NQ39,0,0,1,0,0
P46783,0,0,1,0,0
Q9NR34,1,0,0,0,0
Q13118,0,0,0,1,0
Q8NGP4,0,1,0,0,0
Q9NTI2,1,0,0,0,1
Q15661,1,0,0,0,0
P20231,1,0,0,0,0
Q8TBZ5,0,0,0,1,0
Q5JR12,1,0,0,0,0
P0DN82,0,1,0,0,0
P58182,0,1,0,0,0
P52815,0,0,1,0,0
P30049,0,0,1,0,1
Q9UP79,1,0,0,0,1
Q9BRT8,1,0,0,0,0
Q8IUF1,1,0,0,0,0
Q5JTY5,1,0,0,0,0
Q4V339,1,0,0,0,0
Q5RIA9,1,0,0,0,0
O95967,0,0,1,0,0
Q13651,0,1,0,0,0
Q8WV74,1,0,0,0,0
Q05901,0,1,0,0,1
O15552,0,1,0,0,0
Q9Y6Y9,0,1,0,0,0
Q5T3F8,0,1,0,0,1
P22792,0,1,0,0,0
Q9H2U9,1,0,0,0,0
Q6PML9,0,0,0,0,1
Q86UN3,0,1,0,0,0
Q8TBC5,0,0,0,1,0
Q8NEW0,0,0,0,0,1
P16233,1,0,0,0,0
Q6X4U4,0,1,0,0,0
P21918,0,1,0,0,0
Q9GZU2,0,0,0,1,0
Q6UW15,0,1,0,0,0
Q06141,0,1,0,0,0
Q9BSK0,0,0,1,0,0
P54317,1,0,0,0,0
Q03692,0,0,1,0,0
Q96LA6,0,1,0,0,0
Q8NBB4,0,0,0,1,0
Q9NQZ5,0,0,0,0,1
O95069,0,0,0,0,1
Q6ZNG2,0,0,0,1,0
Q8NGK4,0,1,0,0,0
P11831,0,0,0,1,0
O15439,1,0,0,0,1
Q96LB8,1,1,0,0,0
P17947,0,0,0,1,0
Q400G9,1,0,0,0,0
P57082,0,0,0,1,0
Q9NRS4,1,0,0,0,0
Q9BYD3,0,0,1,0,0
Q8N1S5,0,0,0,0,1
Q9UKQ2,1,0,0,0,0
Q14209,0,0,0,1,0
P12110,0,0,1,0,0
O76075,1,0,0,0,0
Q8TF46,1,0,0,0,0
Q587J7,1,0,0,0,0
P52849,1,0,0,0,0
Q02223,0,1,0,0,0
Q6NSJ0,1,0,0,0,0
A6NGY5,0,1,0,0,0
Q9UJL9,0,0,0,1,0
Q96H55,1,0,0,0,0
P41252,1,0,0,0,0
O00180,0,0,0,0,1
Q6ZSS3,0,0,0,1,0
P05091,1,0,0,0,0
Q8IX05,0,1,0,0,0
Q14940,0,0,0,0,1
P28065,1,0,0,0,0
O14657,1,0,0,0,0
P22033,1,0,0,0,0
Q9UNW1,1,0,0,0,0
Q8IX06,1,0,0,0,0
A6NHJ4,0,0,0,1,0
Q8N823,0,0,0,1,0
Q0VGE8,0,0,0,1,0
Q9H5J0,0,0,0,1,0
Q9Y2J8,1,0,0,0,0
Q9H329,0,0,1,0,0
Q8WWY8,1,0,0,0,0
Q7RTU4,0,0,0,1,0
P04629,0,1,0,0,0
O15204,1,0,0,0,0
P02751,0,0,1,0,0
Q9H497,1,0,0,0,0
Q96LU5,1,0,0,0,0
Q6NVV1,0,0,1,0,0
P28331,0,0,0,0,1
Q86UN2,0,1,0,0,0
Q8NDG6,1,0,0,0,0
Q9NYW5,0,1,0,0,0
Q5R3F8,0,1,0,0,0
Q9BSE5,1,0,0,0,0
P10747,0,1,0,0,0
P10809,1,0,0,0,0
P27930,0,1,0,0,0
Q8NGE0,0,1,0,0,0
O14718,0,1,0,0,0
Q9HCX4,0,0,0,0,1
O00483,0,0,0,0,1
Q6PDB4,0,0,0,1,0
O43847,1,0,0,0,0
Q5T1C6,1,0,0,0,0
Q01201,0,0,0,1,0
Q8N1G1,1,0,0,0,0
P54219,0,0,0,0,1
P82914,0,0,1,0,0
Q99801,0,1,0,1,0
Q9NYW0,0,1,0,0,0
Q9UBZ4,1,0,0,0,0
Q6NUK1,0,0,0,0,1
Q8NFV4,1,0,0,0,0
O43488,1,0,0,0,0
Q9NYW4,0,1,0,0,0
O14975,0,0,0,0,1
Q96AP4,1,0,0,0,0
Q86VK4,0,0,0,1,0
P08123,0,0,1,0,0
Q9H611,1,0,0,0,0
Q5XKR4,0,0,0,1,0
P23467,1,1,0,0,0
Q15940,0,0,0,1,0
P78334,0,1,0,0,1
Q9BXT6,1,0,0,0,0
P67812,1,0,0,0,0
Q14494,0,0,0,1,0
Q6TCH4,0,1,0,0,0
Q9NXK6,0,1,0,0,0
P48147,1,0,0,0,0
Q8N7U7,0,0,0,1,0
Q8NDP4,0,0,0,1,0
Q6IEU7,0,1,0,0,0
Q6DD88,1,0,0,0,0
Q8TAW3,0,0,0,1,0
Q14654,0,0,0,0,1
P24539,0,0,0,0,1
Q96SE0,1,0,0,0,0
Q15669,1,0,0,0,0
A0A1W2PR75,1,0,0,0,0
A0A1W2PQJ5,1,0,0,0,0
Q70CQ3,1,0,0,0,0
A0A1W2PQD8,1,0,0,0,0
A0A1W2PQC6,1,0,0,0,0
A0A1W2PQ27,1,0,0,0,0
A0A1W2PQ64,1,0,0,0,0
Q14003,0,0,0,0,1
O95264,0,1,0,0,1
Q86SG7,1,0,0,0,0
P41597,0,1,0,0,0
P47985,0,0,0,0,1
P25705,1,0,0,0,1
O15061,0,0,1,0,0
Q06495,0,0,0,0,1
Q3SY56,0,0,0,1,0
P35711,0,0,0,1,0
Q8NGK5,0,1,0,0,0
P49810,1,0,0,0,0
Q96I13,1,0,0,0,0
P53621,0,0,1,0,0
Q8NGI2,0,1,0,0,0
Q96NK8,0,0,0,1,0
P40189,0,1,0,0,0
P59533,0,1,0,0,0
Q969S9,1,0,0,0,0
Q07954,0,1,0,0,0
Q15784,0,0,0,1,0
Q9ULR3,1,0,0,0,0
Q15825,0,1,0,0,1
Q9UNN8,0,1,0,0,0
Q9NZK5,1,0,0,0,0
Q9NUT2,1,0,0,0,1
Q6VUC0,0,0,0,1,0
Q9P246,0,0,0,0,1
Q9GZU5,0,1,0,0,0
Q9P0T4,0,0,0,1,0
Q9NRM1,0,0,1,0,0
Q9UNI1,1,0,0,0,0
Q6N075,0,0,0,0,1
Q68DD2,1,0,0,0,0
Q8N8U9,0,0,1,0,0
Q92754,0,0,0,1,0
P05549,0,0,0,1,0
P11532,0,0,1,0,0
Q9UMQ6,1,0,0,0,0
Q7Z7L9,0,0,0,1,0
P20936,1,0,0,0,0
P48995,0,0,0,0,1
Q9NX65,0,0,0,1,0
Q13636,1,0,0,0,0
Q13017,1,0,0,0,0
Q8IWY8,0,0,0,1,0
Q401N2,0,1,0,0,1
Q15319,0,0,0,1,0
P05997,0,0,1,0,0
Q9NYQ7,0,1,0,0,0
Q8NGL4,0,1,0,0,0
P58012,0,0,0,1,0
P55347,0,0,0,1,0
Q86XI6,1,0,0,0,0
O43186,0,0,0,1,0
O75334,0,0,1,0,0
P59542,0,1,0,0,0
Q8IVW8,0,0,0,0,1
Q9BXP8,1,0,0,0,0
A6NJT0,0,0,0,1,0
P42702,0,1,0,0,0
Q8IU99,0,0,0,0,1
Q16236,0,0,0,1,0
Q8NGT5,0,1,0,0,0
Q9NQ33,0,0,0,1,0
Q9H1U9,0,0,0,0,1
O94886,0,1,0,0,1
Q5W0Q7,1,0,0,0,0
P34969,0,1,0,0,0
Q63HM1,1,0,0,0,0
Q8N628,0,1,0,0,0
Q13203,0,0,1,0,0
Q86SM8,0,1,0,0,0
Q03828,0,0,0,1,0
Q15477,1,0,0,0,0
A6NMT0,0,0,0,1,0
P17024,0,0,0,1,0
Q8N7K0,0,0,0,1,0
Q86SQ4,1,1,0,0,0
P01100,0,0,0,1,0
Q9BTV6,1,0,0,0,0
P49368,1,0,0,0,0
Q9UGH3,0,0,0,0,1
Q9NYW6,0,1,0,0,0
P30953,0,1,0,0,0
P47887,0,1,0,0,0
Q8N146,0,1,0,0,0
Q8N162,0,1,0,0,0
Q96ER9,0,0,0,0,1
Q6ZMH5,0,0,0,0,1
Q9H4Q4,0,0,0,1,0
Q9H2H9,0,0,0,0,1
P09238,1,0,0,0,0
P78357,0,1,0,0,0
O76002,0,1,0,0,0
Q9NZJ9,1,0,0,0,0
A0A024RBG1,1,0,0,0,0
Q15334,0,0,1,0,0
Q8WZA6,0,1,0,0,0
O95989,1,0,0,0,0
Q96RE9,0,0,0,1,0
Q96D21,1,0,0,0,0
Q9BVA6,1,0,0,0,0
P51398,1,0,1,0,0
Q02575,0,0,0,1,0
Q8TAU0,0,0,0,1,0
Q6P1L6,0,0,0,1,0
P18847,0,0,0,1,0
P09093,1,0,0,0,0
P08861,1,0,0,0,0
Q02577,0,0,0,1,0
Q9NRY4,1,0,0,0,0
P23409,0,0,0,1,0
Q01668,0,0,0,0,1
Q12837,0,0,0,1,0
Q8NGL3,0,1,0,0,0
Q08043,0,0,1,0,0
Q01484,0,0,1,0,0
O60494,0,1,0,0,0
P22105,0,0,1,0,0
Q96RJ0,0,1,0,0,0
Q99766,0,0,0,0,1
Q8NDA2,0,1,0,0,0
Q5T0F9,0,0,0,1,0
Q8WYK2,0,0,0,1,0
Q969J5,0,1,0,0,0
Q99832,1,0,0,0,0
Q15672,0,0,0,1,0
Q6EIG7,0,1,0,0,0
O15409,0,0,0,1,0
Q9H334,0,0,0,1,0
Q9NRR4,1,0,0,0,0
Q969G2,0,0,0,1,0
O95631,0,0,0,1,0
P10745,1,0,0,0,0
O94925,1,0,0,0,0
O14647,1,0,0,0,0
Q9BTP6,0,0,0,1,0
O95476,1,0,0,0,0
O00206,0,1,0,0,0
Q9H4L5,0,0,0,0,1
Q9Y2M0,1,0,0,0,0
P12036,0,0,1,0,0
P59543,0,1,0,0,0
P02461,0,0,1,0,0
Q9NSD4,0,0,0,1,0
Q01851,0,0,0,1,0
P32243,0,0,0,1,0
P32242,0,0,0,1,0
P17029,0,0,0,1,0
P11161,0,0,0,1,0
Q9Y5A6,0,0,0,1,0
Q8TCB6,0,1,0,0,0
Q8IVH2,0,0,0,1,0
Q9H2C1,0,0,0,1,0
Q8NEA6,0,0,0,1,0
P17181,0,1,0,0,0
Q9H209,0,1,0,0,0
P46089,0,1,0,0,0
Q5VXI9,1,0,0,0,0
Q9BXT2,0,0,0,0,1
Q8NI17,0,1,0,0,0
P03923,0,0,0,0,1
Q6ZWK6,1,0,0,0,0
Q9UL52,1,0,0,0,0
Q6ZMR5,1,0,0,0,0
O00712,0,0,0,1,0
Q9H161,0,0,0,1,0
Q86W56,1,0,0,0,0
P08910,1,1,0,1,0
Q13469,0,0,0,1,0
Q9UBC0,0,0,0,1,0
P46095,0,1,0,0,0
P41968,0,1,0,0,0
P48048,0,0,0,0,1
O95977,0,1,0,0,0
Q9P0L9,0,1,0,0,1
P56373,0,1,0,0,1
Q9H4E5,1,0,0,0,0
Q99542,1,0,0,0,0
Q13478,1,1,0,0,0
Q9UJ90,0,0,0,0,1
O76001,0,1,0,0,0
Q9NZA1,0,0,0,0,1
P31277,0,0,0,1,0
P15036,0,0,0,1,0
Q0ZGT2,0,0,1,0,0
Q12908,0,0,0,0,1
Q8NCS7,0,0,0,0,1
P62847,0,0,1,0,0
O75161,0,0,1,0,0
Q9UBY5,0,1,0,0,0
Q6ZR52,0,0,0,1,0
P47775,0,1,0,0,0
P00846,0,0,0,0,1
Q8NHC8,0,1,0,0,0
Q96P68,0,1,0,0,0
Q86V24,0,1,0,0,0
P56180,1,0,0,0,1
Q6XPS3,1,0,0,0,1
Q9Y2T5,0,1,0,0,0
Q8NH41,0,1,0,0,0
Q9UID6,0,0,0,1,0
Q07075,1,0,0,0,0
P03897,0,0,0,0,1
P14652,0,0,0,1,0
Q504Q3,1,0,0,0,0
Q9H3D4,0,0,0,1,0
Q96P47,1,0,0,0,0
P59551,0,1,0,0,0
Q9H1P3,0,0,0,0,1
P52945,0,0,0,1,0
Q9UJA3,1,0,0,0,0
Q9NRA0,0,1,0,0,0
O14646,1,0,0,0,0
Q96GS6,1,0,0,0,0
Q8NGB8,0,1,0,0,0
P08100,0,1,0,0,0
Q9NNX1,0,0,1,0,0
Q9HC97,0,1,0,0,0
Q9H816,1,0,0,0,0
Q8NGA4,0,1,0,0,0
O75388,0,1,0,0,0
Q9NQL9,0,0,0,1,0
Q6NYC1,0,1,0,0,0
Q8NGI3,0,1,0,0,0
Q93009,1,0,0,0,0
A0A2R8Y4L6,0,1,0,0,0
Q9Y5B8,1,0,0,0,0
Q13835,0,0,1,0,0
Q8NGZ3,0,1,0,0,0
Q9NZP0,0,1,0,0,0
Q8NGG5,0,1,0,0,0
Q9UQR1,0,0,0,1,0
P55061,0,0,0,0,1
Q9Y4X4,0,0,0,1,0
Q9BZG1,1,0,0,0,0
Q8NG84,0,1,0,0,0
Q99708,1,0,0,0,0
Q5W064,1,0,0,0,0
Q8IYM2,1,0,0,0,0
P28566,0,1,0,0,0
Q3ZCN5,1,0,1,0,0
A6NET4,0,1,0,0,0
P17030,0,0,0,1,0
Q92560,1,0,0,0,0
Q8WWZ4,1,0,0,0,1
P26717,0,1,0,0,0
O43908,0,1,0,0,0
P17014,0,0,0,1,0
Q8NDW4,0,0,0,1,0
Q6P2D0,0,0,0,1,0
Q06730,0,0,0,1,0
P0C7V7,1,0,0,0,0
Q9BW62,1,0,0,0,0
A0A1W2PPM1,0,0,0,1,0
Q8NGH6,0,1,0,0,0
Q15306,0,0,0,1,0
A0A1W2PPF3,0,0,0,1,0
P18545,1,0,0,0,0
Q9H4L7,1,0,0,0,0
Q9H3R1,1,0,0,0,0
P48436,0,0,0,1,0
P07478,1,0,0,0,0
P17980,1,0,0,0,0
O75417,1,0,0,0,0
Q3C1V8,0,0,0,1,0
Q12950,0,0,0,1,0
Q3SYB3,0,0,0,1,0
Q6VB84,0,0,0,1,0
Q5VV16,0,0,0,1,0
Q8WXT5,0,0,0,1,0
Q9NU39,0,0,0,1,0
P05556,0,1,0,0,0
Q7Z353,0,0,0,1,0
O60911,1,0,0,0,0
O43361,0,0,0,1,0
P17021,0,0,0,1,0
Q8NEK5,0,0,0,1,0
Q96PB8,0,1,0,0,0
O96004,0,0,0,1,0
Q8N139,1,0,0,0,1
Q2M385,0,0,0,0,1
O00300,0,1,0,0,0
Q5VST6,1,0,0,0,0
Q7RTU5,0,0,0,1,0
Q96P67,0,1,0,0,0
P14859,0,0,0,1,0
Q86UZ6,0,0,0,1,0
Q96PE6,0,0,0,1,0
Q8NGC8,0,1,0,0,0
P08172,0,1,0,0,0
A6NMZ5,0,1,0,0,0
Q8NGN0,0,1,0,0,0
P35368,0,1,0,0,0
Q08AM6,0,1,0,0,0
Q8NGN1,0,1,0,0,0
Q9H0U4,1,0,0,0,0
Q969V1,0,1,0,0,0
Q16348,0,0,0,0,1
Q92928,1,0,0,0,0
Q7L266,1,0,0,0,0
P03891,0,0,0,0,1
Q8NHM4,1,0,0,0,0
P07477,1,0,0,0,0
Q14847,0,0,0,0,1
Q9UHM6,0,1,0,0,0
Q96AK3,1,0,0,0,0
Q9UH17,1,0,0,0,0
Q9NRW3,1,0,0,0,0
Q99081,0,0,0,1,0
Q96AH8,1,0,0,0,0
P55265,1,0,0,0,0
Q9UKH3,0,0,1,0,0
P61570,0,0,1,0,0
Q902F9,0,0,1,0,0
O71037,0,0,1,0,0
Q69384,0,0,1,0,0
Q902F8,0,0,1,0,0
P51679,0,1,0,0,0
P07711,1,0,0,0,0
P35609,0,0,1,0,0
P46199,1,0,0,0,0
Q13029,0,0,0,1,0
P15923,0,0,0,1,0
Q13568,0,0,0,1,0
Q8N608,1,0,0,0,0
Q8TDS7,0,1,0,0,0
Q5VWK5,0,1,0,0,0
Q96A29,0,0,0,0,1
P09543,1,0,0,0,0
P01730,0,1,1,0,0
P49019,0,1,0,0,0
Q8TDS4,0,1,0,0,0
Q12974,1,0,0,0,0
P23416,0,1,0,0,1
Q01546,0,0,1,0,0
Q9NXL9,1,0,0,0,0
Q7RTU3,0,0,0,1,0
Q8NGR4,0,1,0,0,0
Q9Y5X5,0,1,0,0,0
Q9C075,0,0,1,0,0
Q6XYB7,0,0,0,1,0
P23508,0,1,0,0,0
Q92952,0,0,0,0,1
O60437,0,0,1,0,0
Q8WZ92,0,1,0,0,0
Q6SJ93,1,0,0,0,0
Q9UBP0,1,0,0,0,0
Q9UQL6,1,0,0,1,0
P35321,0,0,1,0,0
P33032,0,1,0,0,0
Q9ULY5,0,1,0,0,0
Q53GI3,0,0,0,1,0
Q96CX3,0,0,0,1,0
P35869,0,1,0,1,0
Q8IYL9,0,1,0,0,0
O95800,0,1,0,0,0
Q99679,0,1,0,0,0
P25929,0,1,0,0,0
Q86TL0,1,0,0,0,0
Q8NDV2,0,1,0,0,0
P09630,0,0,0,1,0
Q68CJ9,0,0,0,1,0
Q9BXW6,0,0,0,0,1
Q8IYA7,0,0,0,1,0
Q9NYW8,0,0,0,1,0
Q13401,1,0,0,0,0
O15535,0,0,0,1,0
P11229,1,1,0,0,0
Q96PH1,0,0,0,0,1
P50391,0,1,0,0,0
P0DQD5,0,1,0,0,0
Q14541,0,1,0,1,0
Q8NGJ3,0,1,0,0,0
Q15722,0,1,0,0,0
P0DPD6,1,0,0,0,0
P52743,0,0,0,1,0
Q9BX82,0,0,0,1,0
Q96N38,0,0,0,1,0
Q6PIL6,0,0,0,0,1
O43603,0,1,0,0,0
Q15797,0,0,0,1,0
Q9NTQ9,0,0,0,0,1
O76000,0,1,0,0,0
Q86XP3,1,0,0,0,0
Q9UGM1,0,1,0,0,1
O95377,0,0,0,0,1
P08034,0,0,0,0,1
P58173,0,1,0,0,0
Q9GZK3,0,1,0,0,0
O43364,0,0,0,1,0
P54829,1,0,0,0,0
Q8NEL9,1,0,0,0,0
P32302,0,1,0,0,0
Q9UPQ3,1,0,0,0,0
O00591,0,1,0,0,1
O75443,0,0,1,0,0
Q8NE79,0,0,1,0,0
Q9BQK8,1,0,0,0,0
Q14693,1,0,0,0,0
Q92539,1,0,0,0,0
O75603,0,0,0,1,0
Q6NVH7,1,0,0,0,0
Q2Y0W8,0,0,0,0,1
Q9UFF9,1,0,0,0,0
Q9UIV1,1,0,0,0,0
Q99572,0,1,0,0,1
Q14469,0,0,0,1,0
Q9Y473,0,0,0,1,0
Q16478,0,1,0,0,1
Q9NRZ9,1,0,0,0,0
Q96PT4,0,0,0,1,0
Q96PT3,0,0,0,1,0
Q9NY72,0,0,0,0,1
Q14721,0,0,0,0,1
O75462,0,1,0,0,0
Q3LI83,0,0,1,0,0
Q08629,0,0,1,0,0
Q8IVL1,1,0,0,0,0
P52848,1,0,0,0,0
P36888,0,1,0,0,0
O43157,0,1,0,0,0
P61952,1,0,0,0,0
Q04721,0,1,0,0,0
Q9ULD8,0,0,0,0,1
P51508,0,0,0,1,0
Q6W5P4,0,1,0,0,0
Q9BXC1,0,1,0,0,0
P53007,0,0,0,0,1
Q8IY34,0,0,0,0,1
Q9P0J1,1,0,0,0,0
Q7Z340,0,0,0,1,0
O15527,1,0,0,0,0
Q92886,0,0,0,1,0
O75460,1,0,0,0,0
Q9UEF7,1,0,0,0,0
P56915,0,0,0,1,0
Q8NBV4,1,0,0,0,0
P40818,1,0,0,0,0
Q86YG4,1,0,0,0,0
Q14152,0,0,1,0,0
O15145,0,0,1,0,0
P58397,1,0,0,0,0
Q9UC07,0,0,0,1,0
Q9H0M5,0,0,0,1,0
P22736,0,1,0,1,0
Q9NVA4,0,0,0,0,1
P43354,0,1,0,1,0
Q92570,0,1,0,1,0
Q9NP08,0,0,0,1,0
Q92786,0,0,0,1,0
P23527,0,0,1,0,0
Q93079,0,0,1,0,0
Q5QNW6,0,0,1,0,0
Q8N257,0,0,1,0,0
O96000,0,0,0,0,1
Q9H3N8,0,1,0,0,0
P35998,1,0,0,0,0
Q14324,0,0,1,0,0
Q9H6R0,1,0,0,0,0
Q99685,1,0,0,0,0
P07900,1,0,0,0,0
Q14568,1,0,0,0,0
Q58FF7,1,0,0,0,0
P08238,1,0,0,0,0
Q58FF8,1,0,0,0,0
Q96FI4,1,0,0,0,0
Q969S2,1,0,0,0,0
P18887,1,0,0,0,0
Q5TA45,1,0,0,0,0
P09960,1,0,0,0,0
Q99880,0,0,1,0,0
Q9H6B9,1,0,0,0,0
Q09FC8,0,0,0,1,0
Q68DE3,0,0,0,1,0
P50991,1,0,0,0,0
Q6DRA6,0,0,1,0,0
Q6DN03,0,0,1,0,0
P06899,0,0,1,0,0
Q16778,0,0,1,0,0
O60814,0,0,1,0,0
P62807,0,0,1,0,0
P57053,0,0,1,0,0
Q14896,0,0,1,0,0
A6NHT5,0,0,0,1,0
Q6PCB6,1,0,0,0,0
P33778,0,0,1,0,0
Q99877,0,0,1,0,0
Q00872,0,0,1,0,0
P58876,0,0,1,0,0
Q99879,0,0,1,0,0
Q9HCF6,0,0,0,0,1
P35670,1,0,0,0,1
Q96HU8,1,0,0,0,0
O95057,1,0,0,0,0
Q96A08,0,0,1,0,0
Q15678,1,0,0,0,0
Q8NDX2,0,0,0,0,1
O43920,0,0,0,0,1
O00270,0,1,0,0,0
Q9BV94,1,0,0,0,0
P24043,0,0,1,0,0
Q8IWT1,0,0,0,0,1
A6NN14,0,0,0,1,0
Q96H72,0,0,0,0,1
Q7L3S4,0,0,0,1,0
Q96JG9,0,0,0,1,0
Q96JP5,0,0,0,1,0
P16278,1,0,0,0,0
Q96EK4,0,0,0,1,0
Q9H013,1,0,0,0,0
Q9C0D7,1,0,0,0,0
Q7L8A9,1,0,0,0,0
Q8NCM2,0,0,0,0,1
P30041,1,0,0,0,0
P11912,0,1,0,0,0
Q9UKP4,1,0,0,0,0
Q7Z602,0,1,0,0,0
P51970,0,0,0,0,1
Q9Y4D2,1,0,0,0,0
Q9BQ39,1,0,0,0,0
Q9NR30,1,0,0,0,0
O43566,1,0,0,0,0
Q14833,0,1,0,0,0
Q8NCG7,1,0,0,0,0
Q9BXB1,0,1,0,0,0
A6NK75,0,0,0,1,0
Q96H40,0,0,0,1,0
Q8NEM1,0,0,0,1,0
O75437,0,0,0,1,0
P16066,0,1,0,0,0
Q9NZP8,1,0,0,0,0
O60404,0,1,0,0,0
Q13510,1,0,0,0,0
O43280,1,0,0,0,0
A6NFQ7,0,0,0,1,0
Q05481,0,0,0,1,0
P13497,1,0,0,0,0
O94782,1,0,0,0,0
P39019,0,0,1,0,0
O00634,0,0,0,1,0
P09001,0,0,1,0,0
Q9UP95,0,0,0,0,1
Q7Z3V5,0,0,0,1,0
Q5ST30,1,0,0,0,0
Q06710,0,1,0,1,0
Q3LI81,0,0,1,0,0
Q3KNS6,0,0,0,1,0
Q16520,0,0,0,1,0
Q86WV6,0,0,0,0,1
O60603,0,1,0,0,0
Q96RD3,0,1,0,0,0
Q96FT7,0,0,0,0,1
Q9UL03,0,1,0,0,0
P29274,0,1,0,0,0
Q9Y496,1,0,0,0,0
P10914,0,0,0,1,0
Q9P275,1,0,0,0,0
Q8NE71,1,0,0,0,0
Q9ULM6,1,0,0,0,0
P62424,0,0,1,0,0
Q16549,1,0,0,0,0
Q9NZ71,1,0,0,0,0
Q5JRS4,0,1,0,0,0
Q9H1V8,0,0,0,0,1
Q9H2J7,0,0,0,0,1
Q9NR99,0,0,1,0,0
P27695,1,0,0,0,0
P26038,0,0,1,0,0
Q9BRP0,0,0,0,1,0
Q09428,1,1,0,0,1
P42677,0,0,1,0,0
Q71UM5,0,0,1,0,0
Q16875,1,0,0,0,0
P23109,1,0,0,0,0
Q8WWV6,0,1,0,0,0
Q8NH56,0,1,0,0,0
Q13084,0,0,1,0,0
Q96BD0,0,0,0,0,1
P03901,0,0,0,0,1
Q8TF66,0,1,0,0,0
Q9UKV5,0,1,0,0,0
P07359,0,1,0,0,0
P20138,0,1,0,0,0
Q32ZL2,1,0,0,0,0
Q8TDQ1,0,1,0,0,0
Q96AB6,1,0,0,0,0
Q16825,1,0,0,0,0
Q9UIW2,0,1,0,0,0
Q96SR6,0,0,0,1,0
Q2TB10,0,0,0,1,0
P08842,1,0,0,0,0
P35606,0,0,1,0,0
Q9Y276,1,0,0,0,0
Q8TAI7,1,0,0,0,0
P54578,1,0,0,0,0
P03886,0,0,0,0,1
P06127,0,1,0,0,0
P82663,0,0,1,0,0
Q8IVH4,1,0,0,0,0
Q8TDN1,0,0,0,0,1
Q9Y5R6,0,0,0,1,0
Q03468,1,0,0,0,0
Q8NGP3,0,1,0,0,0
A6NJZ3,0,1,0,0,0
P0DMS8,0,1,0,0,0
Q9BZS1,0,0,0,1,0
Q8NHC7,0,1,0,0,0
Q7L523,1,0,0,0,0
P50461,0,0,1,0,0
P21291,0,0,1,0,0
P98161,0,1,0,0,1
P53985,0,0,0,0,1
P47871,0,1,0,0,0
P58401,0,1,0,0,0
Q53H76,1,0,0,0,0
P62851,0,0,1,0,0
P30050,0,0,1,0,0
P14649,0,0,1,0,0
Q9NTK5,1,0,0,0,0
Q9NQW7,1,0,0,0,0
P46531,0,1,0,0,0
O60669,0,0,0,0,1
Q9P1Z0,0,0,0,1,0
Q9BQA5,0,0,0,1,0
Q66K79,1,0,0,0,0
P22304,1,0,0,0,0
Q14147,1,0,0,0,0
Q7L0Q8,1,0,0,0,0
P29122,1,0,0,0,0
Q96L33,1,0,0,0,0
P30542,0,1,0,0,0
Q9Y6W6,1,0,0,0,0
Q6UXT9,1,0,0,0,0
Q53HV7,1,0,0,0,0
O15375,0,0,0,0,1
Q9UK80,1,0,0,0,0
Q8NGX6,0,1,0,0,0
P36402,0,0,0,1,0
Q9HCS4,0,0,0,1,0
Q9NQB0,0,0,0,1,0
P03928,0,0,0,0,1
Q9UJU2,0,0,0,1,0
O76081,1,0,0,0,0
P36894,0,1,0,0,0
Q8IUR6,0,0,0,1,0
Q49AA0,0,0,0,1,0
Q15382,1,0,0,0,0
Q53GG5,0,0,1,0,0
Q2M3W8,0,0,0,1,0
O14753,0,0,0,1,0
O00110,0,0,0,1,0
Q9Y6L7,1,0,0,0,0
P05388,0,0,1,0,0
Q8NHW5,0,0,1,0,0
P23258,0,0,1,0,0
Q9NRH3,0,0,1,0,0
Q01101,0,0,0,1,0
Q96T92,0,0,0,1,0
Q9HBE5,0,1,0,0,0
Q9NR82,0,0,0,0,1
Q99459,0,0,0,1,0
Q9NTJ3,1,0,0,0,0
P63173,0,0,1,0,0
P36915,1,0,1,0,0
Q9UM00,0,0,0,0,1
Q9ULX5,1,0,0,0,0
O15232,0,0,1,0,0
Q5VYV0,0,0,0,1,0
Q99853,0,0,0,1,0
Q685J3,0,0,1,0,0
Q8N2S1,0,1,0,0,0
P0C629,0,1,0,0,0
Q01432,1,0,0,0,0
Q9NRE2,0,0,0,1,0
Q63HK5,0,0,0,1,0
Q6ZSZ6,0,0,0,1,0
Q6ZVX9,0,1,0,0,0
Q86UW6,1,0,0,0,0
P0C5Z0,0,0,1,0,0
P0C5Y9,0,0,1,0,0
Q9H4S2,0,0,0,1,0
O43623,0,0,0,1,0
Q9NQ03,0,0,0,1,0
Q9BWW7,0,0,0,1,0
Q99684,0,0,0,1,0
Q5VTD9,0,0,0,1,0
Q3KNW1,0,0,0,1,0
O95863,0,0,0,1,0
Q9Y5R2,1,0,0,0,0
P15822,0,0,0,1,0
Q5FWF4,1,0,0,0,0
Q16099,0,1,0,0,1
Q9UHW5,1,0,0,0,0
P82932,0,0,1,0,0
P17405,1,0,0,0,0
Q96T55,0,0,0,0,1
Q9NYW1,0,1,0,0,0
Q5HYK9,0,0,0,1,0
P14868,1,0,0,0,0
O76031,1,0,0,0,0
Q6PK57,1,0,0,0,0
P04198,0,0,0,1,0
O94916,0,0,0,1,0
Q9UG63,1,0,0,0,0
Q6AHZ1,0,0,0,1,0
O75751,0,0,0,0,1
P14672,0,0,0,0,1
Q6ZSM3,0,0,0,0,1
Q8TDN7,1,0,0,0,0
Q8NGH9,0,1,0,0,0
Q9NRR6,1,0,0,0,0
Q9HCE1,1,0,0,0,0
P62249,0,0,1,0,0
P28336,0,1,0,0,0
Q9Y3E5,1,0,0,0,0
P17342,0,1,0,0,0
Q9UKW6,0,0,0,1,0
P17020,0,0,0,1,0
Q8TC21,0,0,0,1,0
Q9NWS9,0,0,0,1,0
Q9HBX8,0,1,0,0,0
A8MTQ0,0,0,0,1,0
P41250,1,0,0,0,0
Q8IY26,1,0,0,0,0
Q9HB31,0,0,0,1,0
Q8N859,0,0,0,1,0
Q8NGA5,0,1,0,0,0
P46776,0,0,1,0,0
Q6PIU1,0,0,0,0,1
O75694,0,0,1,0,0
Q8N130,0,0,0,0,1
Q9NP77,1,0,0,0,0
Q86WA9,0,0,0,0,1
O95644,0,0,0,1,0
P51805,0,1,0,0,0
Q99678,0,1,0,0,0
P40238,0,1,0,0,0
Q9Y625,0,1,0,0,0
P09917,1,0,0,0,0
Q92562,1,0,0,0,0
Q96IT1,0,0,0,1,0
P22794,0,1,0,0,0
Q9H2C5,0,1,0,0,0
Q92841,1,0,0,0,0
Q8TDU9,0,1,0,0,0
P0C7T2,0,1,0,0,0
Q9Y2Q0,1,0,0,0,1
Q9Y666,0,0,0,0,1
P49795,1,0,0,0,0
B7ZC32,1,0,0,0,0
P17706,1,0,0,0,0
A6NIE9,1,0,0,0,0
O15244,0,0,0,0,1
O15245,0,0,0,0,1
P20807,1,0,1,0,0
Q8NGK2,0,1,0,0,0
P46781,0,0,1,0,0
P60602,0,0,0,0,1
P17022,0,0,0,1,0
Q8N413,0,0,0,0,1
P14316,0,0,0,1,0
P18206,0,0,1,0,0
P33908,1,0,0,0,0
Q8NGQ4,0,1,0,0,0
P63211,1,0,0,0,0
Q6ZN92,1,0,0,0,0
P49796,1,0,0,0,0
Q2M5E4,1,0,0,0,0
Q8IVL0,1,0,0,0,0
P33897,1,0,0,0,1
Q96L42,0,0,0,0,1
Q9UQ05,0,0,0,0,1
Q8NAC3,0,1,0,0,0
Q8WVQ1,1,0,0,0,0
Q12959,1,0,1,0,0
Q12809,0,0,0,0,1
Q9NS40,0,0,0,0,1
Q9H252,0,0,0,0,1
Q16527,0,0,1,0,0
Q9NQH7,1,0,0,0,0
Q96BY7,0,0,0,0,1
Q8WY07,0,0,0,0,1
Q9H6D3,0,0,0,0,1
P28476,0,1,0,0,1
O14815,1,0,0,0,0
Q14525,0,0,1,0,0
Q15323,0,0,1,0,0
P16157,0,0,1,0,0
P48146,0,1,0,0,0
P59536,0,1,0,0,0
Q9BSA4,0,0,0,0,1
Q9P0K1,1,1,0,0,0
Q96N77,0,0,0,1,0
P35249,1,0,0,0,0
P60763,1,0,0,0,0
P63000,1,0,0,0,0
P15153,1,0,0,0,0
Q8NC01,0,1,0,0,0
Q96P65,0,1,0,0,0
P24310,0,0,0,0,1
P57729,1,0,0,0,0
P48741,1,0,0,0,0
P17066,1,0,0,0,0
P83110,1,0,0,0,0
Q99958,0,0,0,1,0
Q12948,0,0,0,1,0
Q9H244,0,1,0,0,0
P82912,0,0,1,0,0
Q8TF39,0,0,0,1,0
Q9Y2Y8,0,0,1,0,0
Q9P126,0,1,0,0,0
Q9NZS2,0,1,0,0,0
P0DV77,0,0,0,1,0
Q17RH7,0,0,0,1,0
Q9P0S9,0,0,0,0,1
Q9NZQ8,0,0,0,0,1
Q9ULV5,0,0,0,1,0
Q9Y603,0,0,0,1,0
Q9UGQ3,0,0,0,0,1
Q5JNZ3,0,0,0,1,0
O60733,1,0,0,0,0
Q9H1M0,0,0,1,0,0
Q9UDV7,0,0,0,1,0
Q9P2N4,1,0,0,0,0
Q96BI1,0,0,0,0,1
A1A5B4,0,0,0,0,1
Q8NGT1,0,1,0,0,0
Q9UIG8,0,0,0,0,1
Q8NGA6,0,1,0,0,0
P48039,0,1,0,0,0
Q9BY15,0,1,0,0,0
O60504,0,0,1,0,0
P10696,1,0,0,0,0
P09923,1,0,0,0,0
Q8WXQ8,1,0,0,0,0
Q8TF45,0,0,0,1,0
P42261,0,1,0,0,1
Q8NFW5,0,0,0,1,0
P62979,0,0,1,0,0
P62987,0,0,1,0,0
Q86W34,1,0,0,0,0
Q68G74,0,0,0,1,0
Q15116,0,1,0,0,0
Q92743,1,0,0,0,0
P14651,0,0,0,1,0
O43365,0,0,0,1,0
Q8N895,0,0,0,1,0
Q70Z44,0,1,0,0,1
P42262,0,1,0,0,1
Q8NGF3,0,1,0,0,0
Q14802,0,0,0,0,1
Q494W8,0,1,0,0,1
Q16650,0,0,0,1,0
P62861,0,0,1,0,0
O95936,0,0,0,1,0
P09936,1,0,0,0,0
Q02505,0,0,1,0,0
Q8NGL9,0,1,0,0,0
Q8NB15,0,0,0,1,0
Q16649,0,0,0,1,0
P06280,1,0,0,0,0
Q9NRE1,1,0,0,0,0
Q5VV17,1,0,0,0,0
Q9NSD7,0,1,0,0,0
Q14916,0,0,0,0,1
Q8NB49,1,0,0,0,1
P63220,0,0,1,0,0
Q8NGM1,0,1,0,0,0
P48378,0,0,0,1,0
P26367,0,0,0,1,0
Q7Z4V0,0,0,0,1,0
O14495,1,0,0,0,0
Q9Y2W7,0,0,0,1,1
O43315,0,0,0,0,1
P47881,0,1,0,0,0
P20718,1,0,0,0,0
Q5T890,1,0,0,0,0
P10144,1,0,0,0,0
Q8N8Q1,0,0,0,0,1
P08311,1,0,0,0,0
Q9UL58,0,0,0,1,0
Q9BYT1,0,0,0,0,1
Q9BXJ8,0,0,0,0,1
P24530,0,1,0,0,0
Q96B86,0,1,0,0,0
Q99466,0,1,0,0,0
Q8NFT8,0,1,0,0,0
P16284,0,1,0,0,0
Q9H4A9,1,0,0,0,0
Q5UAW9,0,1,0,0,0
P07339,1,0,0,0,0
Q9H4B8,1,0,0,0,0
Q8NGQ2,0,1,0,0,0
P0C7P4,0,0,0,0,1
Q4J6C6,1,0,0,0,0
Q6IEV9,0,1,0,0,0
O43638,0,0,0,1,0
Q9Y3Z3,1,0,0,0,0
Q14549,0,0,0,1,0
Q7Z2D5,1,0,0,0,0
Q9Y4A9,0,1,0,0,0
Q9UHI8,1,0,0,0,0
P35916,0,1,0,0,0
Q8WU67,1,0,0,0,0
Q9UBX7,1,0,0,0,0
P17676,0,0,0,1,0
Q8N8C0,0,0,0,1,0
Q9HBU1,0,0,0,1,0
Q9ULW2,0,1,0,0,0
Q92995,1,0,0,0,0
Q8TEB9,1,0,0,0,0
O43688,1,0,0,0,0
Q8NH87,0,1,0,0,0
P0C7N8,0,1,0,0,0
P13569,1,0,0,0,1
P35713,0,0,0,1,0
P00740,1,0,0,0,0
P41220,1,0,0,0,0
O75030,0,0,0,1,0
E9PGG2,0,0,0,1,0
Q6UVK1,0,1,0,0,0
P07766,0,1,0,0,0
P84095,1,0,0,0,0
P35968,0,1,0,0,0
O75362,0,0,0,1,0
P17900,1,0,0,0,1
P28039,1,0,0,0,0
A3KMH1,1,0,0,0,0
Q6ZRS2,1,0,0,0,0
Q05066,0,0,0,1,0
P05496,0,0,0,0,1
Q13572,1,0,0,0,0
Q6UXL0,0,1,0,0,0
P60953,1,0,0,0,0
Q71RS6,0,0,0,0,1
P48380,0,0,0,1,0
Q6PIW4,1,0,0,0,0
Q86UE3,0,0,0,1,0
Q86VZ1,0,1,0,0,0
O43448,0,0,0,0,1
Q96FE5,0,1,0,0,0
Q99720,0,1,0,0,0
Q92611,1,0,0,0,0
Q9UQQ1,1,0,0,0,0
Q03014,0,0,0,1,0
Q9NPC7,0,0,0,1,0
Q08116,1,0,0,0,0
Q17R31,1,0,0,0,0
P15309,1,0,0,0,0
P12109,0,0,1,0,0
Q9UJW8,0,0,0,1,0
P21128,1,0,0,0,0
Q12891,1,0,0,0,0
Q9HC96,1,0,0,0,0
P62945,0,0,1,0,0
O95407,0,1,0,0,0
P00749,1,0,0,0,0
P00748,1,0,0,0,0
Q14249,1,0,0,0,0
Q9BYW1,0,0,0,0,1
P02818,0,0,1,0,0
P14625,1,0,0,0,0
Q3KNW5,0,0,0,0,1
P21860,0,1,0,0,0
Q6PCB7,0,0,0,0,1
O15354,0,1,0,0,0
P04066,1,0,0,0,0
Q9UHF4,0,1,0,0,0
O43240,1,0,0,0,0
P53816,1,0,0,0,0
Q9H0P0,1,0,0,0,0
Q9UHI7,0,0,0,0,1
P05106,0,1,0,0,0
P19957,0,0,1,0,0
O14804,0,1,0,0,0
P53794,0,0,0,0,1
P51172,0,0,0,0,1
O00217,0,0,0,0,1
P36544,0,1,0,0,1
Q9NSJ1,0,0,0,1,0
Q9Y5I7,0,0,1,0,1
Q7RTX7,0,0,0,0,1
O75084,0,1,0,0,0
P32856,0,0,1,0,0
Q9H015,0,0,0,0,1
O76082,0,0,0,0,1
Q71U36,1,0,1,0,0
P68363,1,0,1,0,0
Q9BQE3,1,0,1,0,0
P0DPH7,1,0,1,0,0
Q6PEY2,1,0,1,0,0
Q9NY65,1,0,1,0,0
P68366,1,0,1,0,0
A6NHL2,1,0,1,0,0
Q13509,1,0,1,0,0
Q13885,1,0,1,0,0
Q9BVA1,1,0,1,0,0
P07437,1,0,1,0,0
Q9BUF5,1,0,1,0,0
Q9H4B7,1,0,1,0,0
P68371,1,0,1,0,0
P04350,1,0,1,0,0
Q3ZCM7,1,0,1,0,0
A6NNZ2,1,0,1,0,0
Q9H963,0,0,0,1,0
Q5VZY2,1,0,0,0,0
O15146,0,1,0,0,0
Q9P1Q5,0,1,0,0,0
Q13207,0,0,0,1,0
Q7Z7K2,0,0,0,1,0
P61224,1,0,0,0,0
P62834,1,0,0,0,0
A6NIZ1,1,0,0,0,0
P61225,1,0,0,0,0
P10114,1,0,0,0,0
Q9Y3L5,1,0,0,0,0
P00709,1,0,0,0,0
Q15546,0,1,0,0,0
P61916,0,0,0,0,1
P81605,1,0,0,0,1
O95278,1,0,0,0,0
Q02094,0,0,0,0,1
P30988,0,1,0,0,0
P34925,0,1,0,0,0
Q8NHY6,0,0,0,1,0
O15399,0,1,0,0,1
P10721,0,1,0,0,0
Q9NXL6,0,0,0,0,1
Q9Y303,1,0,0,0,0
Q8NGX3,0,1,0,0,0
Q14246,0,1,0,0,0
Q6UWB1,0,1,0,0,0
P25391,0,0,1,0,0
O14669,1,0,0,0,0
Q96ES6,0,0,0,0,1
O43502,1,0,0,0,0
P78325,1,0,0,0,0
P28827,1,1,0,0,0
P15085,1,0,0,0,0
P24855,1,0,0,0,0
Q6UWV6,1,0,0,0,0
Q9NRK6,1,0,0,0,1
Q2I0M4,0,0,0,0,1
Q8TDI0,1,0,0,0,0
O14514,0,1,0,0,0
Q9NS61,0,0,0,0,1
P54756,0,1,0,0,0
P11047,0,0,1,0,0
Q9BV35,0,0,0,0,1
Q8NF86,1,0,0,0,0
P42892,1,0,0,0,0
Q96E17,1,0,0,0,0
Q9H853,1,0,1,0,0
Q9NS37,0,0,0,1,0
Q9UHA3,0,0,1,0,0
P48058,0,1,0,0,1
P23471,1,1,0,0,0
Q01196,0,0,0,1,0
Q13761,0,0,0,1,0
O00716,0,0,0,1,0
O95185,0,1,0,0,0
P12111,0,0,1,0,0
A6NDL8,0,1,0,0,0
Q9NX57,1,0,0,0,0
O94911,1,0,0,0,1
Q9UGC6,1,0,0,0,0
Q8N2K0,1,0,0,0,0
P14867,0,1,0,0,1
Q9NP99,0,1,0,0,0
P17026,0,0,0,1,0
Q13444,1,0,0,0,0
Q8NGZ9,0,1,0,0,0
Q8NG04,0,0,0,0,1
Q86WS5,1,0,0,0,0
O00462,1,0,0,0,0
O00748,1,0,0,0,0
Q96LI5,1,0,0,0,0
P15088,1,0,0,0,0
Q9BPW5,1,0,0,0,0
Q9BXR5,0,1,0,0,0
Q86UD4,0,0,0,1,0
Q9UBM4,0,0,1,0,0
Q92485,1,0,0,0,0
Q0GE19,0,0,0,0,1
Q96RP9,1,0,0,0,0
P22455,0,1,0,0,0
P15586,1,0,0,0,0
P52798,0,1,0,0,0
P12273,1,0,0,0,0
O75078,1,0,0,0,0
O00187,1,0,0,0,0
O75325,0,1,0,0,0
Q6UXG3,0,1,0,0,0
Q8NGF4,0,1,0,0,0
P30989,0,1,0,0,0
Q03519,1,0,0,0,1
P09619,0,1,0,0,0
P22897,0,1,0,0,0
Q5TGU0,0,0,0,0,1
Q9NPA2,1,0,0,0,0
P30101,1,0,0,0,0
Q05D32,1,0,0,0,0
P37288,0,1,0,0,0
Q96A35,0,0,1,0,0
P41235,0,1,0,1,0
Q9HCB6,0,0,1,0,0
O95231,0,0,0,1,0
Q9NRX2,0,0,1,0,0
Q14993,0,0,1,0,0
Q9BT17,1,0,0,0,0
P09237,1,0,0,0,0
Q8TDQ7,1,0,0,0,0
Q9NP78,1,0,0,0,1
Q13219,1,0,0,0,0
Q6IWH7,0,0,0,0,1
O60359,0,0,0,0,1
Q92854,0,1,0,0,0
Q99788,0,1,0,0,0
Q14118,1,0,1,0,0
A6NJW4,0,1,0,0,0
Q8NH79,0,1,0,0,0
Q96RD1,0,1,0,0,0
Q8NGN7,0,1,0,0,0
A6NCV1,0,1,0,0,0
Q9UEW3,0,1,0,0,0
Q8NGX9,0,1,0,0,0
A6NJG6,0,0,0,1,0
Q4VCS5,0,1,0,0,0
A6NL08,0,1,0,0,0
P12544,1,0,0,0,0
O00584,1,0,0,0,0
P16473,0,1,0,0,0
Q969S0,0,0,0,0,1
Q6UW60,1,0,0,0,0
P28698,0,0,0,1,0
P20036,0,1,0,0,0
Q13751,0,0,1,0,0
Q8IYS1,1,0,0,0,0
Q86Y79,1,0,0,0,0
Q6UX06,0,0,1,0,0
Q9NTG1,0,0,0,0,1
P47872,0,1,0,0,0
Q9NXA8,1,0,0,0,0
P35475,1,0,0,0,0
Q6T310,1,0,0,0,0
P22303,1,0,0,0,0
P32241,0,1,0,0,0
Q9BTY2,1,0,0,0,0
Q14392,0,1,0,0,0
Q5VT99,0,0,0,0,1
A6NJW9,0,1,0,0,0
P10966,0,1,0,0,0
P54793,1,0,0,0,0
Q14332,0,1,0,0,0
Q9HC58,0,0,0,0,1
P00533,0,1,0,0,0
Q8NH70,0,1,0,0,0
P38484,0,1,0,0,0
Q6T311,1,0,0,0,0
P41225,0,0,0,1,0
P0C7U1,1,0,0,0,0
Q9H210,0,1,0,0,0
Q5M8T2,0,0,0,0,1
Q8NH83,0,1,0,0,0
P0C604,0,1,0,0,0
P53370,1,0,0,0,0
O43474,0,0,0,1,0
Q99581,0,0,0,1,0
P78536,1,0,0,0,0
O15455,0,1,0,0,0
Q9Y305,1,0,0,0,0
P30926,0,1,0,0,1
Q15256,1,1,0,0,0
Q13370,1,0,0,0,0
Q8IXI1,1,0,0,0,0
Q6ZT77,0,0,0,1,0
Q8NFZ0,1,0,0,0,0
Q9Y257,0,0,0,0,1
Q96RJ3,0,1,0,0,0
Q8N9K5,0,0,0,1,0
P35555,0,0,1,0,0
Q8NGY7,0,1,0,0,0
Q6AZW8,0,0,0,1,0
P23470,1,1,0,0,0
Q8TCU5,0,1,0,0,1
Q8NGP6,0,1,0,0,0
Q9ULM2,0,0,0,1,0
Q9BQR3,1,0,0,0,0
Q9H427,0,0,0,0,1
Q9UN42,0,0,0,0,1
O75096,0,1,0,0,0
Q2T9J0,1,0,0,0,0
Q9ULZ9,1,0,0,0,0
Q01954,0,0,0,1,0
Q9Y620,1,0,0,0,0
Q92698,1,0,0,0,0
Q9NPE6,0,0,1,0,0
Q9NW07,0,0,0,1,0
P51689,1,0,0,0,0
P17658,0,0,0,0,1
Q14674,1,0,0,0,0
Q9H582,0,0,0,1,0
Q96IU2,0,0,0,1,0
Q92771,1,0,0,0,0
Q9UPC5,0,1,0,0,0
Q9HAZ2,0,0,0,1,0
Q03112,0,0,0,1,0
Q9UI32,1,0,0,0,0
Q9HCU4,0,1,0,0,0
P51888,0,0,1,0,0
P78504,0,0,1,0,0
P55085,0,1,0,0,0
Q9NRA2,0,0,0,0,1
Q99715,0,0,1,0,0
Q6PIU2,1,0,0,0,0
Q8TED4,0,0,0,0,1
O95755,1,0,0,0,0
A4D256,1,0,0,0,0
Q5XKE5,0,0,1,0,0
Q9NYG8,0,0,0,0,1
Q9UKF2,1,0,0,0,0
Q9NRY7,0,0,0,0,1
Q02083,1,0,0,0,0
Q6DKI7,0,1,0,0,0
A4D2B0,1,0,0,0,0
O60449,0,1,0,0,0
P41587,0,1,0,0,0
Q8N6P7,0,1,0,0,0
P21728,0,1,0,0,0
Q96B33,0,0,1,0,0
Q13425,0,0,1,0,0
Q9UK59,1,0,0,0,0
Q9H857,1,0,0,0,0
Q9NQ76,0,0,1,0,0
Q70EL2,1,0,0,0,0
Q5TGY3,0,0,0,1,0
Q8WWQ2,1,0,0,0,0
P28908,0,1,0,0,0
P21941,0,0,1,0,0
A8MUV8,0,0,0,1,0
Q5XXA6,0,0,0,0,1
P10072,0,0,0,1,0
O76041,0,0,1,0,0
Q8N6Y2,0,1,0,0,0
Q6XZB0,1,0,0,0,0
Q495A1,0,1,0,0,0
Q9NSE4,1,0,0,0,0
Q5XG92,1,0,0,0,0
Q9UI42,1,0,0,0,0
P48740,1,0,0,0,0
Q8IXW0,0,0,1,0,0
O60883,0,1,0,0,0
Q8N9L1,0,0,0,1,0
P14735,1,0,0,0,0
P05387,0,0,1,0,0
Q13886,0,0,0,1,0
Q9BRF8,1,0,0,0,0
P52951,0,0,0,1,0
O95563,0,0,0,0,1
P49716,0,0,0,1,0
Q9BQ65,1,0,0,0,0
Q8TD94,0,0,0,1,0
Q9BXK1,0,0,0,1,0
Q9UF02,0,0,0,0,1
O95201,0,0,0,1,0
Q9NQ11,1,0,0,0,1
Q96SN7,0,0,0,0,1
O15519,1,0,0,0,0
A0A2R8Y619,0,0,1,0,0
Q6V9R5,0,0,0,1,0
Q5JT25,1,0,0,0,0
P80108,1,0,0,0,0
Q969L2,0,0,1,0,0
Q53S08,1,0,0,0,0
Q9H0N0,1,0,0,0,0
Q9NRW1,1,0,0,0,0
Q96P88,0,1,0,0,0
Q96MI6,1,0,0,0,0
P46779,0,0,1,0,0
Q9UKF6,1,0,0,0,0
Q96N95,0,0,0,1,0
Q9BQT8,0,0,0,0,1
P05089,1,0,0,0,0
O00411,1,0,0,0,0
Q9Y570,1,0,0,0,0
Q68D91,1,0,0,0,0
P00738,1,0,0,0,0
Q12829,1,0,0,0,0
P78424,0,0,0,1,0
Q9H2U2,1,0,0,0,0
Q5SVS4,0,0,0,0,1
P48549,0,0,0,0,1
O95178,0,0,0,0,1
Q8N1E2,1,0,0,0,0
Q9Y5Y4,0,1,0,0,0
Q96KK4,0,1,0,0,0
Q8WXH6,1,0,0,0,0
P0C0E4,1,0,0,0,0
Q6Q8B3,0,1,0,0,0
Q6UXM1,0,1,0,0,0
P31391,0,1,0,0,0
Q9UQ26,0,0,1,0,0
Q86VE9,0,0,0,0,1
P17028,0,0,0,1,0
P54652,1,0,0,0,0
P31260,0,0,0,1,0
Q01955,0,0,1,0,0
Q15270,0,0,0,1,0
Q9NP70,0,0,1,0,0
Q8NGK3,0,1,0,0,0
Q9P1W3,0,1,0,0,1
P60842,1,0,0,0,0
P13535,1,0,1,0,0
Q5BJF6,0,0,1,0,0
P31274,0,0,0,1,0
Q8N9L9,1,0,0,0,0
Q7Z442,0,0,0,0,1
Q6UXY8,0,0,0,0,1
Q96PZ2,1,0,0,0,0
Q9NP56,1,0,0,0,0
P15924,0,0,1,0,0
Q6PEX3,0,0,1,0,0
P51688,1,0,0,0,0
P28069,0,0,0,1,0
P35908,0,0,1,0,0
P35527,0,0,1,0,0
P78386,0,0,1,0,0
Q9NSB2,0,0,1,0,0
Q2M2I5,0,0,1,0,0
Q9UQK1,1,0,0,0,0
Q15040,1,0,0,0,0
Q10587,0,0,0,1,0
Q99536,0,0,0,0,1
Q6NV75,0,1,0,0,0
Q9Y4B4,1,0,0,0,0
P51159,1,0,0,0,0
O95630,1,0,0,0,0
Q9BUN8,0,1,0,0,0
P49441,1,0,0,0,0
A6NFD8,0,0,0,1,0
P23526,1,0,0,0,0
Q14643,0,0,0,0,1
P00739,1,0,0,0,0
Q9Y6I9,0,1,0,0,0
P15169,1,0,0,0,0
Q9NXU5,1,0,0,0,0
P61244,0,0,0,1,0
Q9Y5P4,0,0,0,0,1
Q13956,1,0,0,0,0
Q15849,0,0,0,0,1
Q02086,0,0,0,1,0
P08047,0,0,0,1,0
Q02446,0,0,0,1,0
P55087,0,0,0,0,1
Q9GZN2,0,0,0,1,0
P51157,1,0,0,0,0
P62136,1,0,0,0,0
Q9NNX6,0,1,0,0,0
Q9H2X3,0,1,0,0,0
Q9H346,0,1,0,0,0
O95342,1,0,0,0,1
Q9H1H9,1,0,0,0,0
Q9HDC9,1,0,0,0,0
Q9BZQ6,1,0,0,0,0
Q9BQ50,1,0,0,0,0
Q8NEM8,1,0,0,0,0
P03999,0,1,0,0,0
P07384,1,0,0,0,0
Q7RTS6,0,0,0,0,1
P35612,0,0,1,0,0
Q5QGZ9,0,1,0,0,0
Q8NEY4,0,0,0,0,1
A6NCM1,1,0,0,0,0
Q14191,1,0,0,0,0
O75409,0,0,1,0,0
P62873,1,0,0,0,0
P62879,1,0,0,0,0
O95397,0,0,0,0,1
Q9H8M7,1,0,0,0,0
Q14573,0,0,0,0,1
Q9H4I8,1,0,0,0,0
P49286,0,1,0,0,0
Q08209,1,0,0,0,0
Q8ND71,1,0,0,0,0
Q9UGI0,1,0,0,0,0
Q96SF7,0,0,0,1,0
Q13515,0,0,1,0,0
Q9HCK0,0,0,0,1,0
O60840,0,0,0,0,1
P27449,0,0,0,0,1
Q7Z402,0,0,0,0,1
P17096,0,0,1,0,0
P16403,0,0,1,0,0
P10412,0,0,1,0,0
P16401,0,0,1,0,0
P16402,0,0,1,0,0
P41212,0,0,0,1,0
Q96DC9,1,0,0,0,0
P22492,0,0,1,0,0
Q02539,0,0,1,0,0
P32321,1,0,0,0,0
Q8NGR6,0,1,0,0,0
Q7RTU7,0,0,0,1,0
Q8NGC9,0,1,0,0,0
P61421,0,0,0,0,1
Q16352,0,0,1,0,0
Q96E52,1,0,0,0,0
P47712,1,0,0,0,0
Q9Y6B6,1,0,0,0,0
Q9NR31,1,0,0,0,0
O95803,1,0,0,0,0
P16930,1,0,0,0,0
B7ZAQ6,0,0,0,0,1
Q8NH53,0,1,0,0,0
Q8IUC1,0,0,1,0,0
P06729,0,1,0,0,0
P78412,0,0,0,1,0
O95168,0,0,0,0,1
P28358,0,0,0,1,0
P78414,0,0,0,1,0
P78415,0,0,0,1,0
O14531,1,0,0,0,0
Q7Z2W7,0,0,0,0,1
P49789,1,0,0,0,0
Q7Z3Y9,0,0,1,0,0
Q96DT7,0,0,0,1,0
Q8IYB8,1,0,0,0,0
Q9H208,0,1,0,0,0
P05783,0,0,1,0,0
P40692,1,0,0,0,0
A0A8I5KQE6,0,0,1,0,0
P08865,0,0,1,0,0
P43251,1,0,0,0,0
O60825,1,0,0,0,0
O60333,1,0,0,0,0
Q8TCT1,1,0,0,0,0
Q8NGI0,0,1,0,0,0
Q86W11,0,0,0,1,0
Q15102,1,0,0,0,0
O94778,0,0,0,0,1
Q9H9B4,0,0,0,0,1
Q15617,0,1,0,0,0
Q6IFH4,0,1,0,0,0
Q8NGW1,0,1,0,0,0
P51684,0,1,0,0,0
P33992,1,0,0,0,0
Q8TBB6,0,0,0,0,1
P37198,0,0,1,0,0
Q15181,1,0,0,0,0
O94966,1,0,0,0,0
P48067,0,0,0,0,1
Q8IW19,1,0,0,0,0
Q9BR39,0,0,0,1,0
Q14240,1,0,0,0,0
O94805,0,0,1,0,0
Q15973,0,0,0,1,0
Q9ULA0,1,0,0,0,0
P58107,0,0,1,0,0
Q8WYN3,0,0,0,1,0
Q9Y5K8,0,0,0,0,1
Q9NP90,1,0,0,0,0
O14836,0,1,0,0,0
Q8NG75,0,1,0,0,0
O15247,0,0,0,0,1
P49755,0,0,0,0,1
Q9GZQ4,0,1,0,0,1
Q6NT32,1,0,0,0,0
Q5D1E8,1,0,0,0,0
Q9UL49,0,0,0,1,0
O75038,1,0,0,0,0
Q969Q5,1,0,0,0,0
P62805,0,0,1,0,0
Q93077,0,0,1,0,0
Q8IUE6,0,0,1,0,0
Q6FI13,0,0,1,0,0
Q16777,0,0,1,0,0
Q7L7L0,0,0,1,0,0
Q96KK5,0,0,1,0,0
P0C0S8,0,0,1,0,0
Q99878,0,0,1,0,0
P20671,0,0,1,0,0
P04908,0,0,1,0,0
Q96QV6,0,0,1,0,0
Q9BTM1,0,0,1,0,0
P16104,0,0,1,0,0
P18077,0,0,1,0,0
Q8IYD8,1,0,0,0,0
P48454,1,0,0,0,0
Q9P0M6,0,0,1,0,0
Q53GS9,1,0,0,0,0
Q16082,0,0,1,0,0
A8MUX0,0,0,1,0,0
O60479,0,0,0,1,0
P51452,1,0,0,0,0
P63218,1,0,0,0,0
Q8WVB3,1,0,0,0,0
O43614,0,1,0,0,0
O43749,0,1,0,0,0
Q8N142,1,0,0,0,0
Q5EBL2,0,0,0,1,0
Q9NRQ2,0,0,0,0,1
Q03113,1,0,0,0,0
P12956,1,0,0,0,0
P17844,1,0,0,0,0
P19532,0,0,0,1,0
P62955,0,0,0,0,1
Q7Z429,0,0,0,0,1
Q15744,0,0,0,1,0
Q9NXZ2,1,0,0,0,0
P41219,0,0,1,0,0
P00918,1,0,0,0,0
Q12952,0,0,0,1,0
Q9NVP1,1,0,0,0,0
Q15072,0,0,0,1,0
Q8IYB7,1,0,0,0,0
Q7Z794,0,0,1,0,0
Q8TDI7,0,0,0,0,1
Q92901,0,0,1,0,0
P39023,0,0,1,0,0
P56179,0,0,0,1,0
Q9Y2D9,0,0,0,1,0
Q96RD2,0,1,0,0,0
O00571,1,0,0,0,0
O15523,1,0,0,0,0
Q86TM3,1,0,0,0,0
Q99583,0,0,0,1,0
P08729,0,0,1,0,0
O94955,1,0,0,0,0
Q8NGJ6,0,1,0,0,0
Q8NGJ7,0,1,0,0,0
P06733,0,0,0,1,0
Q7Z601,0,1,0,0,0
Q9NP80,1,0,0,0,0
Q16518,1,0,0,0,0
P17482,0,0,0,1,0
Q9UKL2,0,1,0,0,0
Q8NGJ0,0,1,0,0,0
Q9UJT1,0,0,1,0,0
Q9UMW8,1,0,0,0,0
P20592,1,0,0,0,0
Q5T2N8,1,0,0,0,0
Q96ND8,0,0,0,1,0
Q2M3M2,0,0,0,0,1
Q96NU1,0,0,0,1,0
Q9UH03,1,0,0,0,0
P11142,1,0,0,0,0
P53567,0,0,0,1,0
Q9Y3B7,0,0,1,0,0
O15066,1,0,0,0,0
Q9UPW5,1,0,0,0,0
Q14849,0,0,0,0,1
O15511,0,0,1,0,0
Q9Y466,0,1,0,1,0
O95416,0,0,0,1,0
Q9Y651,0,0,0,1,0
Q15019,1,0,0,0,0
Q07444,0,1,0,0,0
P62829,0,0,1,0,0
O43143,1,0,0,0,0
Q8IUA7,1,0,0,0,1
Q13304,0,1,0,0,0
P43243,0,0,1,0,0
Q01959,0,0,0,0,1
Q9HD90,0,0,0,1,0
P22914,0,0,1,0,0
Q8NGN4,0,1,0,0,0
Q70CQ4,1,0,0,0,0
P07738,1,0,0,0,0
Q96QZ0,0,0,1,0,1
Q8N7C0,0,0,0,0,1
Q5VV52,0,0,0,1,0
Q01538,0,0,0,1,0
Q6P4A7,0,0,0,0,1
Q86SP6,0,1,0,0,0
P11226,0,1,0,0,0
Q5TZA2,0,0,1,0,0
Q96NG8,0,0,0,1,0
Q15058,1,0,0,0,0
Q58FF6,1,0,0,0,0
Q13393,1,0,0,0,0
Q9Y2D1,0,0,0,1,0
O95140,1,0,0,0,0
Q9UDY8,1,0,0,0,0
Q13361,0,0,1,0,0
Q495N2,0,0,0,0,1
Q32MQ0,0,0,0,1,0
Q7L5L3,1,0,0,0,0
Q9HCK4,0,1,0,0,0
O75449,1,0,0,0,0
Q00722,1,0,0,0,0
P55056,0,0,0,0,1
P43626,0,1,0,0,0
Q9H3S3,1,0,0,0,0
Q14953,0,1,0,0,0
P43631,0,1,0,0,0
P43629,0,1,0,0,0
P43628,0,1,0,0,0
Q13621,0,0,0,0,1
Q8N6U8,0,1,0,0,0
A6NN92,0,0,0,0,1
P52179,0,0,1,0,0
Q9NZC9,1,0,0,0,0
P35367,0,1,0,0,0
Q9Y2Y4,0,0,0,1,0
Q14093,0,0,1,0,0
P35663,0,0,1,0,0
Q3MJ16,1,0,0,0,0
Q9P2J8,0,0,0,1,0
Q7Z3Y7,0,0,1,0,0
P47893,0,1,0,0,0
P47888,0,1,0,0,0
Q9ULW8,1,0,0,0,0
Q9BQ69,1,0,0,0,0
Q9HB90,1,0,0,0,0
P78540,1,0,0,0,0
P02775,0,0,0,0,1
P13646,0,0,1,0,0
Q7Z3Z0,0,0,1,0,0
Q9BX95,1,0,0,0,0
Q07864,1,0,0,0,0
P51884,0,0,1,0,0
P35913,1,0,0,0,0
O14867,0,0,0,1,0
O60706,1,1,0,0,1
O15119,0,0,0,1,0
Q8N1N4,0,0,1,0,0
Q9H2Z4,0,0,0,1,0
O15014,0,0,0,1,0
O95096,0,0,0,1,0
Q14954,0,1,0,0,0
P61296,0,0,0,1,0
P62269,0,0,1,0,0
P58557,1,0,0,0,0
Q9NRM6,0,1,0,0,0
P54296,0,0,1,0,0
P42226,0,0,0,1,0
Q13133,0,1,0,1,0
A8MX76,1,0,0,0,0
P14780,1,0,0,0,0
Q86X67,1,0,0,0,0
P56746,0,0,1,0,1
Q9H777,1,0,0,0,0
Q15771,1,0,0,0,0
O15551,0,1,1,0,0
Q15475,0,0,0,1,0
Q9NPC8,0,0,0,1,0
P84098,0,0,1,0,0
P43088,0,1,0,0,0
Q9UN79,0,0,0,1,0
P43699,0,0,0,1,0
Q99706,0,1,0,0,0
Q86XH1,1,0,0,0,0
Q8NGN5,0,1,0,0,0
Q8NGN3,0,1,0,0,0
Q8NGN6,0,1,0,0,0
Q8TE85,0,0,0,1,0
Q9H628,1,0,0,0,0
Q9BYX4,1,1,0,0,0
P25024,0,1,0,0,0
P49753,1,0,0,0,0
Q7Z5S9,0,0,0,0,1
Q9UK08,1,0,0,0,0
P31944,1,0,0,0,0
Q969X1,0,0,0,0,1
Q96QS3,0,0,0,1,0
Q9Y5X9,1,0,0,0,0
Q96RB7,0,1,0,0,0
Q7Z2E3,1,0,0,0,0
Q6ZMB5,0,0,0,0,1
A8CG34,0,0,1,0,0
Q96HA1,0,0,1,0,0
Q9H8Y5,1,0,0,0,0
P50281,1,0,0,0,0
Q14623,1,0,0,0,0
P34995,0,1,0,0,0
Q16621,0,0,0,1,0
Q8NH40,0,1,0,0,0
Q5NUL3,0,1,0,0,0
P16118,1,0,0,0,0
Q8NGS3,0,1,0,0,0
Q8NGS2,0,1,0,0,0
Q9BY10,0,0,0,0,1
P53708,0,1,0,0,0
Q14929,0,0,0,1,0
Q9Y2H8,0,0,0,1,0
Q8TDI8,0,0,0,0,1
P51504,0,0,0,1,0
Q86T82,1,0,0,0,0
Q8NBQ7,0,0,0,0,1
P28221,0,1,0,0,0
Q5VY43,0,1,0,0,0
O96009,1,0,0,0,0
Q03252,0,0,1,0,0
Q9UBX0,0,0,0,1,0
Q9HCN6,0,1,0,0,0
O00400,0,0,0,0,1
Q86V40,1,0,0,0,0
P53674,0,0,1,0,0
Q8TAC2,1,0,0,0,0
P17661,0,0,1,0,0
Q8NC26,0,0,0,1,0
P08195,0,0,0,0,1
Q8IV77,0,0,0,0,1
Q9NUW8,1,0,0,0,0
Q6ISB3,0,0,0,1,0
P68402,1,0,0,0,0
O95235,1,0,0,0,0
Q9NR55,0,0,0,1,0
Q8N8Q9,0,0,0,0,1
P52738,0,0,0,1,0
Q86XQ3,0,0,0,0,1
Q13875,0,0,1,0,0
Q96QT4,0,0,0,0,1
O75604,1,0,0,0,0
Q96BF6,0,0,0,1,0
Q96JH7,1,0,0,0,0
Q7LBE3,0,0,0,0,1
Q9BSA9,0,0,0,0,1
Q96MM3,0,0,0,1,0
Q9Y2T6,0,1,0,0,0
O75461,0,0,0,1,0
Q96CQ1,0,0,0,0,1
Q7RTU1,0,0,0,1,0
Q07817,0,0,0,0,1
Q9Y210,0,0,0,0,1
P20338,1,0,0,0,0
O75173,1,0,0,0,0
Q06432,0,0,0,0,1
Q96P26,1,0,0,0,0
Q9NQL2,1,0,0,0,0
Q9NR11,0,0,0,1,0
Q8NH59,0,1,0,0,0
O75319,1,0,0,0,0
Q14765,0,0,0,1,0
P42224,0,0,0,1,0
P35453,0,0,0,1,0
Q13609,1,0,0,0,0
Q9H7J1,1,0,0,0,0
Q6P1N9,1,0,0,0,0
Q8IX18,1,0,0,0,0
Q99490,1,0,0,0,0
O95685,1,0,0,0,0
P60900,1,0,0,0,0
Q96BN8,1,0,0,0,0
Q92878,1,0,0,0,0
Q96QE2,0,0,0,0,1
Q9Y2X7,0,0,1,0,0
Q9ULW5,1,0,0,0,0
Q5T2D3,1,0,0,0,0
P0C024,1,0,0,0,0
Q92858,0,0,0,1,0
P54098,1,0,0,0,0
Q8N436,1,0,0,0,0
O75116,0,0,1,0,0
Q01459,1,0,0,0,0
A8MPS7,1,0,0,0,0
Q9H6S0,1,0,0,0,0
P12035,0,0,1,0,0
P04264,0,1,1,0,0
Q3SY84,0,0,1,0,0
Q86Y46,0,0,1,0,0
Q7RTS7,0,0,1,0,0
Q14CN4,0,0,1,0,0
Q9NVH0,1,0,0,0,0
O95678,0,0,1,0,0
P13647,0,0,1,0,0
Q9H2X9,0,0,0,0,1
Q8WUU4,0,0,0,1,0
Q9NSC2,0,0,0,1,0
Q9UJQ4,0,0,0,1,0
Q9BXA9,0,0,0,1,0
Q9H165,0,0,0,1,0
Q9C0K0,0,0,0,1,0
Q9Y467,0,0,0,1,0
O75541,0,0,0,1,0
O14921,1,0,0,0,0
O75594,1,1,0,0,0
P10244,0,0,0,1,0
A6NF01,0,0,1,0,0
Q9BZM3,0,0,0,1,0
Q99952,1,0,0,0,0
P51858,0,0,0,1,0
Q6PIS1,0,0,0,0,1
Q5T0B9,0,0,0,1,0
P61769,0,0,1,0,0
Q2TAZ0,0,0,0,0,1
O60264,1,0,0,0,0
P53672,0,0,1,0,0
Q12946,0,0,0,1,0
Q14593,0,0,0,1,0
P04920,0,0,0,0,1
P55212,1,0,0,0,0
Q86UR5,0,0,1,0,0
Q9H255,0,1,0,1,0
Q9H2S1,0,0,0,0,1
Q9UEY8,0,0,1,0,0
O95718,0,1,0,1,0
Q9BZF3,0,0,0,0,1
Q9Y623,1,0,0,0,0
P11055,1,0,0,0,0
O95625,0,0,0,1,0
Q07108,0,1,0,0,0
P50443,0,0,0,0,1
Q12951,0,0,0,1,0
Q96SD1,1,0,0,0,0
Q9BYD1,0,0,1,0,0
P07196,0,0,1,0,0
P10301,1,0,0,0,0
P49593,1,0,0,0,0
P50151,1,0,0,0,0
Q7Z5A4,1,0,0,0,0
Q9NQC7,1,0,0,0,0
Q68DQ2,0,0,1,0,0
P48664,0,0,0,0,1
O94762,1,0,0,0,0
Q96A54,0,1,0,0,0
Q59GN2,0,0,1,0,0
P62891,0,0,1,0,0
Q96EH5,0,0,1,0,0
Q15493,1,0,0,0,0
P84022,0,0,0,1,0
Q15796,0,0,0,1,0
Q8NB90,1,0,0,0,0
Q8IVJ1,0,0,0,0,1
P35712,0,0,0,1,0
P24844,0,0,1,0,0
P62906,0,0,1,0,0
P18577,0,0,0,0,1
Q02161,0,0,0,0,1
P52758,1,0,0,0,0
Q8N5C6,0,0,1,0,0
Q9UHV8,1,0,0,0,0
Q9Y291,0,0,1,0,0
Q96BW5,1,0,0,0,0
P09629,0,0,0,1,0
P62820,1,0,0,0,0
Q9BX63,1,0,0,0,0
O00482,0,1,0,1,0
Q96RI8,0,1,0,0,0
P33991,1,0,0,0,0
Q9H6I2,0,0,0,1,0
O15178,0,0,0,1,0
P18507,0,1,0,0,1
O14734,1,0,0,0,0
Q4JDL3,1,0,0,0,0
P55055,0,1,0,1,0
A0A1W2PPK0,0,0,0,1,0
Q9BX79,0,1,0,0,1
P22528,0,0,1,0,0
P56524,1,0,0,1,0
P11474,0,1,0,1,0
O75367,0,0,1,0,0
O95147,1,0,0,0,0
Q9BT40,1,1,0,0,0
Q96ME7,0,0,0,1,0
Q149N8,1,0,0,0,0
Q9HB15,0,0,0,0,1
Q14626,0,1,0,0,0
Q9UPN3,0,0,1,0,0
Q13867,1,0,0,0,0
Q9H339,0,1,0,0,0
A8MXV4,1,0,0,0,0
Q9UNQ0,1,0,0,0,1
P22307,0,0,0,0,1
Q9UIU6,0,0,0,1,0
Q9BYF1,1,0,0,0,0
O00305,0,0,0,0,1
P0CK96,0,0,0,0,1
P0CK97,0,0,0,0,1
Q6P158,1,0,0,0,0
P31268,0,0,0,1,0
Q8N9F7,1,0,0,0,0
Q9Y295,1,0,0,0,0
Q9Y4C0,0,1,0,0,0
O15020,0,0,1,0,0
O75351,1,0,0,0,0
Q9P2J9,1,0,0,0,0
Q9NYN1,1,0,0,0,0
Q9BQG2,1,0,0,0,0
O94830,1,0,0,0,0
Q86WA8,1,0,0,0,0
Q16620,0,1,0,0,0
P31273,0,0,0,1,0
P13378,0,0,0,1,0
P31267,0,0,0,1,0
P20719,0,0,0,1,0
P09067,0,0,0,1,0
P17481,0,0,0,1,0
P17509,0,0,0,1,0
Q5TAH2,0,0,0,0,1
Q9GZZ0,0,0,0,1,0
Q9UBC9,0,0,1,0,0
Q00444,0,0,0,1,0
Q8N3J5,1,0,0,0,0
P49959,1,0,0,0,0
Q8WWZ7,1,0,0,0,1
P14621,1,0,0,0,0
P26196,1,0,0,0,0
Q7Z333,1,0,0,0,0
Q13952,0,0,0,1,0
P30307,1,0,0,0,0
O43520,1,0,0,0,1
Q9BVL2,0,0,1,0,0
P20340,1,0,0,0,0
Q99719,1,0,1,0,0
Q9Y2C5,0,0,0,0,1
O43680,0,0,0,1,0
O60682,0,0,0,1,0
Q13507,0,0,0,0,1
P20930,0,0,1,0,0
Q9H9L3,1,0,0,0,0
Q8NGJ8,0,1,0,0,0
Q9Y6J6,0,0,0,0,1
P26640,1,0,0,0,0
Q05586,0,1,0,0,1
A8MPX8,1,0,0,0,0
P51532,1,0,0,0,0
P35408,0,1,0,0,0
P51531,1,0,0,0,0
Q7Z2H8,0,0,0,0,1
P08670,0,0,1,0,0
Q6IFG1,0,1,0,0,0
P49902,1,0,0,0,0
Q7Z6R9,0,0,0,1,0
P56856,0,0,1,0,0
P16885,1,0,0,0,0
Q9Y222,0,0,0,1,0
Q9H3J6,1,0,0,0,0
Q9H773,1,0,0,0,0
P86452,0,0,0,1,0
Q9NPC1,0,1,0,0,0
Q9BYV9,0,0,0,1,0
Q9H9S0,0,0,0,1,0
Q6NSW7,0,0,0,1,0
Q9ULX9,0,0,0,1,0
Q92900,1,0,0,0,0
Q96G79,0,0,0,0,1
Q92522,0,0,1,0,0
Q5VZR4,0,0,0,0,1
Q5SR56,0,0,0,0,1
Q8WXG9,1,1,0,0,0
P98088,0,0,1,0,0
Q9Y289,0,0,0,0,1
Q13459,1,0,0,0,0
O15218,0,1,0,0,0
Q8NH64,0,1,0,0,0
P10176,0,0,0,0,1
Q8N6T7,1,0,0,0,0
O95847,0,0,0,0,1
Q99732,0,0,0,1,0
Q96HN2,1,0,0,0,0
Q9H341,0,1,0,0,0
Q7Z3Y8,0,0,1,0,0
Q99525,0,0,1,0,0
Q8WVF1,0,0,0,0,1
P13645,0,0,1,0,0
Q16181,1,0,1,0,0
Q15631,1,0,0,0,0
Q9Y6Q3,0,0,0,1,0
Q8NI77,1,0,0,0,0
A6NIM6,0,0,0,0,1
O76027,0,1,0,0,0
Q495M3,0,0,0,0,1
Q9Y2R5,0,0,1,0,0
P28702,0,1,0,1,0
Q9Y4W2,1,0,0,0,0
P01920,0,1,0,0,0
P05538,0,1,0,0,0
Q70EL1,1,0,0,0,0
Q9NVI7,1,0,0,0,0
Q5T9A4,1,0,0,0,0
O60930,1,0,0,0,0
Q14527,1,0,0,0,0
Q6PEY0,0,0,0,0,1
P36383,0,0,0,0,1
O15235,0,0,1,0,0
P02679,0,0,1,0,0
Q9H2U1,1,0,0,0,0
Q6IFN5,0,1,0,0,0
Q8NGR2,0,1,0,0,0
Q96SK3,0,0,0,1,0
Q9NSB4,0,0,1,0,0
Q52LG2,0,0,1,0,0
Q8IUC0,0,0,1,0,0
P78413,0,0,0,1,0
Q9BZI1,0,0,0,1,0
P78411,0,0,0,1,0
Q16555,1,0,0,0,0
Q14195,1,0,0,0,0
Q14194,1,0,0,0,0
P23490,0,0,1,0,0
P22531,0,0,1,0,0
O76011,0,0,1,0,0
O76009,0,0,1,0,0
Q8NGG2,0,1,0,0,0
P07197,0,0,1,0,0
Q9NPI9,0,0,0,0,1
O94875,0,0,1,0,0
Q9HBR0,0,0,0,0,1
P53618,0,0,1,0,0
Q6P575,1,0,0,0,0
Q9BPV8,0,1,0,0,0
O00212,1,0,0,0,0
B7U540,0,0,0,0,1
Q14500,0,0,0,0,1
Q02846,0,1,0,0,0
Q99814,0,0,0,1,0
P48066,0,0,0,0,1
Q96RU2,1,0,0,0,0
P13682,0,0,0,1,0
P46100,1,0,0,0,0
O00358,0,0,0,1,0
Q76EJ3,0,0,0,0,1
Q8NHE4,0,0,0,0,1
P60484,1,0,0,0,0
O00507,1,0,0,0,0
P05412,0,0,0,1,0
Q14188,0,0,0,1,0
P78549,1,0,0,0,0
Q9UJ42,0,1,0,0,0
Q9GZU1,0,0,0,0,1
Q02447,0,0,0,1,0
Q8NEJ0,1,0,0,0,0
Q13003,0,1,0,0,1
Q13705,0,1,0,0,0
Q08708,0,1,0,0,0
Q96PE3,1,0,0,0,0
O15118,0,1,0,0,1
Q8N983,0,0,1,0,0
Q9NV35,1,0,0,0,0
Q9H596,1,0,0,0,0
P31271,0,0,0,1,0
Q5HYM0,1,0,0,0,0
P59998,0,0,1,0,0
O14939,1,0,0,0,0
Q93008,1,0,0,0,0
Q8WXS4,0,0,0,0,1
P35221,0,0,1,0,0
P08F94,0,1,0,0,0
Q8IUG1,0,0,1,0,0
P78385,0,0,1,0,0
Q14533,0,0,1,0,0
O43790,0,0,1,0,0
Q9NYD6,0,0,0,1,0
Q8N5J4,0,0,0,1,0
P0C6S8,0,1,0,0,0
P05141,0,0,0,0,1
P13533,1,0,0,0,0
Q16548,0,0,0,0,1
O00194,1,0,0,0,0
Q5D862,0,0,1,0,0
Q562R1,0,0,1,0,0
O75110,1,0,0,0,1
Q96KM6,0,0,0,1,0
P52746,0,0,0,1,0
Q3L8U1,1,0,0,0,0
P0DJR0,1,0,0,0,0
O00757,1,0,0,0,0
Q96E93,0,1,0,0,0
Q5VXU9,1,0,0,0,0
Q9P241,1,0,0,0,1
Q15311,0,0,0,0,1
P11168,0,0,0,0,1
Q8NGC0,0,1,0,0,0
Q8NGF9,0,1,0,0,0
P21283,0,0,0,0,1
O95180,0,0,0,0,1
Q9H1R2,1,0,0,0,0
P52566,1,0,0,0,0
Q14571,0,0,0,0,1
Q16280,0,0,0,0,1
P06401,0,1,0,1,0
P49768,1,0,0,0,1
P18848,0,0,0,1,0
P07305,0,0,1,0,0
Q9UH92,0,0,0,1,0
P12236,0,0,0,0,1
P17542,0,0,0,1,0
Q5MCW4,0,0,0,1,0
Q8NH61,0,1,0,0,0
P47900,0,1,0,0,0
P46782,0,0,1,0,0
P01111,1,0,0,0,0
P01116,1,0,0,0,0
P01112,1,0,0,0,0
Q96K75,0,0,0,1,0
Q6AW86,0,0,0,1,0
Q8TAE7,0,0,0,0,1
Q13349,0,1,0,0,0
Q14526,0,0,0,1,0
P25100,0,1,0,0,0
Q8TCC7,0,0,0,0,1
Q6ZNC4,0,0,0,1,0
O15091,1,0,0,0,0
Q8TE54,0,0,0,0,1
P49279,0,0,0,0,1
Q99519,1,0,0,0,0
Q8NGI8,0,1,0,0,0
Q9HDC5,0,0,1,0,0
P58304,0,0,0,1,0
Q06889,0,0,0,1,0
Q99437,0,0,0,0,1
Q13790,0,0,0,0,1
Q96S65,0,0,0,1,0
Q9Y5K5,1,0,0,0,0
Q9H2D1,0,0,0,0,1
Q9ULS6,0,0,0,0,1
Q96J94,1,0,0,0,0
Q9NZR4,0,0,0,1,0
Q86V25,1,0,0,0,0
Q8TEY7,1,0,0,0,0
O00370,1,0,0,0,0
Q96AX2,1,0,0,0,0
Q5FVE4,1,0,0,0,0
P56178,0,0,0,1,0
Q07687,0,0,0,1,0
O43909,0,1,0,0,0
O95139,0,0,0,0,1
Q9UBJ2,1,0,0,0,1
Q9H1K4,0,0,0,0,1
P00414,0,0,0,0,1
Q9Y566,0,0,1,0,0
Q8NFZ6,0,1,0,0,0
Q8TF27,1,0,0,0,0
P16871,0,1,0,0,0
Q8NGK1,0,1,0,0,0
Q96G74,1,0,0,0,0
O75916,1,0,0,0,0
P0DTU4,0,1,0,0,0
O76090,0,0,0,0,1
Q9H9J4,1,0,0,0,0
O75951,1,0,0,0,0
Q9BS31,0,0,0,1,0
Q9Y2C9,0,1,0,0,0
P07306,0,1,0,0,0
Q14590,0,0,0,1,0
A6NK53,0,0,0,1,0
P49863,1,1,0,0,0
P61927,0,0,1,0,0
P62854,0,0,1,0,0
Q5JNZ5,0,0,1,0,0
Q9BZP6,1,0,0,0,0
Q9UI12,0,0,0,0,1
Q96R48,0,1,0,0,0
Q06546,0,0,0,1,0
Q02386,0,0,0,1,0
P43003,0,0,0,0,1
Q13562,0,0,0,1,0
Q96IZ2,1,0,0,0,0
P56730,1,0,0,0,0
O14948,0,0,0,1,0
Q6GQQ9,1,0,0,0,0
Q75N90,0,0,1,0,0
P50148,1,0,0,0,0
P29992,1,0,0,0,0
Q8NH90,0,1,0,0,0
P08246,1,0,0,0,0
O60548,0,0,0,1,0
Q8NGK0,0,1,0,0,0
P37023,0,1,0,0,0
Q14980,0,0,1,0,0
P20309,1,1,0,0,0
P59901,0,1,0,0,0
Q9UIX4,0,0,0,0,1
O14628,0,0,0,1,0
Q9NPH3,1,1,0,0,0
P55042,1,0,0,0,0
P55040,1,0,0,0,0
O75628,1,0,0,0,0
P0C7T3,0,1,0,0,0
P53673,0,0,1,0,0
P34913,1,0,0,0,0
Q02388,0,0,1,0,0
Q96RC9,0,1,0,0,0
Q9UJU5,0,0,0,1,0
Q16676,0,0,0,1,0
O75023,0,1,0,0,0
Q8NGH7,0,1,0,0,0
P52741,0,0,0,1,0
Q86UY8,1,0,0,0,0
O95259,0,0,0,0,1
P25208,0,0,0,1,0
Q9NY43,0,0,0,1,0
Q9H6P5,1,0,0,0,0
Q8WZ84,0,1,0,0,0
P16220,0,0,0,1,0
P12318,0,1,0,0,0
Q03060,0,0,0,1,0
Q96QA5,0,0,0,0,1
Q2VY69,0,0,0,1,0
B0L3A2,0,1,0,0,0
Q9HCE3,0,0,0,1,0
P03915,0,0,0,0,1
O60481,0,0,0,1,0
Q9UK11,0,0,0,1,0
Q00056,0,0,0,1,0
P03372,0,1,0,1,0
P56177,0,0,0,1,0
P08575,1,1,0,0,0
Q8NH63,0,1,0,0,0
Q5T442,0,0,0,0,1
P23634,1,0,0,0,1
Q8NGZ2,0,1,0,0,0
Q96JW4,0,0,0,0,1
O14626,0,1,0,0,0
Q9GZN0,0,1,0,0,0
P46778,0,0,1,0,0
Q8NH01,0,1,0,0,0
Q6PI73,0,1,0,0,0
O75022,0,1,0,0,0
P17025,0,0,0,1,0
Q9NY64,0,0,0,0,1
P11230,0,1,0,0,1
P52742,0,0,0,1,0
Q8N6C8,0,1,0,0,0
Q8N149,0,1,0,0,0
Q8NHL6,0,1,0,0,0
Q8N423,0,1,0,0,0
O75019,0,1,0,0,0
Q9HB89,0,1,0,0,0
P33316,1,0,0,0,0
Q9UIF7,1,0,0,0,0
P00156,0,0,0,0,1
P10828,0,1,0,1,0
Q8TDU6,0,1,0,0,0
Q3C1V9,1,0,0,0,0
Q14213,0,1,0,0,0
Q8NCK7,0,0,0,0,1
Q9Y4Z2,0,0,0,1,0
Q9Y653,0,1,0,0,0
Q8N441,0,1,0,0,0
Q9NPB8,1,0,0,0,0
P51686,0,1,0,0,0
Q9NZI5,0,0,0,1,0
Q96MC6,0,0,0,0,1
Q9BWQ8,0,0,0,0,1
P0C7N5,0,1,0,0,0
A0AV02,0,0,0,0,1
O15403,0,0,0,0,1
A0A0K2S4Q6,0,1,0,0,0
Q9UQC9,1,0,0,0,1
Q9UJT0,0,0,1,0,0
Q9NP59,0,0,0,0,1
Q8NER5,0,1,0,0,0
Q6P4A8,1,0,0,0,0
Q7RTY3,1,0,0,0,0
P31327,1,0,0,0,0
Q16559,0,0,0,1,0
O95221,0,1,0,0,0
Q96J66,1,0,0,0,1
P20160,1,0,0,0,0
Q5FYA8,1,0,0,0,0
Q9Y6C5,0,1,0,0,0
P20702,0,1,0,0,0
Q8IUN9,0,1,0,0,0
P11277,0,0,1,0,0
P26232,0,0,1,0,0
Q15723,0,0,0,1,0
P45381,1,0,0,0,0
Q6A162,0,0,1,0,0
Q9P212,1,0,0,0,0
Q14390,1,0,0,0,0
B5MD39,1,0,0,0,0
Q9BX51,1,0,0,0,0
Q9UMR7,0,1,0,0,0
P41238,1,0,0,0,0
Q9NQR4,1,0,0,0,0
O76014,0,0,1,0,0
Q68J44,1,0,0,0,0
Q9HBX9,0,1,0,0,0
Q03167,0,1,0,0,0
Q15399,0,1,0,0,0
P52954,0,0,0,1,0
Q9UJA9,1,0,0,0,0
Q03154,1,0,0,0,0
Q92988,0,0,0,1,0
Q99717,0,0,0,1,0
Q9NPJ3,1,0,0,0,0
Q969N4,0,1,0,0,0
Q32MZ4,0,0,0,1,0
Q5BKX5,1,0,0,0,0
P49116,0,1,0,1,0
Q9Y5S1,0,0,0,0,1
Q70EL3,1,0,0,0,0
Q96LB4,1,0,0,0,1
Q3ZCX4,0,0,0,1,0
Q9H808,0,0,1,0,0
P29074,1,0,0,0,0
P51149,1,0,0,0,0
P26045,1,0,0,0,0
Q06124,1,0,0,0,0
P61020,1,0,0,0,0
Q8NGN2,0,1,0,0,0
Q14532,0,0,1,0,0
Q13873,0,1,0,0,0
P06865,1,0,0,0,0
Q92766,0,0,0,1,0
P54821,0,0,0,1,0
O76015,0,0,1,0,0
Q96P66,0,1,0,0,0
Q9UBN7,1,0,0,0,0
P78508,0,0,0,0,1
P08727,0,0,1,0,0
Q9P0L1,0,0,0,1,0
Q8TEZ7,0,1,0,1,0
Q9H4T2,0,0,0,1,0
Q12968,0,0,0,1,0
Q5T1S8,0,0,1,0,0
P08779,0,0,1,0,0
P02533,0,0,1,0,0
Q12947,0,0,0,1,0
P11171,0,0,1,0,0
O95786,1,1,0,0,0
Q9Y2J2,0,0,1,0,0
Q9H4G0,0,0,1,0,0
O43491,0,0,1,0,0
Q9UPG8,0,0,0,1,0
Q9NXE4,1,0,0,0,0
P59538,0,1,0,0,0
Q9NZL3,0,0,0,1,0
Q9UIE0,0,0,0,1,0
Q12901,0,0,0,1,0
Q14588,0,0,0,1,0
Q8NH54,0,1,0,0,0
Q8NGX8,0,1,0,0,0
Q07617,1,0,0,0,0
Q96RT1,0,0,1,0,0
P23760,0,0,0,1,0
P20393,0,1,0,1,0
Q9UK10,0,0,0,1,0
P16112,0,0,1,0,0
P49411,1,0,0,0,0
Q15125,1,0,0,0,0
O60675,0,0,0,1,0
O60476,1,0,0,0,0
O15525,0,0,0,1,0
Q8WZ42,0,0,1,0,0
O43820,1,0,0,0,0
O95497,1,0,0,0,0
P10826,0,1,0,1,0
Q99808,0,0,0,0,1
Q04695,0,0,1,0,0
P51677,0,1,0,0,0
P31276,0,0,0,1,0
P48546,0,1,0,0,0
Q9UN37,1,0,0,0,0
P19012,0,0,1,0,0
Q01082,0,0,1,0,0
Q8IW92,1,0,0,0,0
P16389,0,0,0,0,1
Q9UJ71,0,1,0,0,0
Q9UHP3,1,0,0,0,0
Q96RY5,0,0,0,1,0
Q09470,0,0,0,0,1
Q8NAP3,0,0,0,1,0
P98198,1,0,0,0,1
Q9H903,1,0,0,0,0
Q9Y519,0,0,0,0,1
P62068,1,0,0,0,0
Q8NFU0,0,0,0,0,1
Q8N1M1,0,0,0,0,1
Q8NFU1,0,0,0,0,1
Q9HBL0,1,0,0,0,0
Q3MIR4,0,0,0,0,1
Q9UIL4,1,0,0,0,0
Q8WUD1,1,0,0,0,0
O75882,0,1,0,0,0
P62888,0,0,1,0,0
P40939,1,0,0,0,0
Q15758,0,1,0,0,1
P58335,0,1,0,0,0
Q5TAT6,0,0,1,0,0
P0CG39,0,0,1,0,0
P0CG38,0,0,1,0,0
Q15149,0,0,1,0,0
Q9BR84,0,0,0,1,0
Q9Y4G6,0,0,1,0,0
Q9Y490,0,0,1,0,0
Q9HAT2,1,0,0,0,0
Q9H239,1,0,0,0,0
O75508,0,0,1,0,0
Q8NH49,0,1,0,0,0
Q86WA6,1,0,0,0,0
P56381,1,0,0,0,1
Q5VTU8,1,0,0,0,1
Q86UW8,0,0,1,0,0
O00222,0,1,0,0,0
Q7Z3S7,0,0,0,0,1
P01911,0,0,1,0,0
P79483,0,1,0,0,0
Q8IZF5,0,1,0,0,0
P05413,0,0,0,0,1
A6NGQ2,0,0,1,0,0
Q04771,0,1,0,0,0
Q9UIH9,0,0,0,1,0
Q96A47,0,0,0,1,0
Q6UVM3,0,0,0,0,1
O95600,0,0,0,1,0
Q9HD36,0,0,0,0,1
O95279,0,0,0,0,1
Q9UM01,0,0,0,0,1
Q07869,0,1,0,1,0
Q9Y5K6,0,0,1,0,0
Q8NHB8,0,1,0,0,0
Q8TAT5,1,0,0,0,0
O75185,1,0,0,0,1
O00167,1,0,0,0,0
P10323,1,0,0,0,0
Q15760,0,1,0,0,0
Q9BQ31,0,0,0,0,1
Q9NZ08,1,0,0,0,0
P35348,0,1,0,0,0
Q6IF36,0,1,0,0,0
Q9BYC9,0,0,1,0,0
Q9NYK1,0,1,0,0,0
Q15375,0,1,0,0,0
P50914,0,0,1,0,0
O95343,0,0,0,1,0
Q9BZJ6,0,1,0,0,0
Q8IZP9,0,1,0,0,0
Q96PS8,0,0,0,0,1
Q9BUJ0,1,0,0,0,0
Q9H3G5,1,0,0,0,0
Q9GZP7,0,1,0,0,0
Q96J65,1,0,0,0,1
P55851,0,0,0,0,1
Q99795,0,1,0,0,0
P55916,0,0,0,0,1
Q13255,0,1,0,0,0
Q8NHP8,1,0,0,0,0
Q15388,0,0,0,0,1
Q96QE3,1,0,0,0,0
Q9HC21,0,0,0,0,1
Q8NBU5,1,0,0,0,1
P48742,0,0,0,1,0
A4D1E9,1,0,0,0,0
Q9Y6R6,0,0,0,1,0
O75290,0,0,0,1,0
Q9BYT9,0,0,0,0,1
Q9Y3D3,0,0,1,0,0
P09086,0,0,0,1,0
P23468,1,1,0,0,0
Q9NUQ7,1,0,0,0,0
Q8NGA2,0,1,0,0,0
Q9HCJ1,0,0,0,0,1
Q16558,0,0,0,0,1
Q9BW83,1,0,0,0,0
Q9BRY0,0,0,0,0,1
Q9P0U1,0,0,0,0,1
Q13823,1,0,0,0,0
Q6ZMV9,1,0,0,0,0
Q8N2C7,0,0,0,0,1
O43236,1,0,1,0,0
P61011,1,0,0,0,0
A8MPY1,0,1,0,0,1
P32927,0,1,0,0,0
Q15583,0,0,0,1,0
Q8NGF1,0,1,0,0,0
Q93091,1,0,0,0,0
O95671,1,0,0,0,0
Q68EN5,1,0,0,0,0
P49682,0,1,0,0,0
P49281,0,0,0,0,1
P48739,0,0,0,0,1
Q00169,0,0,0,0,1
P41594,0,1,0,0,0
O14672,1,0,0,0,0
O15072,1,0,0,0,0
P98095,0,0,1,0,0
P26951,0,1,0,0,0
P09131,0,0,0,0,1
Q7Z2Z2,1,0,0,0,0
Q8NGY0,0,1,0,0,0
Q8NGI1,0,1,0,0,0
A6NJY1,0,0,0,0,1
P19634,0,0,0,0,1
Q8TF71,0,0,0,0,1
Q6SZW1,1,0,0,0,0
Q9NY59,1,0,0,0,0
Q13283,1,0,0,0,0
P28562,1,0,0,0,0
P03950,1,0,0,0,0
Q6ZTB9,0,0,0,1,0
P05090,0,0,0,0,1
Q96RI1,0,1,0,1,0
Q9P0V8,0,1,0,0,0
P09016,0,0,0,1,0
P51793,0,0,0,0,1
Q9UPI3,0,0,0,0,1
Q13936,0,0,0,0,1
Q6UXT6,0,1,0,0,0
P13639,1,0,0,0,0
Q9UKI9,0,0,0,1,0
O75438,0,0,0,0,1
P28335,0,1,0,0,0
Q9UGF5,0,1,0,0,0
Q96RI9,0,1,0,0,0
Q9GZK4,0,1,0,0,0
O95918,0,1,0,0,0
Q13563,0,0,0,0,1
P32245,0,1,0,0,0
Q9ULI0,1,0,0,0,0
P83881,0,0,1,0,0
Q969Q0,0,0,1,0,0
Q92835,1,0,0,0,0
P49747,0,0,1,0,0
Q8WTT0,0,1,0,0,0
P50406,0,1,0,0,0
Q8N8Z6,0,1,0,0,0
Q96K76,1,0,0,0,0
P23352,0,0,1,0,0
O00341,0,0,0,0,1
Q9NYM4,0,1,0,0,0
P10153,1,0,0,0,0
P12724,1,0,0,0,0
Q13093,1,0,0,0,0
P56385,0,0,0,0,1
Q9Y493,0,0,1,0,0
Q8WTP8,1,0,0,0,0
P41440,0,0,0,0,1
Q8TD20,0,0,0,0,1
P35236,1,0,0,0,0
O14520,0,0,0,0,1
A0A075B734,0,0,0,0,1
O60502,1,0,0,0,0
O43526,0,0,0,0,1
Q02641,0,0,0,0,1
Q14831,0,1,0,0,0
P35716,0,0,0,1,0
O15370,0,0,0,1,0
Q06945,0,0,0,1,0
Q08289,0,0,0,0,1
P49207,0,0,1,0,0
Q96JT2,0,0,0,0,1
Q6W4X9,0,0,1,0,0
Q9NVV9,0,0,0,1,0
O00519,1,0,0,0,0
Q9BY50,1,0,0,0,0
Q9UBN1,0,0,0,0,1
Q9GZZ7,0,1,0,0,0
Q00975,0,0,0,0,1
Q969H6,1,0,0,0,0
Q8IX15,0,0,0,1,0
Q8WTR4,1,0,0,0,0
Q9UHF7,0,0,0,1,0
Q9UPY5,0,0,0,0,1
P25942,0,1,0,0,0
Q695T7,0,0,0,0,1
P62244,0,0,1,0,0
P25311,0,0,0,0,1
O60609,0,1,0,0,0
O15335,0,1,0,0,0
Q6ZMS4,0,0,0,1,0
Q5EB52,1,0,0,0,0
P13010,1,0,0,0,0
Q13231,1,0,0,0,0
P29350,1,1,0,0,0
P18621,0,0,1,0,0
Q6PEW0,1,0,0,0,0
P48169,0,1,0,0,1
Q8NH95,0,1,0,0,0
P0DN81,0,1,0,0,0
Q96BR6,0,0,0,1,0
Q96JB3,0,0,0,1,0
Q8NBI2,0,0,0,0,1
Q6ZMP0,1,0,0,0,0
P78330,1,0,0,0,0
P20823,0,0,0,1,0
P35680,0,0,0,1,0
O15353,0,0,0,1,0
Q8N2M4,1,0,0,0,0
P08709,1,0,0,0,0
Q674R7,0,0,0,0,1
Q9UPT9,1,0,0,0,0
O95490,0,1,0,0,0
Q8TE49,1,0,0,0,0
Q96S79,1,0,0,0,0
Q6TGC4,0,0,1,0,0
Q9HBG4,0,0,0,0,1
P55735,0,0,1,0,0
P43657,0,1,0,0,0
P21802,0,1,0,0,0
P17948,0,1,0,0,0
Q86TJ5,0,0,0,1,0
Q96R69,0,1,0,0,0
Q8NH21,0,1,0,0,0
Q8NGA8,0,1,0,0,0
Q96PL2,0,0,1,0,0
A4D2B8,1,0,0,0,0
Q13115,1,0,0,0,0
P29372,1,0,0,0,0
P61567,0,0,1,0,0
P61566,0,0,1,0,0
O42043,0,0,1,0,0
Q9BYE0,0,0,0,1,0
O95498,1,0,0,0,0
Q9NP58,1,0,0,0,1
P32004,0,1,0,0,0
A5A3E0,0,0,1,0,0
Q6S8J3,0,0,1,0,0
Q16775,1,0,0,0,0
Q6PL18,1,0,0,0,0
Q9UHY7,1,0,0,0,0
Q8TD43,0,0,0,0,1
P20591,1,0,0,0,0
Q9GZN4,1,0,0,0,0
P17861,0,0,0,1,0
Q96R27,0,1,0,0,0
O60381,0,0,0,1,0
H7C241,0,0,1,0,0
P35410,0,1,0,0,0
Q6ZP29,0,0,0,0,1
Q99538,1,0,0,0,0
P14207,0,1,0,0,0
P35590,0,1,0,0,0
P0DSN6,0,1,0,0,0
Q9BQ52,1,0,0,0,0
Q9Y615,0,0,1,0,0
Q86UQ0,0,0,0,1,0
P09668,1,1,0,0,0
P09871,1,0,0,0,0
Q5VUY0,1,0,0,0,0
P20151,1,0,0,0,0
P18627,0,1,0,0,0
P30301,0,0,1,0,1
P41181,0,0,0,0,1
O15239,0,0,0,0,1
Q92637,0,1,0,0,0
P12314,0,1,0,0,0
P06870,1,0,0,0,0
P28472,0,1,0,0,1
P48764,0,0,0,0,1
P43235,1,0,0,0,0
Q96SM3,1,0,0,0,0
Q96RI0,0,1,0,0,0
A8MQ11,1,0,0,0,0
O43933,1,0,0,0,1
Q12889,1,0,0,0,0
Q6V1X1,1,0,0,0,0
A6NEC2,1,0,0,0,0
P55786,1,0,0,0,0
Q8IWL2,0,0,0,0,1
P07099,1,0,0,0,0
P38570,0,1,0,0,0
Q6NX45,0,0,0,1,0
Q96D53,1,0,0,0,0
Q9H2R5,1,0,0,0,0
P07098,1,0,0,0,0
Q496F6,0,1,0,0,0
Q12836,0,0,1,0,0
P00736,1,0,0,0,0
Q9UKY3,1,0,0,0,0
A8K4G0,0,1,0,0,0
Q9UGN4,0,1,0,0,0
P23141,1,0,0,0,0
Q9NZ94,0,1,0,0,0
Q6UXZ3,0,1,0,0,0
O60384,0,0,0,1,0
Q9NZC3,1,0,0,0,0
Q92847,0,1,0,0,0
Q04609,1,0,0,0,0
O95479,1,0,0,0,0
Q2UY09,0,0,1,0,0
Q9NQS5,0,1,0,0,0
Q16740,1,0,0,0,0
Q9UKR3,1,0,0,0,0
Q6BAA4,0,1,0,0,0
Q08722,0,1,0,0,0
P21810,0,0,1,0,0
P21731,0,1,0,0,0
Q9Y5P1,0,1,0,0,0
Q6PEZ8,0,0,1,0,0
Q9HAR2,0,1,0,0,0
O43869,0,1,0,0,0
Q8NHA4,0,1,0,0,0
Q5VXJ0,1,0,0,0,0
P08637,0,1,0,0,0
O75015,0,1,0,0,0
P04070,1,0,0,0,0
P07858,1,0,0,0,0
Q9BXX0,0,0,1,0,0
Q5JRX3,1,0,0,0,0
Q9GZM7,0,0,1,0,0
Q969Y2,1,0,0,0,0
Q9NX20,0,0,1,0,0
Q6L8Q7,1,0,0,0,0
O60313,1,0,0,0,0
Q9UKV3,1,0,0,0,0
O15442,1,0,0,0,0
Q99965,1,0,0,0,0
P47870,0,1,0,0,1
Q9Y2G3,1,0,0,0,1
Q96CH1,0,1,0,0,0
Q96KA5,0,0,0,0,1
P16444,1,0,0,0,0
Q7Z6M3,0,1,0,0,0
P53420,0,0,1,0,0
Q9HB29,1,1,0,0,0
P11362,0,1,0,0,0
Q9BUB4,1,0,0,0,0
Q9UJW2,1,0,0,0,0
Q8N442,1,0,0,0,0
Q9NX77,0,0,1,0,0
P18505,0,1,0,0,1
P59510,1,0,0,0,0
Q96RR1,1,0,0,0,0
P07288,1,0,0,0,0
Q8NCQ7,1,0,0,0,0
Q07092,0,0,1,0,0
Q9Y5P0,0,1,0,0,0
Q86YJ6,1,0,0,0,0
Q96AC6,1,0,0,0,0
Q9UHN6,1,0,0,0,0
Q9BYR8,0,0,1,0,0
P30876,1,0,0,0,0
Q9NST1,1,0,0,0,0
P54284,0,0,0,0,1
Q96JS3,0,0,0,1,0
P0DW85,0,0,1,0,0
Q96N20,0,0,0,1,0
Q02153,0,1,0,0,0
P48443,0,1,0,1,0
Q5JT82,0,0,0,1,0
Q8IUD2,0,0,1,0,0
O15083,0,0,1,0,0
O14627,0,0,0,1,0
O95947,0,0,0,1,0
Q9UQE7,1,0,0,0,0
Q9NZD1,0,1,0,0,0
Q99453,0,0,0,1,0
Q17R60,0,0,1,0,0
Q9NZV1,0,1,0,0,0
Q9BXC0,0,1,0,0,0
P48431,0,0,0,1,0
P32418,0,0,0,0,1
Q13303,0,0,0,0,1
A1Z1Q3,1,0,0,0,0
P15408,0,0,0,1,0
Q9NZV7,0,0,0,1,0
P58400,0,1,0,0,0
Q9BWX5,0,0,0,1,0
P43694,0,0,0,1,0
Q8NGV5,0,1,0,0,0
Q86T26,1,0,0,0,0
P83111,1,0,0,0,0
O60235,1,0,0,0,0
Q96T54,0,0,0,0,1
Q12934,0,0,1,0,0
Q8IUM7,0,0,0,1,0
Q9HC62,1,0,0,0,0
P55344,0,0,1,0,0
P23415,0,1,0,0,1
Q9UKV8,1,0,0,0,0
Q9H1Y3,0,1,0,0,0
Q8WTR2,1,0,0,0,0
O00570,0,0,0,1,0
Q12857,0,0,0,1,0
Q14938,0,0,0,1,0
P08651,0,0,0,1,0
Q13795,1,0,0,0,0
Q6U7Q0,0,0,0,1,0
Q7RTX9,0,0,0,0,1
P47902,0,0,0,1,0
Q8NGB2,0,1,0,0,0
Q99626,0,0,0,1,0
Q8TAK6,0,0,0,1,0
O14548,0,0,0,0,1
P63136,1,0,0,0,0
Q9WJR5,1,0,0,0,0
P63133,1,0,0,0,0
P63132,1,0,0,0,0
Q9BXR3,1,0,0,0,0
P63135,1,0,1,0,0
Q9UQG0,1,0,0,0,0
P10266,1,0,0,0,0
Q9QC07,1,0,0,0,0
P63124,1,0,0,0,0
P63122,1,0,0,0,0
P10265,1,0,0,0,0
P63127,1,0,0,0,0
P63120,1,0,0,0,0
P63129,1,0,0,0,0
P63121,1,0,0,0,0
P63131,1,0,0,0,0
Q9Y6I0,1,0,0,0,0
P63119,1,0,0,0,0
P63125,1,0,0,0,0
P63123,1,0,0,0,0
